reviewer_row_id,paper_id,title,dataset_name,n_subjects,n_sessions,eeg_channels,sampling_rate_hz,emotion_model,class_labels,class_balance,preproc_in_cv,model_family,adaptation_method,target_data_used,target_labels_used,subject_independent,split_type,n_folds,cross_setting,train_val_test_separation,model_selection_strategy,metric,result_mean,result_sd,result_ci,per_subject_reported,statistical_test,mean_or_best,protocol_category,leakage_categories,risk_rating,risk_evidence,ambiguity_notes,include_meta,primary_result,verification_status,source_checked,reviewer_source_location,reviewer_notes,author_protocol_label,author_protocol_label_location,verified_protocol_from_methods,verified_protocol_evidence_location,protocol_label_match,protocol_mismatch_type,verified_subject_disjoint,target_access_verified,protocol_audit_decision,reviewer_protocol_confidence
HME-0001,EEG-0001,Exploring EEG Features in Cross-Subject Emotion Recognition,SEED,15,3,62,200 (downsampled),discrete/categorical,negative/neutral/positive (3),balanced,unclear,SVM + automatic feature selection (L1-norm),none (feature engineering; not DA),none,no,yes,leave-one-subject-out (LOSO),,cross-subject,subject-disjoint,unclear,accuracy (AUC also reported),83.33,not reported (single value; AUC 0.904),,no,none reported,mean,cross-subject LOSO (inductive),none,low,"LOSO subject-disjoint, no target access; realistic (SEED 83.33, DEAP 59.06). Foundational 2018 baseline.",,yes,yes,verified,full-text,Abstract/Results (SEED 83.33 AUC 0.904; DEAP 59.06 AUC 0.605),Foundational (Li et al 2018 Frontiers). SEED LOSO 83.33% (AUC 0.904). Also cross-subject manual-selection 64.82%.,cross-subject,Abstract,LOSO subject-independent (inductive),Abstract 'leave-one-subject-out verification strategy',match,,yes,none,pool-with-cross-subject,high
HME-0002,EEG-0001,Exploring EEG Features in Cross-Subject Emotion Recognition,DEAP,32,1,32,128 (downsampled),dimensional,binary (valence/arousal),,unclear,SVM + automatic feature selection (L1-norm),none (feature engineering; not DA),none,no,yes,leave-one-subject-out (LOSO),,cross-subject,subject-disjoint,unclear,accuracy (AUC also reported),59.06,not reported (single value; AUC 0.605),,no,none reported,mean,cross-subject LOSO (inductive),none,low,"LOSO subject-disjoint, no target access; realistic (SEED 83.33, DEAP 59.06). Foundational 2018 baseline.",,yes,no,verified,full-text,Abstract/Results (SEED 83.33 AUC 0.904; DEAP 59.06 AUC 0.605),DEAP LOSO 59.06% (AUC 0.605).,cross-subject,Abstract,LOSO subject-independent (inductive),Abstract 'leave-one-subject-out verification strategy',match,,yes,none,pool-with-cross-subject,high
HME-0003,EEG-0002,EEG-Based Emotion Recognition Using Regularized Graph Neural Networks,SEED,15,3,62,200 (downsampled),discrete/categorical,negative/neutral/positive (3),balanced (per SEED design),unclear (released DE features; normalization boundary not specified),graph neural network (RGNN),node-wise domain adversarial training (NodeDAT) + EmotionDL,unlabeled-target (transductive; NodeDAT aligns source/target),no,yes,cross-subject subject-independent (follows prior-work settings [12][13][16]),unclear (subject-level holdout),cross-subject,subject-disjoint train/test; validation split not specified,unclear,accuracy,85.30,6.72,,no,none reported,mean,cross-subject transductive domain adaptation,none,low,subject-independent; NodeDAT uses only UNLABELED target (disclosed transductive DA); plausible accuracy,,yes,yes,verified,full-text,Table 3 (subject-independent mean/std); Sec 5.2.2,"RGNN SI results (full model, Table 3 ablation baseline row).",subject-independent,Abstract; Sec 5.2.2,subject-independent cross-subject with unlabeled target used (transductive DA),Sec 5.2.2; NodeDAT description Sec 4,match,,yes,unlabeled-target-data,pool-with-cross-subject,high
HME-0004,EEG-0002,EEG-Based Emotion Recognition Using Regularized Graph Neural Networks,SEED-IV,15,3,62,200 (downsampled),discrete/categorical,happy/sad/fear/neutral (4),balanced (per SEED design),unclear (released DE features; normalization boundary not specified),graph neural network (RGNN),node-wise domain adversarial training (NodeDAT) + EmotionDL,unlabeled-target (transductive; NodeDAT aligns source/target),no,yes,cross-subject subject-independent (follows prior-work settings [12][13][16]),unclear (subject-level holdout),cross-subject,subject-disjoint train/test; validation split not specified,unclear,accuracy,73.84,8.02,,no,none reported,mean,cross-subject transductive domain adaptation,none,low,subject-independent; NodeDAT uses only UNLABELED target (disclosed transductive DA); plausible accuracy,,yes,no,verified,full-text,Table 3 (subject-independent mean/std); Sec 5.2.2,"RGNN SI results (full model, Table 3 ablation baseline row).",subject-independent,Abstract; Sec 5.2.2,subject-independent cross-subject with unlabeled target used (transductive DA),Sec 5.2.2; NodeDAT description Sec 4,match,,yes,unlabeled-target-data,pool-with-cross-subject,high
HME-0005,EEG-0003,Personalizing EEG-Based Affective Models with Transfer Learning,SEED,15,3,62,200 (downsampled),discrete/categorical,negative/neutral/positive (3),balanced,unclear,transfer learning (TCA/KPCA/T-SVM/TPT),transductive transfer (TPT best); no target labels,unlabeled-target (transductive),no,yes,"cross-subject (transductive, leave-subjects-out)",15,cross-subject,subject-disjoint,unclear,accuracy,76.31,15.89,,no,none reported,best (TPT of 5 methods),cross-subject transductive DA,none,low,"Foundational Zheng&Lu 2016. Transductive TL, no target labels. TPT SEED 76.31/15.89 (generic baseline 56.73).",,yes,yes,verified,full-text,Table 1 (TPT 76.31/15.89; T-SVM 72.53/14.00; generic 56.73),"FOUNDATIONAL (Zheng & Lu, IJCAI 2016). SEED transductive TPT 76.31/15.89 (best of TCA 63.64/KPCA 61.28/T-SVM 72.53/TPT 76.31). Generic classifier 56.73.",cross-subject / transfer learning,Abstract,cross-subject transductive TL (unlabeled target; TPT),"Sec 'transductive setup, without any labeled samples from target subjects'",match,,yes,unlabeled-target-data,pool-with-cross-subject,high
HME-0006,EEG-0004,Plug-and-Play Domain Adaptation for Cross-Subject EEG-based Emotion Recognition,SEED,15,3,62,200 (downsampled),discrete/categorical,negative/neutral/positive (3),balanced,unclear,"plug-and-play domain adaptation (PPDA, shared+private encoders)",few UNLABELED target calibration (<1 min); private-component modeling,unlabeled-target (transductive),no,yes,cross-subject (few unlabeled target calibration),15,cross-subject,subject-disjoint,unclear,accuracy,86.7,7.1,,no,none reported,mean,cross-subject transductive DA,none,low,Foundational Zhao AAAI 2021. Uses a FEW UNLABELED target samples for calibration (not labels); SEED ~86.7/7.1.,Between DA and DG: calibrates with few UNLABELED target data. std ~0.071.,yes,yes,verified,full-text,"Results (PPDA SEED ~86.7%, std ~0.071)","FOUNDATIONAL (Zhao/Yan/Lu, AAAI 2021, PPDA). SEED ~86.7/7.1 with <1-min calibration (few UNLABELED target).",cross-subject,Abstract,"cross-subject with few unlabeled target calibration (transductive, no target labels)",Abstract 'few unlabeled EEG data from incoming target subjects',match,,yes,unlabeled-target-data,pool-with-cross-subject,high
HME-0007,EEG-0005,EEG Emotion Recognition Using Dynamical Graph Convolutional Neural Networks,SEED,15,3,62,200 (downsampled),discrete/categorical,negative/neutral/positive (3),balanced,unclear (released DE features),graph neural network (DGCNN),none,none,no,yes,leave-one-subject-out (LOSO),15,cross-subject,subject-disjoint (14 train / 1 test),unclear,accuracy,79.95,9.02,,no,none reported,mean,cross-subject LOSO (inductive),none,low,"explicit LOSO subject-disjoint, no target access; realistic 79.95%",,yes,yes,verified,full-text,Table 3; Sec 4.2.2 (LOSO),DGCNN SEED subject-independent LOSO all-band DE = 79.95/9.02. DREAMER results in paper are subject-dependent (V/A/D).,subject-independent (LOSO cross-validation),Sec 4.2.2; Abstract,LOSO (leave-one-subject-out),Sec 4.2.2 'EEG data of 14 subjects are used for training',match,,yes,none,pool-with-cross-subject,high
HME-0008,EEG-0005,EEG Emotion Recognition Using Dynamical Graph Convolutional Neural Networks,SEED,15,3,62,200 (downsampled),discrete/categorical,negative/neutral/positive (3),balanced,unclear,graph neural network (DGCNN),none,none,no,no,subject-dependent (within-subject: 9 train / 6 test trials per subject),,within-subject,within-subject trial split,unclear,accuracy,90.40,8.49,,no,none reported,mean,subject-dependent,not-applicable (within-subject),n/a (not cross-subject),subject-dependent SEED result; not a cross-subject estimate,,no,no,verified,full-text,Table 2; Sec 4.2.1,"Subject-dependent SEED 90.40/8.49; included only as SD reference, excluded from cross-subject meta.",subject-dependent,Sec 4.2.1,subject-dependent (within-subject),Sec 4.2.1,match,,no,not-applicable,exclude-from-cross-subject-meta,high
HME-0009,EEG-0006,MS-MDA: Multisource Marginal Distribution Adaptation for Cross-Subject and Cross-Session EEG Emotion Recognition,SEED,15,3,62,200 (downsampled),discrete/categorical,negative/neutral/positive (3),balanced,unclear,"multisource marginal distribution adaptation (MS-MDA, multi-branch)",multi-source marginal distribution DA (per-source branches),unlabeled-target (transductive),no,yes,cross-subject (LOO),15,cross-subject,subject-disjoint,unclear,accuracy,89.63,6.79,,no,none reported,mean,cross-subject transductive DA,none,low,Foundational MS-MDA (2021). Transductive multi-source; SEED 89.63/6.79.,,yes,yes,verified,full-text,"Results table (MS-MDA cross-subject SEED 89.63/6.79, SEED-IV 59.34/5.48)",FOUNDATIONAL MS-MDA. SEED cross-subject 89.63/6.79 (cross-session 88.56/7.80).,cross-subject,Abstract,cross-subject transductive multi-source DA (unlabeled target),Results table (MS-MDA(Ours) cross-subject column),match,,yes,unlabeled-target-data,pool-with-cross-subject,high
HME-0010,EEG-0006,MS-MDA: Multisource Marginal Distribution Adaptation for Cross-Subject and Cross-Session EEG Emotion Recognition,SEED-IV,15,3,62,200 (downsampled),discrete/categorical,happy/sad/fear/neutral (4),balanced,unclear,"multisource marginal distribution adaptation (MS-MDA, multi-branch)",multi-source marginal distribution DA (per-source branches),unlabeled-target (transductive),no,yes,cross-subject (LOO),15,cross-subject,subject-disjoint,unclear,accuracy,59.34,5.48,,no,none reported,mean,cross-subject transductive DA,none,low,Foundational MS-MDA (2021). Transductive multi-source; SEED 89.63/6.79.,,yes,no,verified,full-text,"Results table (MS-MDA cross-subject SEED 89.63/6.79, SEED-IV 59.34/5.48)",MS-MDA SEED-IV cross-subject 59.34/5.48 (cross-session 61.43/15.71).,cross-subject,Abstract,cross-subject transductive multi-source DA (unlabeled target),Results table (MS-MDA(Ours) cross-subject column),match,,yes,unlabeled-target-data,pool-with-cross-subject,high
HME-0011,EEG-0007,A Bi-Hemisphere Domain Adversarial Neural Network Model for EEG Emotion Recognition,SEED,15,3,62,200 (downsampled),discrete/categorical,negative/neutral/positive (3),balanced,unclear (released DE features),bi-hemisphere domain adversarial NN,domain-adversarial (global+local discriminators; BiDANN-S adds subject discriminator),unlabeled-target (transductive),no,yes,leave-one-subject-out (LOSO),15,cross-subject,subject-disjoint (LOSO),unclear,accuracy,84.14,6.87,,no,paired t-test (vs baselines),mean,cross-subject transductive domain adaptation (LOSO),none,low,LOSO subject-disjoint; unlabeled target used adversarially (disclosed); plausible ~84%,,yes,yes,verified,full-text,"Table 5 (subject-independent LOSO, all-band)","BiDANN-S (with subject discriminator) SEED SI-LOSO all-band = 84.14/6.87. Conventional/subject-dependent BiDANN = 92.38/7.04 (Table 2, excluded).",subject-independent / cross-subject,Sec 4/5 (BiDANN-S),LOSO subject-independent with unlabeled target (transductive DA),Sec 5 'leave-one-subject-out (LOSO)',match,,yes,unlabeled-target-data,pool-with-cross-subject,high
HME-0012,EEG-0007,A Bi-Hemisphere Domain Adversarial Neural Network Model for EEG Emotion Recognition,SEED,15,3,62,200 (downsampled),discrete/categorical,negative/neutral/positive (3),balanced,unclear (released DE features),bi-hemisphere domain adversarial NN,domain-adversarial (global+local discriminators; BiDANN-S adds subject discriminator),unlabeled-target (transductive),no,yes,leave-one-subject-out (LOSO),15,cross-subject,subject-disjoint (LOSO),unclear,accuracy,83.28,9.60,,no,paired t-test (vs baselines),mean,cross-subject transductive domain adaptation (LOSO),none,low,LOSO subject-disjoint; unlabeled target used adversarially (disclosed); plausible ~84%,,yes,no,verified,full-text,"Table 5 (subject-independent LOSO, all-band)",BiDANN base model SEED SI-LOSO all-band = 83.28/9.60.,subject-independent / cross-subject,Sec 4/5 (BiDANN-S),LOSO subject-independent with unlabeled target (transductive DA),Sec 5 'leave-one-subject-out (LOSO)',match,,yes,unlabeled-target-data,pool-with-cross-subject,high
HME-0013,EEG-0008,A Novel Bi-hemispheric Discrepancy Model (BiHDM) for EEG Emotion Recognition,SEED,15,3,62,200 (downsampled from 1000),discrete/categorical,negative/neutral/positive (3),balanced,unclear (released features),bi-hemispheric discrepancy model (directed RNNs + pairwise),domain-adversarial discriminator,unlabeled-target (transductive),no,yes,leave-one-subject-out (LOSO),15,cross-subject,subject-disjoint (LOSO),unclear,accuracy,93.12,"not verified (Table I columnar, not text-extractable)",,no,paired t-test vs BiDANN,mean,cross-subject transductive domain adaptation (LOSO),none,low,explicit LOSO subject-disjoint; unlabeled target used (disclosed); plausible accuracy,result_sd present in Table I but not machine-readable; retrieve for meta weighting.,yes,yes,verified,full-text,Table I; Sec IV (LOSO). result_sd not text-extractable from columnar Table I,"BiHDM full model SEED=93.12 (also MPED=40.34, not extracted as separate row).",cross-subject (subject-independent),Abstract; Sec IV,LOSO subject-independent with unlabeled target (transductive DA),Sec IV 'leave-one-subject-out (LOSO)',match,,yes,unlabeled-target-data,pool-with-cross-subject,high
HME-0014,EEG-0008,A Novel Bi-hemispheric Discrepancy Model (BiHDM) for EEG Emotion Recognition,SEED-IV,15,3,62,200 (downsampled from 1000),discrete/categorical,happy/sad/fear/neutral (4),balanced,unclear (released features),bi-hemispheric discrepancy model (directed RNNs + pairwise),domain-adversarial discriminator,unlabeled-target (transductive),no,yes,leave-one-subject-out (LOSO),15,cross-subject,subject-disjoint (LOSO),unclear,accuracy,74.35,"not verified (Table I columnar, not text-extractable)",,no,paired t-test vs BiDANN,mean,cross-subject transductive domain adaptation (LOSO),none,low,explicit LOSO subject-disjoint; unlabeled target used (disclosed); plausible accuracy,result_sd not machine-readable from Table I.,yes,no,verified,full-text,Table I; Sec IV (LOSO). result_sd not text-extractable from columnar Table I,BiHDM full model SEED-IV=74.35.,cross-subject (subject-independent),Abstract; Sec IV,LOSO subject-independent with unlabeled target (transductive DA),Sec IV 'leave-one-subject-out (LOSO)',match,,yes,unlabeled-target-data,pool-with-cross-subject,high
HME-0015,EEG-0014,Cross-Subject EEG Emotion Recognition With Self-Organized Graph Neural Network,SEED,15,3,62,200 (downsampled),discrete/categorical,negative/neutral/positive (3),balanced,unclear,self-organized graph neural network (SOGNN),"none (self-organized GNN; LOSO, not DA)",none,no,yes,leave-one-subject-out (LOSO),15,cross-subject,subject-disjoint,unclear,accuracy,86.81,5.79,,no,none reported,mean,cross-subject LOSO (inductive),none,low,"LOSO subject-disjoint, no target access; SEED 86.81/5.79.",,yes,yes,verified,full-text,"Results (SOGNN SEED 86.81/5.79, SEED-IV 75.27/8.19)",SOGNN SEED LOSO 86.81/5.79.,cross-subject,Abstract,LOSO subject-independent (inductive),Abstract 'leave-one-subject-out experiments',match,,yes,none,pool-with-cross-subject,high
HME-0016,EEG-0014,Cross-Subject EEG Emotion Recognition With Self-Organized Graph Neural Network,SEED-IV,15,3,62,200 (downsampled),discrete/categorical,happy/sad/fear/neutral (4),balanced,unclear,self-organized graph neural network (SOGNN),"none (self-organized GNN; LOSO, not DA)",none,no,yes,leave-one-subject-out (LOSO),15,cross-subject,subject-disjoint,unclear,accuracy,75.27,8.19,,no,none reported,mean,cross-subject LOSO (inductive),none,low,"LOSO subject-disjoint, no target access; SEED 86.81/5.79.",,yes,no,verified,full-text,"Results (SOGNN SEED 86.81/5.79, SEED-IV 75.27/8.19)",SOGNN SEED-IV LOSO 75.27/8.19.,cross-subject,Abstract,LOSO subject-independent (inductive),Abstract 'leave-one-subject-out experiments',match,,yes,none,pool-with-cross-subject,high
HME-0017,EEG-0015,EmT: A Novel Transformer for Generalized Cross-subject EEG Emotion Recognition,SEED,15,3,62,200 (downsampled),discrete/categorical,negative/neutral/positive (3),balanced,unclear (rPSD features),transformer (EmT; RMPG + temporal contextual),none (domain generalization),none,no,yes,generalized cross-subject (leave-subjects-out; no target access),unclear,cross-subject (domain generalization),subject-disjoint; no target data in training,architecture variant selected (EmT-D best for SEED),accuracy,80.2,11.5,,no,none reported,mean (best variant EmT-D),domain generalization (inductive cross-subject),none,low,"domain generalization, no target access; realistic 80.2%",,yes,yes,verified,"full-text (Table II, p.10388 visual read)","Table II (SEED ACC 0.802/0.115), p.10388",EmT-D best on SEED (0.802 ACC/0.115). Also THU-EP (EmT-B 0.595) & FACED (EmT-B 0.608) classification; MAHNOB-HCI regression. Reported as ACC fraction; =80.2%.,generalized cross-subject,Title; Abstract; Sec III,"domain generalization (inductive cross-subject, no target access)",Sec III/IV; Table II 'Generalized Emotion Classification',match,,yes,none,pool-with-cross-subject,high
HME-0018,EEG-0016,EEGFuseNet: Hybrid Unsupervised Deep Feature Characterization and Fusion for High-Dimensional EEG with An Application to Emotion Recognition,SEED,15,3,62,200 (downsampled),discrete/categorical,negative/neutral/positive (3),balanced,LOSO used explicitly to avoid information leaking (authors' statement),unsupervised deep (conv-recurrent GAN) + hypergraph decoding,unsupervised feature learning (no labels in feature training),none (unsupervised; LOSO evaluation),no,yes,leave-one-subject-out (LOOCV),15,cross-subject,subject-disjoint (LOSO),unclear,"accuracy (Pacc), 3-class",59.06,not reported (single value),,no,none reported,mean,cross-subject LOSO (unsupervised),none,low,explicit LOSO 'to avoid information leaking'; low unsupervised accuracy (59.06%) is plausible,,yes,yes,verified,full-text,Sec IV (SEED 3-class 59.06%); Table (DEAP Pacc); Sec 'Experiment Protocols',Unsupervised. SEED 3-class Pacc=59.06% (chosen primary). DEAP Pacc: valence 60.64/arousal 62.06/dominance 67.08/liking 74.63 (per-dimension binary).,subject-independent (LOOCV),Sec 'Experiment Protocols',LOSO subject-independent (unsupervised),Sec IV.B 'leave-one-subject-out cross-validation ... avoid information leaking',match,,yes,none,pool-with-cross-subject,high
HME-0019,EEG-0017,MTLFuseNet: A novel emotion recognition model based on deep latent feature fusion of EEG signals and multi-task learning,DEAP,32,1,32,128 (downsampled),dimensional,valence (binary),,unclear,VAE + GCN + GRU multi-task fusion (MTLFuseNet),"none (multi-task fusion; LOSO, not DA)",none,no,yes,leave-one-subject-out (LOSO),,cross-subject,subject-disjoint,unclear,accuracy,71.33,5.24,,no,none reported,mean,cross-subject subject-independent (inductive),none,low,"LOSO subject-disjoint, no target; realistic DEAP ~71-73%, DREAMER ~80-83%.",,yes,yes,verified,full-text,Results (MTLFuseNet: DEAP val 71.33/5.24 aro 73.28; DREAMER val 80.43/8.01 aro 83.33),MTLFuseNet DEAP valence LOSO 71.33/5.24.,subject-independent,Abstract,LOSO subject-independent (inductive),Abstract 'subject-independent leave-one-subject-out cross-validation',match,,yes,none,pool-with-cross-subject,high
HME-0020,EEG-0017,MTLFuseNet: A novel emotion recognition model based on deep latent feature fusion of EEG signals and multi-task learning,DEAP,32,1,32,128 (downsampled),dimensional,arousal (binary),,unclear,VAE + GCN + GRU multi-task fusion (MTLFuseNet),"none (multi-task fusion; LOSO, not DA)",none,no,yes,leave-one-subject-out (LOSO),,cross-subject,subject-disjoint,unclear,accuracy,73.28,not verified,,no,none reported,mean,cross-subject subject-independent (inductive),none,low,"LOSO subject-disjoint, no target; realistic DEAP ~71-73%, DREAMER ~80-83%.",,yes,no,verified,full-text,Results (MTLFuseNet: DEAP val 71.33/5.24 aro 73.28; DREAMER val 80.43/8.01 aro 83.33),MTLFuseNet DEAP arousal LOSO 73.28.,subject-independent,Abstract,LOSO subject-independent (inductive),Abstract 'subject-independent leave-one-subject-out cross-validation',match,,yes,none,pool-with-cross-subject,high
HME-0021,EEG-0017,MTLFuseNet: A novel emotion recognition model based on deep latent feature fusion of EEG signals and multi-task learning,DREAMER,23,1,14,128,dimensional,valence (binary),,unclear,VAE + GCN + GRU multi-task fusion (MTLFuseNet),"none (multi-task fusion; LOSO, not DA)",none,no,yes,leave-one-subject-out (LOSO),,cross-subject,subject-disjoint,unclear,accuracy,80.43,8.01,,no,none reported,mean,cross-subject subject-independent (inductive),none,low,"LOSO subject-disjoint, no target; realistic DEAP ~71-73%, DREAMER ~80-83%.",,yes,no,verified,full-text,Results (MTLFuseNet: DEAP val 71.33/5.24 aro 73.28; DREAMER val 80.43/8.01 aro 83.33),MTLFuseNet DREAMER valence LOSO 80.43/8.01.,subject-independent,Abstract,LOSO subject-independent (inductive),Abstract 'subject-independent leave-one-subject-out cross-validation',match,,yes,none,pool-with-cross-subject,high
HME-0022,EEG-0017,MTLFuseNet: A novel emotion recognition model based on deep latent feature fusion of EEG signals and multi-task learning,DREAMER,23,1,14,128,dimensional,arousal (binary),,unclear,VAE + GCN + GRU multi-task fusion (MTLFuseNet),"none (multi-task fusion; LOSO, not DA)",none,no,yes,leave-one-subject-out (LOSO),,cross-subject,subject-disjoint,unclear,accuracy,83.33,not verified,,no,none reported,mean,cross-subject subject-independent (inductive),none,low,"LOSO subject-disjoint, no target; realistic DEAP ~71-73%, DREAMER ~80-83%.",,yes,no,verified,full-text,Results (MTLFuseNet: DEAP val 71.33/5.24 aro 73.28; DREAMER val 80.43/8.01 aro 83.33),MTLFuseNet DREAMER arousal LOSO 83.33.,subject-independent,Abstract,LOSO subject-independent (inductive),Abstract 'subject-independent leave-one-subject-out cross-validation',match,,yes,none,pool-with-cross-subject,high
HME-0023,EEG-0024,EEGMatch: Learning with Incomplete Labels for Semi-Supervised EEG-based Cross-Subject Emotion Recognition,SEED,15,3,62,200 (downsampled),discrete/categorical,negative/neutral/positive (3),balanced,unclear,semi-supervised transfer (EEGMatch: EEG-Mixup + prototype pairwise + domain adaptation),semi-supervised domain adaptation (labeled+unlabeled source; unlabeled target),unlabeled-target (transductive),no,yes,"leave-one-subject-out (LOSO), semi-supervised (incomplete source labels)",,cross-subject,subject-disjoint (LOSO),unclear,accuracy (mean over incomplete-label N conditions),91.35,7.03,,no,none reported,mean (averaged across N label conditions),"cross-subject LOSO, semi-supervised (partial source labels)",none,low,LOSO subject-disjoint; target unlabeled; 'incomplete labels' are in source not target,"Reported accuracy is averaged over incomplete-label conditions (N), not a single canonical LOSO run.",yes,yes,verified,full-text,"Results (SEED 91.35/07.03 avg N=3,6,9,12; SEED-IV 65.53/08.31)",SEED-V also reported (62.75/09.02); rows limited to SEED & SEED-IV.,semi-supervised cross-subject (LOSO),Abstract; Experiments,"LOSO cross-subject, semi-supervised (unlabeled target; partial source labels)",Abstract 'cross-subject leave-one-subject-out cross-validation',match,,yes,unlabeled-target-data,pool-with-cross-subject,high
HME-0024,EEG-0024,EEGMatch: Learning with Incomplete Labels for Semi-Supervised EEG-based Cross-Subject Emotion Recognition,SEED-IV,15,3,62,200 (downsampled),discrete/categorical,happy/sad/fear/neutral (4),balanced,unclear,semi-supervised transfer (EEGMatch: EEG-Mixup + prototype pairwise + domain adaptation),semi-supervised domain adaptation (labeled+unlabeled source; unlabeled target),unlabeled-target (transductive),no,yes,"leave-one-subject-out (LOSO), semi-supervised (incomplete source labels)",,cross-subject,subject-disjoint (LOSO),unclear,accuracy (mean over incomplete-label N conditions),65.53,8.31,,no,none reported,mean (averaged across N label conditions),"cross-subject LOSO, semi-supervised (partial source labels)",none,low,LOSO subject-disjoint; target unlabeled; 'incomplete labels' are in source not target,"Reported accuracy is averaged over incomplete-label conditions (N), not a single canonical LOSO run.",yes,no,verified,full-text,"Results (SEED 91.35/07.03 avg N=3,6,9,12; SEED-IV 65.53/08.31)",,semi-supervised cross-subject (LOSO),Abstract; Experiments,"LOSO cross-subject, semi-supervised (unlabeled target; partial source labels)",Abstract 'cross-subject leave-one-subject-out cross-validation',match,,yes,unlabeled-target-data,pool-with-cross-subject,high
HME-0025,EEG-0042,PR-PL: A Novel Transfer Learning Framework with Prototypical Representation based Pairwise Learning for EEG-Based Emotion Recognition,SEED,15,3,62,200 (downsampled),discrete/categorical,negative/neutral/positive (3),balanced,unclear,prototypical representation + pairwise learning (PR-PL),transfer learning: feature alignment + adaptive pseudo-labeling on target,unlabeled-target (transductive; pseudo-labels),no,yes,cross-subject (paper reports 4 different CV protocols),varies by protocol,cross-subject,subject-disjoint; target data (unlabeled) seen in training,unclear,accuracy,93.18,6.55,,no,none reported,mean,cross-subject transductive domain adaptation,none,moderate,Multiple protocols reported (SEED range ~85.6-94.8); 'which is primary' ambiguity; transductive target use disclosed,"Paper reports FOUR cross-validation protocols. SEED values seen: 85.56/4.78, 93.06/5.12, 93.18/6.55, 94.84/9.16; SEED-IV: 74.62/14.15, 74.92/7.92, 83.33/10.61. Chosen 93.18/74.62 as commonly-cited; PRIMARY-NUMBER AMBIGUITY.",yes,yes,verified,full-text,Abstract & results (multiple protocol tables),PR-PL. NOTE: EEG-0042 (arXiv preprint) and EEG-0340 (TAFFC journal) appear to be the SAME work -> double-counting risk.,cross-subject / transfer learning,Title; Abstract,cross-subject transductive DA (unlabeled target + pseudo-labels); 4 CV protocols,Abstract 'four different cross-validation evaluation protocols',partial-match,metric-selection-or-best-run-reporting,yes,unlabeled-target-data,needs-adjudication,moderate
HME-0026,EEG-0042,PR-PL: A Novel Transfer Learning Framework with Prototypical Representation based Pairwise Learning for EEG-Based Emotion Recognition,SEED-IV,15,3,62,200 (downsampled),discrete/categorical,happy/sad/fear/neutral (4),balanced,unclear,prototypical representation + pairwise learning (PR-PL),transfer learning: feature alignment + adaptive pseudo-labeling on target,unlabeled-target (transductive; pseudo-labels),no,yes,cross-subject (paper reports 4 different CV protocols),varies by protocol,cross-subject,subject-disjoint; target data (unlabeled) seen in training,unclear,accuracy,74.62,14.15,,no,none reported,mean,cross-subject transductive domain adaptation,none,moderate,Multiple protocols reported (SEED range ~85.6-94.8); 'which is primary' ambiguity; transductive target use disclosed,"Paper reports FOUR cross-validation protocols. SEED values seen: 85.56/4.78, 93.06/5.12, 93.18/6.55, 94.84/9.16; SEED-IV: 74.62/14.15, 74.92/7.92, 83.33/10.61. Chosen 93.18/74.62 as commonly-cited; PRIMARY-NUMBER AMBIGUITY.",yes,no,verified,full-text,Abstract & results (multiple protocol tables),Same work as EEG-0340 (double-counting risk).,cross-subject / transfer learning,Title; Abstract,cross-subject transductive DA (unlabeled target + pseudo-labels); 4 CV protocols,Abstract 'four different cross-validation evaluation protocols',partial-match,metric-selection-or-best-run-reporting,yes,unlabeled-target-data,needs-adjudication,moderate
HME-0027,EEG-0054,Calibration free meta learning based approach for subject independent EEG emotion recognition,DEAP,32,1,32,128 (downsampled),dimensional,valence (binary),,unclear,"few-shot meta-learning (Raw EEG + 3D CNN, episodic)","episodic meta-learning; zero-calibration (Setup II uses SI reference samples, no target)",none,no,yes,"subject-independent (zero-calibration, Setup II)",,cross-subject,subject-disjoint,unclear,accuracy,69.92,not reported,,no,none reported,mean,cross-subject subject-independent (inductive),none,low,Zero-calibration Setup II = subject-independent (reference samples from OTHER subjects). DEAP val 69.92/aro 68.89.,"Setup II (zero-calibration, SI): val 69.92 (+2.02), aro 68.89 (+0.61). Setup I (uses same-subject reference samples): val 76.46, aro 75.81.",yes,yes,verified,full-text,"Results (Proposed Setup II: DEAP val 69.92, aro 68.89)",Calibration-free meta-learning DEAP valence zero-calibration (Setup II) 69.92. Setup I (same-subject refs) 76.46.,subject-independent,Abstract,subject-independent zero-calibration (Setup II; no target samples),Table (Proposed Test Setup II),match,,yes,none,pool-with-cross-subject,moderate
HME-0028,EEG-0054,Calibration free meta learning based approach for subject independent EEG emotion recognition,DEAP,32,1,32,128 (downsampled),dimensional,arousal (binary),,unclear,"few-shot meta-learning (Raw EEG + 3D CNN, episodic)","episodic meta-learning; zero-calibration (Setup II uses SI reference samples, no target)",none,no,yes,"subject-independent (zero-calibration, Setup II)",,cross-subject,subject-disjoint,unclear,accuracy,68.89,not reported,,no,none reported,mean,cross-subject subject-independent (inductive),none,low,Zero-calibration Setup II = subject-independent (reference samples from OTHER subjects). DEAP val 69.92/aro 68.89.,"Setup II (zero-calibration, SI): val 69.92 (+2.02), aro 68.89 (+0.61). Setup I (uses same-subject reference samples): val 76.46, aro 75.81.",yes,no,verified,full-text,"Results (Proposed Setup II: DEAP val 69.92, aro 68.89)",Calibration-free DEAP arousal Setup II 68.89. Setup I 75.81.,subject-independent,Abstract,subject-independent zero-calibration (Setup II; no target samples),Table (Proposed Test Setup II),match,,yes,none,pool-with-cross-subject,moderate
HME-0029,EEG-0053,Cross-dataset EEG emotion recognition based on pre-trained Vision Transformer considering emotional sensitivity diversity,SEED,15,3,62,200 (downsampled),discrete/categorical,negative/neutral/positive (3),balanced,unclear,pre-trained encoder from sensitive data + Vision Transformer (PESD),"transfer learning (Mixup + Triplet + domain discriminator), cross-DATASET",unlabeled-target (transductive),no,yes,"cross-dataset (train one dataset, test another)",,cross-dataset,subject-disjoint,unclear,accuracy,93.14,not verified,,no,none reported,mean,cross-dataset transductive DA,none,moderate,"CROSS-DATASET protocol (not standard cross-subject LOSO). Highest acc SEED 93.14, SEED-IV 83.18, DEAP 93.53(HIGH), FACED 92.55.",Cross-DATASET (not cross-subject). DEAP cross-dataset 93.53% is HIGH; verify. include_meta pending (protocol differs from cross-subject pool).,yes,yes,verified,full-text,"Abstract (highest: SEED 93.14, SEED-IV 83.18, DEAP 93.53, FACED 92.55)","PESD CROSS-DATASET SEED 93.14 (not cross-subject LOSO). DEAP cross-dataset 93.53 (HIGH), FACED 92.55.",cross-subject,Abstract,cross-dataset transductive DA (domain discriminator + pre-training),Abstract 'cross-dataset ... four datasets',match,,yes,unlabeled-target-data,"needs-adjudication (cross-dataset, not cross-subject)",moderate
HME-0030,EEG-0053,Cross-dataset EEG emotion recognition based on pre-trained Vision Transformer considering emotional sensitivity diversity,SEED-IV,15,3,62,200 (downsampled),discrete/categorical,happy/sad/fear/neutral (4),balanced,unclear,pre-trained encoder from sensitive data + Vision Transformer (PESD),"transfer learning (Mixup + Triplet + domain discriminator), cross-DATASET",unlabeled-target (transductive),no,yes,"cross-dataset (train one dataset, test another)",,cross-dataset,subject-disjoint,unclear,accuracy,83.18,not verified,,no,none reported,mean,cross-dataset transductive DA,none,moderate,"CROSS-DATASET protocol (not standard cross-subject LOSO). Highest acc SEED 93.14, SEED-IV 83.18, DEAP 93.53(HIGH), FACED 92.55.",Cross-DATASET (not cross-subject). DEAP cross-dataset 93.53% is HIGH; verify. include_meta pending (protocol differs from cross-subject pool).,yes,no,verified,full-text,"Abstract (highest: SEED 93.14, SEED-IV 83.18, DEAP 93.53, FACED 92.55)",PESD CROSS-DATASET SEED-IV 83.18.,cross-subject,Abstract,cross-dataset transductive DA (domain discriminator + pre-training),Abstract 'cross-dataset ... four datasets',match,,yes,unlabeled-target-data,"needs-adjudication (cross-dataset, not cross-subject)",moderate
HME-0031,EEG-0020,Contrastive Learning of Subject-Invariant EEG Representations for Cross-Subject Emotion Recognition,SEED,15,3,62,200 (downsampled),discrete/categorical,negative/neutral/positive (3),balanced,unclear,contrastive CNN (CLISA) + DE + classifier,contrastive inter-subject alignment (CLISA); no target data in training,none,no,yes,leave-one-subject-out (LOSO),15,cross-subject,subject-disjoint (LOSO),cross-validation for hyperparams,accuracy,86.4,6.4,,no,paired t-test,mean,"cross-subject LOSO (contrastive representation, inductive)",none,low,LOSO subject-disjoint; contrastive alignment on source subjects only (no target access); plausible 86.4%,,yes,yes,verified,full-text,"Sec 5 (SEED 86.4/6.4, Table 5); Sec 4 protocol","CLISA. SEED 3-class LOSO 86.4/6.4 (primary). THU-EP binary 71.9/8.8, 9-class 45.7/11.8 (10-fold). SEED generalizability(new stimuli) 77.4/13.4.",cross-subject (subject-invariant),Title; Abstract,"LOSO cross-subject, contrastive (no target access)",Methods 'leave-one-subject-out cross-validation for the SEED dataset',match,,yes,none,pool-with-cross-subject,high
HME-0032,EEG-0009,SDC-Net: A Domain Adaptation Framework with Semantic-Dynamic Consistency for Cross-Subject EEG Emotion Recognition,SEED,15,3,62,200 (downsampled),discrete/categorical,negative/neutral/positive (3),balanced,unclear,semantic-dynamic consistency DA network (SDC-Net),unsupervised DA (RKHS alignment + confidence pseudo-labels + same-subject-same-trial mixup),unlabeled-target (transductive),no,yes,single-session leave-one-subject-out (LOSO),15,cross-subject,subject-disjoint,unclear,accuracy,91.85,5.98,,no,none reported,mean,cross-subject transductive DA,none,low,"Label-free UDA, LOSO. Mixup is WITHIN same subject+trial (not leakage). SEED 91.85/5.98.","Main cross-subject SEED 91.85/5.98; a stricter protocol (Table IV) gives SEED 82.22/4.68, SEED-IV 68.84/8.05.",yes,yes,verified,full-text,"Results (SDC-Net SEED 91.85/5.98, SEED-IV 74.88/10.47)",SDC-Net SEED UDA 91.85/5.98 (2025 arXiv preprint). FACED-2 75.2/8.46.,cross-subject,Abstract,"LOSO cross-subject, transductive UDA (unlabeled target + pseudo-labels)",Results (single-session LOSO); 'fully label-free',match,,yes,unlabeled-target-data,pool-with-cross-subject,high
HME-0033,EEG-0009,SDC-Net: A Domain Adaptation Framework with Semantic-Dynamic Consistency for Cross-Subject EEG Emotion Recognition,SEED-IV,15,3,62,200 (downsampled),discrete/categorical,happy/sad/fear/neutral (4),balanced,unclear,semantic-dynamic consistency DA network (SDC-Net),unsupervised DA (RKHS alignment + confidence pseudo-labels + same-subject-same-trial mixup),unlabeled-target (transductive),no,yes,single-session leave-one-subject-out (LOSO),15,cross-subject,subject-disjoint,unclear,accuracy,74.88,10.47,,no,none reported,mean,cross-subject transductive DA,none,low,"Label-free UDA, LOSO. Mixup is WITHIN same subject+trial (not leakage). SEED 91.85/5.98.","Main cross-subject SEED 91.85/5.98; a stricter protocol (Table IV) gives SEED 82.22/4.68, SEED-IV 68.84/8.05.",yes,no,verified,full-text,"Results (SDC-Net SEED 91.85/5.98, SEED-IV 74.88/10.47)",SDC-Net SEED-IV UDA 74.88/10.47.,cross-subject,Abstract,"LOSO cross-subject, transductive UDA (unlabeled target + pseudo-labels)",Results (single-session LOSO); 'fully label-free',match,,yes,unlabeled-target-data,pool-with-cross-subject,high
HME-0038,EEG-0010,HEDN: A Hard-Easy Dual Network with Source Reliability Assessment for Cross-Subject EEG Emotion Recognition,SEED,15,3,62,200 (downsampled),discrete/categorical,negative/neutral/positive (3),balanced,unclear,"hard-easy dual network + source reliability assessment (HEDN, MSDA)",reliability-aware multi-source DA (prototype pseudo-labels + adversarial),unlabeled-target (transductive),no,yes,cross-subject (single-session LOSO),15,cross-subject,subject-disjoint,unclear,accuracy,94.00,7.05,,no,none reported,mean,cross-subject transductive DA,none,moderate,NEAR-CEILING SEED 94.00% - among highest in corpus; 2025 arXiv preprint; transductive MSDA + pseudo-labels.,"SEED 94.00/7.05, SEED-IV 79.36/9.62. Parenthesized cross-session-like (96.39/05.26). Cross-dataset SEED->SEED-IV 69.69%.",yes,yes,verified,full-text,"Results (HEDN SEED 94.00/7.05, SEED-IV 79.36/9.62; DEAP val 73.07/5.01 aro 73.20/8.97)",HEDN SEED 94.00/7.05 - NEAR-CEILING flag (2025 arXiv preprint).,cross-subject,Abstract,cross-subject transductive multi-source DA (unlabeled target + pseudo-labels),Results table (HEDN(Ours)),match,,yes,unlabeled-target-data,pool-with-cross-subject,high
HME-0039,EEG-0010,HEDN: A Hard-Easy Dual Network with Source Reliability Assessment for Cross-Subject EEG Emotion Recognition,SEED-IV,15,3,62,200 (downsampled),discrete/categorical,happy/sad/fear/neutral (4),balanced,unclear,"hard-easy dual network + source reliability assessment (HEDN, MSDA)",reliability-aware multi-source DA (prototype pseudo-labels + adversarial),unlabeled-target (transductive),no,yes,cross-subject (single-session LOSO),15,cross-subject,subject-disjoint,unclear,accuracy,79.36,9.62,,no,none reported,mean,cross-subject transductive DA,none,moderate,NEAR-CEILING SEED 94.00% - among highest in corpus; 2025 arXiv preprint; transductive MSDA + pseudo-labels.,"SEED 94.00/7.05, SEED-IV 79.36/9.62. Parenthesized cross-session-like (96.39/05.26). Cross-dataset SEED->SEED-IV 69.69%.",yes,no,verified,full-text,"Results (HEDN SEED 94.00/7.05, SEED-IV 79.36/9.62; DEAP val 73.07/5.01 aro 73.20/8.97)",HEDN SEED-IV 79.36/9.62.,cross-subject,Abstract,cross-subject transductive multi-source DA (unlabeled target + pseudo-labels),Results table (HEDN(Ours)),match,,yes,unlabeled-target-data,pool-with-cross-subject,high
HME-0040,EEG-0010,HEDN: A Hard-Easy Dual Network with Source Reliability Assessment for Cross-Subject EEG Emotion Recognition,DEAP,32,1,32,128 (downsampled),dimensional,valence (binary),,unclear,"hard-easy dual network + source reliability assessment (HEDN, MSDA)",reliability-aware multi-source DA (prototype pseudo-labels + adversarial),unlabeled-target (transductive),no,yes,cross-subject (single-session LOSO),15,cross-subject,subject-disjoint,unclear,accuracy,73.07,5.01,,no,none reported,mean,cross-subject transductive DA,none,moderate,NEAR-CEILING SEED 94.00% - among highest in corpus; 2025 arXiv preprint; transductive MSDA + pseudo-labels.,"SEED 94.00/7.05, SEED-IV 79.36/9.62. Parenthesized cross-session-like (96.39/05.26). Cross-dataset SEED->SEED-IV 69.69%.",yes,no,verified,full-text,"Results (HEDN SEED 94.00/7.05, SEED-IV 79.36/9.62; DEAP val 73.07/5.01 aro 73.20/8.97)",HEDN DEAP valence 73.07/5.01.,cross-subject,Abstract,cross-subject transductive multi-source DA (unlabeled target + pseudo-labels),Results table (HEDN(Ours)),match,,yes,unlabeled-target-data,pool-with-cross-subject,high
HME-0041,EEG-0010,HEDN: A Hard-Easy Dual Network with Source Reliability Assessment for Cross-Subject EEG Emotion Recognition,DEAP,32,1,32,128 (downsampled),dimensional,arousal (binary),,unclear,"hard-easy dual network + source reliability assessment (HEDN, MSDA)",reliability-aware multi-source DA (prototype pseudo-labels + adversarial),unlabeled-target (transductive),no,yes,cross-subject (single-session LOSO),15,cross-subject,subject-disjoint,unclear,accuracy,73.20,8.97,,no,none reported,mean,cross-subject transductive DA,none,moderate,NEAR-CEILING SEED 94.00% - among highest in corpus; 2025 arXiv preprint; transductive MSDA + pseudo-labels.,"SEED 94.00/7.05, SEED-IV 79.36/9.62. Parenthesized cross-session-like (96.39/05.26). Cross-dataset SEED->SEED-IV 69.69%.",yes,no,verified,full-text,"Results (HEDN SEED 94.00/7.05, SEED-IV 79.36/9.62; DEAP val 73.07/5.01 aro 73.20/8.97)",HEDN DEAP arousal 73.20/8.97. Cross-dataset 69.69%.,cross-subject,Abstract,cross-subject transductive multi-source DA (unlabeled target + pseudo-labels),Results table (HEDN(Ours)),match,,yes,unlabeled-target-data,pool-with-cross-subject,high
HME-0042,EEG-0043,DAMSDAN: Distribution-Aware Multi-Source Domain Adaptation Network for Cross-Domain EEG Emotion Recognition,SEED,15,3,62,200 (downsampled),discrete/categorical,negative/neutral/positive (3),balanced,unclear,distribution-aware multi-source DA (DAMSDAN),prototype constraints + adversarial + MMD source weighting + dual pseudo-labels,unlabeled-target (transductive),no,yes,cross-subject (multi-source),15,cross-subject,subject-disjoint,unclear,accuracy,94.86,4.87,,no,none reported,mean,cross-subject transductive DA,none,moderate,NEAR-CEILING SEED 94.86%; 2025 arXiv preprint; transductive MSDA + pseudo-labels.,SEED 94.86/4.87; SEED-IV cross-subject 79.78 (abstract) vs 82.48/8.02 (results table). FACED 82.88/7.77.,yes,yes,verified,full-text,"Results (DAMSDAN SEED 94.86/4.87, SEED-IV 79.78, FACED 82.88/7.77)",DAMSDAN SEED 94.86/4.87 - NEAR-CEILING (2025 arXiv).,cross-subject,Abstract,cross-subject transductive multi-source DA (unlabeled target + pseudo-labels),Results Tables II-IV,match,,yes,unlabeled-target-data,pool-with-cross-subject,high
HME-0043,EEG-0043,DAMSDAN: Distribution-Aware Multi-Source Domain Adaptation Network for Cross-Domain EEG Emotion Recognition,SEED-IV,15,3,62,200 (downsampled),discrete/categorical,happy/sad/fear/neutral (4),balanced,unclear,distribution-aware multi-source DA (DAMSDAN),prototype constraints + adversarial + MMD source weighting + dual pseudo-labels,unlabeled-target (transductive),no,yes,cross-subject (multi-source),15,cross-subject,subject-disjoint,unclear,accuracy,79.78,not verified (abstract; results-table 82.48/8.02),,no,none reported,mean,cross-subject transductive DA,none,moderate,NEAR-CEILING SEED 94.86%; 2025 arXiv preprint; transductive MSDA + pseudo-labels.,SEED 94.86/4.87; SEED-IV cross-subject 79.78 (abstract) vs 82.48/8.02 (results table). FACED 82.88/7.77.,yes,no,verified,full-text,"Results (DAMSDAN SEED 94.86/4.87, SEED-IV 79.78, FACED 82.88/7.77)",DAMSDAN SEED-IV 79.78 (abstract) / 82.48 (results).,cross-subject,Abstract,cross-subject transductive multi-source DA (unlabeled target + pseudo-labels),Results Tables II-IV,match,,yes,unlabeled-target-data,pool-with-cross-subject,high
HME-0044,EEG-0043,DAMSDAN: Distribution-Aware Multi-Source Domain Adaptation Network for Cross-Domain EEG Emotion Recognition,FACED,123,1,32,250 (downsampled),discrete/categorical,9-class,,unclear,distribution-aware multi-source DA (DAMSDAN),prototype constraints + adversarial + MMD source weighting + dual pseudo-labels,unlabeled-target (transductive),no,yes,cross-subject (multi-source),15,cross-subject,subject-disjoint,unclear,accuracy,82.88,7.77,,no,none reported,mean,cross-subject transductive DA,none,moderate,NEAR-CEILING SEED 94.86%; 2025 arXiv preprint; transductive MSDA + pseudo-labels.,SEED 94.86/4.87; SEED-IV cross-subject 79.78 (abstract) vs 82.48/8.02 (results table). FACED 82.88/7.77.,yes,no,verified,full-text,"Results (DAMSDAN SEED 94.86/4.87, SEED-IV 79.78, FACED 82.88/7.77)",DAMSDAN FACED 82.88/7.77.,cross-subject,Abstract,cross-subject transductive multi-source DA (unlabeled target + pseudo-labels),Results Tables II-IV,match,,yes,unlabeled-target-data,pool-with-cross-subject,high
HME-0045,EEG-0035,DAGAM: A Domain Adversarial Graph Attention Model for Subject Independent EEG-Based Emotion Recognition,SEED,15,3,62,200 (downsampled),discrete/categorical,negative/neutral/positive (3),balanced,unclear,domain adversarial graph attention model (DAGAM),graph self-attention pooling + domain adversarial (DANN-style),unlabeled-target (transductive),no,yes,leave-one-subject-out (LOOCV),15,cross-subject,subject-disjoint,unclear,accuracy,92.59,3.21,,no,none reported,mean,cross-subject transductive DA,none,low,Transductive adversarial DA (LOOCV); SEED 92.59/3.21 (tight std).,,yes,yes,verified,full-text,"Results (DAGAM SEED 92.59/3.21, SEED-IV 80.74/4.14)",DAGAM SEED SI-LOOCV 92.59/3.21 (2022 arXiv).,subject-independent / cross-subject,Abstract,"LOSO cross-subject, transductive adversarial DA (unlabeled target)","Results 'LOOCV'; SEED 92.59/3.21, SEED-IV 80.74/4.14",match,,yes,unlabeled-target-data,pool-with-cross-subject,high
HME-0046,EEG-0035,DAGAM: A Domain Adversarial Graph Attention Model for Subject Independent EEG-Based Emotion Recognition,SEED-IV,15,3,62,200 (downsampled),discrete/categorical,happy/sad/fear/neutral (4),balanced,unclear,domain adversarial graph attention model (DAGAM),graph self-attention pooling + domain adversarial (DANN-style),unlabeled-target (transductive),no,yes,leave-one-subject-out (LOOCV),15,cross-subject,subject-disjoint,unclear,accuracy,80.74,4.14,,no,none reported,mean,cross-subject transductive DA,none,low,Transductive adversarial DA (LOOCV); SEED 92.59/3.21 (tight std).,,yes,no,verified,full-text,"Results (DAGAM SEED 92.59/3.21, SEED-IV 80.74/4.14)",DAGAM SEED-IV SI-LOOCV 80.74/4.14.,subject-independent / cross-subject,Abstract,"LOSO cross-subject, transductive adversarial DA (unlabeled target)","Results 'LOOCV'; SEED 92.59/3.21, SEED-IV 80.74/4.14",match,,yes,unlabeled-target-data,pool-with-cross-subject,high
HME-0047,EEG-0022,Region-aware Spatiotemporal Modeling with Collaborative Domain Generalization for Cross-Subject EEG Emotion Recognition (RSM-CoDG),SEED,15,3,62,200 (downsampled),discrete/categorical,negative/neutral/positive (3),balanced,unclear,region-aware spatiotemporal modeling + collaborative domain generalization (RSM-CoDG),domain generalization (no target data; region-aware + multi-scale temporal),none,no,yes,LOSO (fully unseen target; domain generalization),15,cross-subject,subject-disjoint,unclear,accuracy,86.35,7.17,,no,none reported,mean,cross-subject domain generalization (inductive),none,low,"DG (no target data during training, fully unseen target). SEED 86.35/7.17.",,yes,yes,verified,full-text,"Tables 2-5 (RSM-CoDG full: SEED 86.35/7.17, SEED-IV 71.59/9.78, SEED-V 62.77/8.86)",RSM-CoDG SEED DG 86.35/7.17 (2026 arXiv).,cross-subject / domain generalization,Abstract,domain generalization (inductive; no target data),Sec 'fully unseen target subject setting ... without requiring any target-domain data'; Table 5,match,,yes,none,pool-with-cross-subject,high
HME-0048,EEG-0022,Region-aware Spatiotemporal Modeling with Collaborative Domain Generalization for Cross-Subject EEG Emotion Recognition (RSM-CoDG),SEED-IV,15,3,62,200 (downsampled),discrete/categorical,happy/sad/fear/neutral (4),balanced,unclear,region-aware spatiotemporal modeling + collaborative domain generalization (RSM-CoDG),domain generalization (no target data; region-aware + multi-scale temporal),none,no,yes,LOSO (fully unseen target; domain generalization),15,cross-subject,subject-disjoint,unclear,accuracy,71.59,9.78,,no,none reported,mean,cross-subject domain generalization (inductive),none,low,"DG (no target data during training, fully unseen target). SEED 86.35/7.17.",,yes,no,verified,full-text,"Tables 2-5 (RSM-CoDG full: SEED 86.35/7.17, SEED-IV 71.59/9.78, SEED-V 62.77/8.86)",RSM-CoDG SEED-IV DG 71.59/9.78.,cross-subject / domain generalization,Abstract,domain generalization (inductive; no target data),Sec 'fully unseen target subject setting ... without requiring any target-domain data'; Table 5,match,,yes,none,pool-with-cross-subject,high
HME-0049,EEG-0022,Region-aware Spatiotemporal Modeling with Collaborative Domain Generalization for Cross-Subject EEG Emotion Recognition (RSM-CoDG),SEED-V,16,3,62,200 (downsampled),discrete/categorical,happy/sad/fear/disgust/neutral (5),balanced,unclear,region-aware spatiotemporal modeling + collaborative domain generalization (RSM-CoDG),domain generalization (no target data; region-aware + multi-scale temporal),none,no,yes,LOSO (fully unseen target; domain generalization),15,cross-subject,subject-disjoint,unclear,accuracy,62.77,8.86,,no,none reported,mean,cross-subject domain generalization (inductive),none,low,"DG (no target data during training, fully unseen target). SEED 86.35/7.17.",,yes,no,verified,full-text,"Tables 2-5 (RSM-CoDG full: SEED 86.35/7.17, SEED-IV 71.59/9.78, SEED-V 62.77/8.86)",RSM-CoDG SEED-V DG 62.77/8.86.,cross-subject / domain generalization,Abstract,domain generalization (inductive; no target data),Sec 'fully unseen target subject setting ... without requiring any target-domain data'; Table 5,match,,yes,none,pool-with-cross-subject,high
HME-0050,EEG-0021,FACE: Few-shot Adapter with Cross-view Fusion for Cross-subject EEG Emotion Recognition,SEED,15,3,62,200 (downsampled),discrete/categorical,negative/neutral/positive (3),balanced,unclear,few-shot adapter + cross-view fusion (FACE),few-shot adapter (fine-tune on a few LABELED target samples) + cross-view fusion,"labeled target (few-shot, 10-shot)","yes (few-shot, ~8% labeled target)",yes,cross-subject few-shot (10-shot),15,cross-subject,subject-disjoint but fine-tunes on few labeled target,unclear,accuracy,95.36,3.03,,no,none reported,mean (10-shot),cross-subject FEW-SHOT (target labels),none (few-shot disclosed),moderate,FEW-SHOT: fine-tunes on a few LABELED target samples (10-shot). NOT pure UDA/LOSO; near-ceiling under few-shot. Disclosed.,"10-shot table values: SEED 95.36/3.03, SEED-IV 90.73/3.26, SEED-V 94.63/2.23. Abstract cites 96.72/95.95 (fuller variant).",yes,yes,verified,full-text,"Table II (FACE 10-shot: SEED 95.36/3.03, SEED-IV 90.73/3.26, SEED-V 94.63/2.23)",FACE SEED 10-shot 95.36/3.03 - FEW-SHOT (uses labeled target); flag. Abstract 96.72.,cross-subject few-shot,Title; Abstract,cross-subject FEW-SHOT (fine-tunes on few labeled target),Abstract '10-shot ... ~8% of the labeled target domain samples',partial-match,target-label-use-unstated,yes,target-labels,needs-adjudication,high
HME-0051,EEG-0021,FACE: Few-shot Adapter with Cross-view Fusion for Cross-subject EEG Emotion Recognition,SEED-IV,15,3,62,200 (downsampled),discrete/categorical,happy/sad/fear/neutral (4),balanced,unclear,few-shot adapter + cross-view fusion (FACE),few-shot adapter (fine-tune on a few LABELED target samples) + cross-view fusion,"labeled target (few-shot, 10-shot)","yes (few-shot, ~8% labeled target)",yes,cross-subject few-shot (10-shot),15,cross-subject,subject-disjoint but fine-tunes on few labeled target,unclear,accuracy,90.73,3.26,,no,none reported,mean (10-shot),cross-subject FEW-SHOT (target labels),none (few-shot disclosed),moderate,FEW-SHOT: fine-tunes on a few LABELED target samples (10-shot). NOT pure UDA/LOSO; near-ceiling under few-shot. Disclosed.,"10-shot table values: SEED 95.36/3.03, SEED-IV 90.73/3.26, SEED-V 94.63/2.23. Abstract cites 96.72/95.95 (fuller variant).",yes,no,verified,full-text,"Table II (FACE 10-shot: SEED 95.36/3.03, SEED-IV 90.73/3.26, SEED-V 94.63/2.23)",FACE SEED-IV 10-shot 90.73/3.26. Abstract 95.95.,cross-subject few-shot,Title; Abstract,cross-subject FEW-SHOT (fine-tunes on few labeled target),Abstract '10-shot ... ~8% of the labeled target domain samples',partial-match,target-label-use-unstated,yes,target-labels,needs-adjudication,high
HME-0052,EEG-0021,FACE: Few-shot Adapter with Cross-view Fusion for Cross-subject EEG Emotion Recognition,SEED-V,16,3,62,200 (downsampled),discrete/categorical,happy/sad/fear/disgust/neutral (5),balanced,unclear,few-shot adapter + cross-view fusion (FACE),few-shot adapter (fine-tune on a few LABELED target samples) + cross-view fusion,"labeled target (few-shot, 10-shot)","yes (few-shot, ~8% labeled target)",yes,cross-subject few-shot (10-shot),15,cross-subject,subject-disjoint but fine-tunes on few labeled target,unclear,accuracy,94.63,2.23,,no,none reported,mean (10-shot),cross-subject FEW-SHOT (target labels),none (few-shot disclosed),moderate,FEW-SHOT: fine-tunes on a few LABELED target samples (10-shot). NOT pure UDA/LOSO; near-ceiling under few-shot. Disclosed.,"10-shot table values: SEED 95.36/3.03, SEED-IV 90.73/3.26, SEED-V 94.63/2.23. Abstract cites 96.72/95.95 (fuller variant).",yes,no,verified,full-text,"Table II (FACE 10-shot: SEED 95.36/3.03, SEED-IV 90.73/3.26, SEED-V 94.63/2.23)",FACE SEED-V 10-shot 94.63/2.23.,cross-subject few-shot,Title; Abstract,cross-subject FEW-SHOT (fine-tunes on few labeled target),Abstract '10-shot ... ~8% of the labeled target domain samples',partial-match,target-label-use-unstated,yes,target-labels,needs-adjudication,high
HME-0053,EEG-0058,Cross-Subject EEG Emotion Recognition Based on Interconnected Dynamic Domain Adaptation,SEED,15,3,62,200 (downsampled),discrete/categorical,negative/neutral/positive (3),balanced,unclear,"interconnected dynamic domain adaptation (IDDA, dynamic graph conv)",dynamic graph conv + dynamic DA + multi-source selection,unlabeled-target (transductive),no,yes,cross-subject (multi-source),15,cross-subject,subject-disjoint,unclear,accuracy,85.75,not reported,,no,none reported,mean,cross-subject transductive DA,none,low,Transductive DA (dynamic subdomain alignment); SEED 85.75.,,yes,yes,verified,full-text,"Abstract/results (IDDA SEED 85.75, SEED-IV 72.36)",IDDA SEED cross-subject 85.75 (ICASSP 2024).,cross-subject,Abstract,cross-subject transductive DA (unlabeled target),Abstract; results,match,,yes,unlabeled-target-data,pool-with-cross-subject,high
HME-0054,EEG-0058,Cross-Subject EEG Emotion Recognition Based on Interconnected Dynamic Domain Adaptation,SEED-IV,15,3,62,200 (downsampled),discrete/categorical,happy/sad/fear/neutral (4),balanced,unclear,"interconnected dynamic domain adaptation (IDDA, dynamic graph conv)",dynamic graph conv + dynamic DA + multi-source selection,unlabeled-target (transductive),no,yes,cross-subject (multi-source),15,cross-subject,subject-disjoint,unclear,accuracy,72.36,not reported,,no,none reported,mean,cross-subject transductive DA,none,low,Transductive DA (dynamic subdomain alignment); SEED 85.75.,,yes,no,verified,full-text,"Abstract/results (IDDA SEED 85.75, SEED-IV 72.36)",IDDA SEED-IV cross-subject 72.36.,cross-subject,Abstract,cross-subject transductive DA (unlabeled target),Abstract; results,match,,yes,unlabeled-target-data,pool-with-cross-subject,high
HME-0055,EEG-0059,An Adversarial Discriminative Temporal Convolutional Network for EEG-Based Cross-Domain Emotion Recognition,DEAP,32,1,32,128 (downsampled),dimensional,valence (binary),,unclear,adversarial discriminative temporal convolutional network (AD-TCN),adversarial discriminative DA (TCN encoder),unlabeled-target (transductive),no,yes,cross-subject,32,cross-subject,subject-disjoint,unclear,accuracy,64.33,7.06,,no,none reported,mean,cross-subject transductive DA,none,low,Transductive adversarial DA; realistic DEAP ~63-64%.,,yes,yes,verified,full-text,"Results (AD-TCN DEAP valence 64.33/7.06, arousal 63.25/4.62)",AD-TCN DEAP valence cross-subject 64.33/7.06. DREAMER also reported; cross-dataset 62.65/62.36.,cross-subject,Abstract,cross-subject transductive adversarial DA (unlabeled target),Results (32-subject avg acc/std),match,,yes,unlabeled-target-data,pool-with-cross-subject,high
HME-0056,EEG-0059,An Adversarial Discriminative Temporal Convolutional Network for EEG-Based Cross-Domain Emotion Recognition,DEAP,32,1,32,128 (downsampled),dimensional,arousal (binary),,unclear,adversarial discriminative temporal convolutional network (AD-TCN),adversarial discriminative DA (TCN encoder),unlabeled-target (transductive),no,yes,cross-subject,32,cross-subject,subject-disjoint,unclear,accuracy,63.25,4.62,,no,none reported,mean,cross-subject transductive DA,none,low,Transductive adversarial DA; realistic DEAP ~63-64%.,,yes,no,verified,full-text,"Results (AD-TCN DEAP valence 64.33/7.06, arousal 63.25/4.62)",AD-TCN DEAP arousal cross-subject 63.25/4.62.,cross-subject,Abstract,cross-subject transductive adversarial DA (unlabeled target),Results (32-subject avg acc/std),match,,yes,unlabeled-target-data,pool-with-cross-subject,high
HME-0057,EEG-0060,Enhancing EEG-Based Cross-Subject Emotion Recognition via Adaptive Source Joint Domain Adaptation,SEED,15,3,62,200 (downsampled),discrete/categorical,negative/neutral/positive (3),balanced,unclear,"adaptive source joint domain adaptation (ASJDA, multi-source)",unsupervised multi-source DA with adaptive source selection (JS divergence),unlabeled-target (transductive),no,yes,cross-subject single-session LOSO,15,cross-subject,subject-disjoint (LOSO),unclear,accuracy,96.81,not verified (table not text-extractable),,no,paired t-test,mean,cross-subject transductive multi-source DA,none,moderate,Transductive MSDA (disclosed). NEAR-CEILING SEED 96.81-97.78% is at the high end for cross-subject; two LOSO protocols reported.,"Two protocols: single-session LOSO (SEED 96.81 session2) vs all-sessions LOSO (SEED 97.78, SEED-IV 91.67). result_sd not text-extractable from tables.",yes,yes,verified,full-text,Abstract; Table IV (LOSO),ASJDA SEED single-session LOSO (session 2 best) 96.81%. NEAR-CEILING flag.,cross-subject (LOSO),Abstract; Experiments,"cross-subject LOSO, transductive multi-source DA (unlabeled target)",Methods 'Cross-subject single-session / all-sessions leave-one-subject-out CV',match,,yes,unlabeled-target-data,pool-with-cross-subject,high
HME-0058,EEG-0060,Enhancing EEG-Based Cross-Subject Emotion Recognition via Adaptive Source Joint Domain Adaptation,SEED-IV,15,3,62,200 (downsampled),discrete/categorical,happy/sad/fear/neutral (4),balanced,unclear,"adaptive source joint domain adaptation (ASJDA, multi-source)",unsupervised multi-source DA with adaptive source selection (JS divergence),unlabeled-target (transductive),no,yes,cross-subject single-session LOSO,15,cross-subject,subject-disjoint (LOSO),unclear,accuracy,89.69,not verified (table not text-extractable),,no,paired t-test,mean,cross-subject transductive multi-source DA,none,moderate,Transductive MSDA (disclosed). NEAR-CEILING SEED 96.81-97.78% is at the high end for cross-subject; two LOSO protocols reported.,"Two protocols: single-session LOSO (SEED 96.81 session2) vs all-sessions LOSO (SEED 97.78, SEED-IV 91.67). result_sd not text-extractable from tables.",yes,no,verified,full-text,Abstract; Table IV (LOSO),ASJDA SEED-IV single-session LOSO 89.69%.,cross-subject (LOSO),Abstract; Experiments,"cross-subject LOSO, transductive multi-source DA (unlabeled target)",Methods 'Cross-subject single-session / all-sessions leave-one-subject-out CV',match,,yes,unlabeled-target-data,pool-with-cross-subject,high
HME-0059,EEG-0060,Enhancing EEG-Based Cross-Subject Emotion Recognition via Adaptive Source Joint Domain Adaptation,DEAP,32,1,32,128 (downsampled),dimensional (valence/arousal),high/low (binary),near-balanced,unclear,"adaptive source joint domain adaptation (ASJDA, multi-source)",unsupervised multi-source DA with adaptive source selection (JS divergence),unlabeled-target (transductive),no,yes,cross-subject LOSO,32,cross-subject,subject-disjoint (LOSO),unclear,accuracy,69.31,not verified,,no,paired t-test,mean,cross-subject transductive multi-source DA,none,moderate,Transductive MSDA (disclosed). NEAR-CEILING SEED 96.81-97.78% is at the high end for cross-subject; two LOSO protocols reported.,"Two protocols: single-session LOSO (SEED 96.81 session2) vs all-sessions LOSO (SEED 97.78, SEED-IV 91.67). result_sd not text-extractable from tables.",yes,no,verified,full-text,Abstract; Table IV (LOSO),ASJDA DEAP cross-subject 69.31% (valence/arousal dims not separable from extracted text).,cross-subject (LOSO),Abstract; Experiments,"cross-subject LOSO, transductive multi-source DA (unlabeled target)",Methods 'Cross-subject single-session / all-sessions leave-one-subject-out CV',match,,yes,unlabeled-target-data,pool-with-cross-subject,high
HME-0060,EEG-0060,Enhancing EEG-Based Cross-Subject Emotion Recognition via Adaptive Source Joint Domain Adaptation,SEED,15,3,62,200 (downsampled),discrete/categorical,negative/neutral/positive (3),balanced,unclear,"adaptive source joint domain adaptation (ASJDA, multi-source)",unsupervised multi-source DA with adaptive source selection (JS divergence),unlabeled-target (transductive),no,yes,cross-subject all-sessions LOSO,15,cross-subject,subject-disjoint (LOSO),unclear,accuracy,97.78,not verified,,no,paired t-test,mean,cross-subject transductive multi-source DA,none,moderate,Transductive MSDA (disclosed). NEAR-CEILING SEED 96.81-97.78% is at the high end for cross-subject; two LOSO protocols reported.,"Two protocols: single-session LOSO (SEED 96.81 session2) vs all-sessions LOSO (SEED 97.78, SEED-IV 91.67). result_sd not text-extractable from tables.",yes,no,verified,full-text,Abstract; Table IV (LOSO),ASJDA SEED all-sessions LOSO 97.78% (alternative protocol; near-ceiling). SEED-IV all-sessions=91.67%.,cross-subject (LOSO),Abstract; Experiments,"cross-subject LOSO, transductive multi-source DA (unlabeled target)",Methods 'Cross-subject single-session / all-sessions leave-one-subject-out CV',match,,yes,unlabeled-target-data,pool-with-cross-subject,high
HME-0061,EEG-0063,FDDGNet: An Information Bottleneck-Inspired Feature Disentanglement Network for Cross-Subject EEG-Based Emotion Recognition,AMIGOS,40,1,14,128,dimensional,binary (valence/arousal),,unclear,"feature disentanglement domain generalization network (FDDGNet, IB-inspired LSTM)",feature disentanglement domain generalization (no target data),none,no,yes,cross-subject (domain generalization; no target),,cross-subject,subject-disjoint,unclear,accuracy,74.66,5.30,,no,none reported,mean,cross-subject domain generalization (inductive),none,low,DG (no target data during training). AMIGOS 74.66/5.30 (as fraction 0.7466/0.0530).,,yes,yes,verified,full-text,Table 2 (AMIGOS 0.7466/0.0530); Table 3 DREAMER,FDDGNet AMIGOS DG 74.66/5.30 (0.7466/0.0530). Cross-dataset AMIGOS->DREAMER 61.02.,cross-subject / domain generalization,Abstract,domain generalization (inductive; no target data),Abstract 'domain generalization'; Sec 'without ... target domain data',match,,yes,none,pool-with-cross-subject,high
HME-0062,EEG-0063,FDDGNet: An Information Bottleneck-Inspired Feature Disentanglement Network for Cross-Subject EEG-Based Emotion Recognition,DREAMER,23,1,14,128,dimensional,binary (valence/arousal),,unclear,"feature disentanglement domain generalization network (FDDGNet, IB-inspired LSTM)",feature disentanglement domain generalization (no target data),none,no,yes,cross-subject (domain generalization; no target),,cross-subject,subject-disjoint,unclear,accuracy,not verified (Table 3; not text-extractable),not verified,,no,none reported,mean,cross-subject domain generalization (inductive),none,low,DG (no target data during training). AMIGOS 74.66/5.30 (as fraction 0.7466/0.0530).,,yes,no,verified,full-text,Table 2 (AMIGOS 0.7466/0.0530); Table 3 DREAMER,FDDGNet DREAMER DG - Table 3 value not text-extractable (FDDGNet leads); retrieve for meta.,cross-subject / domain generalization,Abstract,domain generalization (inductive; no target data),Abstract 'domain generalization'; Sec 'without ... target domain data',match,,yes,none,pool-with-cross-subject,high
HME-0063,EEG-0070,A Convolution and Attention-Based Conditional Adversarial Domain Adaptation Neural Network for Emotion Recognition Using EEG,SEED,15,3,62,200 (downsampled),discrete/categorical,negative/neutral/positive (3),balanced,unclear,convolution+attention conditional adversarial DA (CA2DANet),conditional adversarial DA (conv + attention),unlabeled-target (transductive),no,yes,cross-subject (subject-independent),15,cross-subject,subject-disjoint,unclear,accuracy,81.05,not reported,,no,none reported,mean,cross-subject transductive DA,none,low,Transductive conditional adversarial DA; SEED SI 81.05. Subject-dependent 96.29 excluded.,,yes,yes,verified,full-text,Results (CA2DANet SEED SI 81.05; SD 96.29 excluded),CA2DANet SEED SI 81.05. Subject-dependent 96.29 (excluded).,cross-subject,Abstract,cross-subject transductive conditional adversarial DA (unlabeled target),Results (subject-independent 81.05),match,,yes,unlabeled-target-data,pool-with-cross-subject,high
HME-0064,EEG-0073,Bridge Graph Attention Based Graph Convolution Network with Multi-Scale Transformer for EEG Emotion Recognition,SEED,15,3,62,200 (downsampled),discrete/categorical,negative/neutral/positive (3),balanced,unclear,bridge graph attention GCN + multi-scale transformer (BGAGCN-MT),none (SI-LOSO; not a DA method),none,no,yes,leave-one-subject-out (LOSO),15,cross-subject,subject-disjoint (LOSO),unclear,accuracy,89.66,4.72,,no,none reported,mean,cross-subject LOSO (inductive),none,low,"LOSO subject-disjoint, no target access; plausible 89.66%",,yes,yes,verified,full-text,"Table II (subject-independent, all-bands 89.66/4.72)",BGAGCN-MT SEED SI-LOSO 89.66/4.72 (primary). SEED-IV SI 75.78. Subject-dependent SEED 96.82; DREAMER results are subject-dependent.,subject-independent,Abstract; Sec IV,LOSO subject-independent (inductive),Methods 'apply leave-one-subject-out cross-validation as in [16][67]',match,,yes,none,pool-with-cross-subject,high
HME-0065,EEG-0086,Cross-Subject EEG-Based Emotion Recognition Leveraging Multi-Source Domain Adaptation with Curriculum Learning Strategy,SEED,15,3,62,200 (downsampled),discrete/categorical,negative/neutral/positive (3),balanced,unclear,multi-source DA + curriculum learning (feature fusion),multi-source DA + curriculum (multi-armed bandit target-sample selection),unlabeled-target (transductive),no,yes,cross-subject (multi-source),15,cross-subject,subject-disjoint,unclear,accuracy,64.16,8.29,,no,none reported,mean,cross-subject transductive DA,none,low,"Transductive MSDA + curriculum. UNUSUALLY LOW SEED 64.16% (baselines also ~53-58% -> apparently a hard/raw-signal protocol, realistic).","SEED 64.16/8.29, DEAP-valence 62.99/5.72 - low vs typical SEED (baselines EEGNet 56.40, Conformer 58.64), suggesting a harder protocol.",yes,yes,verified,full-text,"Results (Ours: SEED 64.16/8.29, DEAP-valence 62.99/5.72)","Curriculum-MSDA SEED 64.16/8.29 (unusually low; hard protocol, baselines also low).",cross-subject,Abstract,cross-subject transductive multi-source DA + curriculum (unlabeled target selection),Results table (Ours),match,,yes,unlabeled-target-data,pool-with-cross-subject,high
HME-0066,EEG-0086,Cross-Subject EEG-Based Emotion Recognition Leveraging Multi-Source Domain Adaptation with Curriculum Learning Strategy,DEAP,32,1,32,128 (downsampled),dimensional,valence (binary),,unclear,multi-source DA + curriculum learning (feature fusion),multi-source DA + curriculum (multi-armed bandit target-sample selection),unlabeled-target (transductive),no,yes,cross-subject (multi-source),15,cross-subject,subject-disjoint,unclear,accuracy,62.99,5.72,,no,none reported,mean,cross-subject transductive DA,none,low,"Transductive MSDA + curriculum. UNUSUALLY LOW SEED 64.16% (baselines also ~53-58% -> apparently a hard/raw-signal protocol, realistic).","SEED 64.16/8.29, DEAP-valence 62.99/5.72 - low vs typical SEED (baselines EEGNet 56.40, Conformer 58.64), suggesting a harder protocol.",yes,no,verified,full-text,"Results (Ours: SEED 64.16/8.29, DEAP-valence 62.99/5.72)",Curriculum-MSDA DEAP valence 62.99/5.72 (F1 59.94).,cross-subject,Abstract,cross-subject transductive multi-source DA + curriculum (unlabeled target selection),Results table (Ours),match,,yes,unlabeled-target-data,pool-with-cross-subject,high
HME-0067,EEG-0087,Subject-Independent EEG Emotion Recognition Based on Genetically Optimized Projection Dictionary Pair Learning,SEED,15,3,62,200 (downsampled),discrete/categorical,negative/neutral/positive (3),balanced,unclear,genetically optimized projection dictionary pair learning (GA-PDPL),"none (projection dictionary learning + genetic optimization; LOSO, not DA)",none,no,yes,leave-one-subject-out (LOSO),,cross-subject,subject-disjoint,unclear,accuracy,69.89,14.39,,no,none reported,mean,cross-subject subject-independent (inductive),none,low,"LOSO subject-disjoint, no target; realistic low (SEED 69.89, MPED 24.11).",,yes,yes,verified,full-text,"Table 4 (GA-PDPL SEED 69.89/14.39, MPED 24.11, GAMEEMO-2 64.34)",GA-PDPL SEED LOSO 69.89/14.39 (non-optimized PDPL 51.02). 2023 Brain Sciences.,subject-independent,Abstract,"LOSO subject-independent (inductive, dictionary learning)",Abstract 'leave-one-subject-out cross validation',match,,yes,none,pool-with-cross-subject,high
HME-0068,EEG-0087,Subject-Independent EEG Emotion Recognition Based on Genetically Optimized Projection Dictionary Pair Learning,MPED,23,1,62,1000,discrete/categorical,7 emotions,,unclear,genetically optimized projection dictionary pair learning (GA-PDPL),"none (projection dictionary learning + genetic optimization; LOSO, not DA)",none,no,yes,leave-one-subject-out (LOSO),,cross-subject,subject-disjoint,unclear,accuracy,24.11,not verified (table ~24.87),,no,none reported,mean,cross-subject subject-independent (inductive),none,low,"LOSO subject-disjoint, no target; realistic low (SEED 69.89, MPED 24.11).",,yes,no,verified,full-text,"Table 4 (GA-PDPL SEED 69.89/14.39, MPED 24.11, GAMEEMO-2 64.34)",GA-PDPL MPED 7-class LOSO 24.11 (abstract; table 24.87).,subject-independent,Abstract,"LOSO subject-independent (inductive, dictionary learning)",Abstract 'leave-one-subject-out cross validation',match,,yes,none,pool-with-cross-subject,high
HME-0069,EEG-0087,Subject-Independent EEG Emotion Recognition Based on Genetically Optimized Projection Dictionary Pair Learning,GAMEEMO,28,1,14,128,dimensional,2-class,,unclear,genetically optimized projection dictionary pair learning (GA-PDPL),"none (projection dictionary learning + genetic optimization; LOSO, not DA)",none,no,yes,leave-one-subject-out (LOSO),,cross-subject,subject-disjoint,unclear,accuracy,64.34,not verified,,no,none reported,mean,cross-subject subject-independent (inductive),none,low,"LOSO subject-disjoint, no target; realistic low (SEED 69.89, MPED 24.11).",,yes,no,verified,full-text,"Table 4 (GA-PDPL SEED 69.89/14.39, MPED 24.11, GAMEEMO-2 64.34)",GA-PDPL GAMEEMO 2-class LOSO 64.34 (4-class 49.01).,subject-independent,Abstract,"LOSO subject-independent (inductive, dictionary learning)",Abstract 'leave-one-subject-out cross validation',match,,yes,none,pool-with-cross-subject,high
HME-0070,EEG-0089,Multi-Scale Hyperbolic Contrastive Learning for Cross-Subject EEG Emotion Recognition (MSHCL),SEED,15,3,62,200 (downsampled),discrete/categorical,negative/neutral/positive (3),balanced,unclear,multi-scale hyperbolic contrastive learning (MSHCL),contrastive subject-invariant (hyperbolic); no target data in training,none,no,yes,leave-one-subject-out (LOSO),15,cross-subject,subject-disjoint (LOSO),curvature tuned (c=0.1 SEED),accuracy,89.3,4.4,,no,none reported,mean,"cross-subject LOSO (contrastive, inductive)",none,low,"LOSO; contrastive representation, no target access; plausible 89.3%",,yes,yes,verified,full-text,Sec Results (SEED 89.3/4.4); Methods (LOSO),"MSHCL SEED 3-class LOSO 89.3/4.4 (primary). MPED 7-class 38.8/7.1; FACED binary 77.0/3.6, 9-class 45.7/3.4.",cross-subject,Title; Abstract,"LOSO cross-subject (contrastive, no target access)",Methods 'Leave-One-Subject-Out (LOSO) validation',match,,yes,none,pool-with-cross-subject,high
HME-0073,EEG-0104,STRAViT: Spatial-Temporal Feature-Reshaped Agent Vision Transformer for EEG Emotion Recognition,SEED,15,3,62,200 (downsampled),discrete/categorical,negative/neutral/positive (3),balanced,unclear,agent vision transformer (STRAViT) + DE + functional connectivity,none (feature reshaping ViT; SI-LOSO),none,no,yes,leave-one-subject-out (LOSO),15,cross-subject,subject-disjoint (LOSO),unclear,accuracy,87.2,5.7,,no,none reported,mean,cross-subject LOSO (inductive),none,low,"SI-LOSO subject-disjoint, no target access; plausible SI accuracy (SEED 87.2). Subject-dependent SEED 98.7 excluded.",,yes,yes,verified,full-text,"Table (Subject-Independent Settings): Ours SEED 87.2/5.7, SEED-IV 72.5/6.6",STRAViT SEED SI-LOSO 87.2/5.7. NOTE: EEG-0350 is the same STRAViT work (double-counting risk). SD SEED 98.7/3.0 excluded.,subject-independent (LOSO),Abstract; Experiments,LOSO subject-independent (inductive),Methods 'leave-one-subject-out (LOSO) cross-validation scheme',match,,yes,none,pool-with-cross-subject,high
HME-0074,EEG-0104,STRAViT: Spatial-Temporal Feature-Reshaped Agent Vision Transformer for EEG Emotion Recognition,SEED-IV,15,3,62,200 (downsampled),discrete/categorical,happy/sad/fear/neutral (4),balanced,unclear,agent vision transformer (STRAViT) + DE + functional connectivity,none (feature reshaping ViT; SI-LOSO),none,no,yes,leave-one-subject-out (LOSO),15,cross-subject,subject-disjoint (LOSO),unclear,accuracy,72.5,6.6,,no,none reported,mean,cross-subject LOSO (inductive),none,low,"SI-LOSO subject-disjoint, no target access; plausible SI accuracy (SEED 87.2). Subject-dependent SEED 98.7 excluded.",,yes,no,verified,full-text,"Table (Subject-Independent Settings): Ours SEED 87.2/5.7, SEED-IV 72.5/6.6",STRAViT SEED-IV SI-LOSO 72.5/6.6. Same work as EEG-0350.,subject-independent (LOSO),Abstract; Experiments,LOSO subject-independent (inductive),Methods 'leave-one-subject-out (LOSO) cross-validation scheme',match,,yes,none,pool-with-cross-subject,high
HME-0075,EEG-0105,Multi-Scale Dynamic Temporal Network With Graph Matching Domain Adaptation for Cross-Subject EEG Emotion Recognition,SEED,15,3,62,200 (downsampled),discrete/categorical,negative/neutral/positive (3),balanced,unclear,multi-scale dynamic temporal net + graph matching DA,"domain adaptation (graph matching, Chebyshev graph; aligns marginal+conditional)",unlabeled-target (transductive),no,yes,cross-subject single-session cross-validation,15,cross-subject,subject-disjoint,unclear,accuracy,94.69,5.16,,no,none reported,mean,cross-subject transductive DA (graph matching),none,moderate,Transductive DA (disclosed). SEED 94.69% is high; multiple protocols reported (one-to-one transfer 83.12).,"Three CV protocols: single-session (94.69/5.16), one-to-one transfer (83.12/9.63). Chose single-session as headline.",yes,yes,verified,full-text,Abstract & results (SEED 94.69/5.16 single-session),"MSDTN graph-matching DA. SEED single-session 94.69/5.16 (primary). DEAP valence 69.45/7.26, arousal 67.52/8.28.",cross-subject,Title; Abstract,"cross-subject single-session CV, transductive DA (unlabeled target)",Abstract 'three different cross-validation protocols',partial-match,metric-selection-or-best-run-reporting,yes,unlabeled-target-data,pool-with-cross-subject,moderate
HME-0076,EEG-0106,Cross-Subject and Cross-Session EEG Emotion Recognition Based on Multisource Structural Deep Clustering,SEED,15,3,62,200 (downsampled),discrete/categorical,negative/neutral/positive (3),balanced,unclear,multisource structural deep clustering (MSDC),multisource structural deep clustering (uses target structure),unlabeled-target (transductive),no,yes,cross-subject (multisource LOSO),15,cross-subject,subject-disjoint,unclear,accuracy,91.02,9.49,,no,none reported,mean,cross-subject transductive multisource DA,none,low,Transductive multisource DA (disclosed); plausible accuracies,"Table Ours values (SEED 91.02, SEED-IV 74.05) differ slightly from abstract (90.69/74.35).",yes,yes,verified,full-text,Comparison table (Ours: SEED cross-subject 91.02/9.49; SEED-IV 74.05/12.06),MSDC SEED cross-subject 91.02/9.49 (cross-session 95.58/5.39 excluded).,cross-subject / cross-session,Title; Abstract,cross-subject transductive multisource DA,Results table (Cross Subject column),match,,yes,unlabeled-target-data,pool-with-cross-subject,high
HME-0077,EEG-0106,Cross-Subject and Cross-Session EEG Emotion Recognition Based on Multisource Structural Deep Clustering,SEED-IV,15,3,62,200 (downsampled),discrete/categorical,happy/sad/fear/neutral (4),balanced,unclear,multisource structural deep clustering (MSDC),multisource structural deep clustering (uses target structure),unlabeled-target (transductive),no,yes,cross-subject (multisource LOSO),15,cross-subject,subject-disjoint,unclear,accuracy,74.05,12.06,,no,none reported,mean,cross-subject transductive multisource DA,none,low,Transductive multisource DA (disclosed); plausible accuracies,"Table Ours values (SEED 91.02, SEED-IV 74.05) differ slightly from abstract (90.69/74.35).",yes,no,verified,full-text,Comparison table (Ours: SEED cross-subject 91.02/9.49; SEED-IV 74.05/12.06),MSDC SEED-IV cross-subject 74.05/12.06 (cross-session 78.05/13.47).,cross-subject / cross-session,Title; Abstract,cross-subject transductive multisource DA,Results table (Cross Subject column),match,,yes,unlabeled-target-data,pool-with-cross-subject,high
HME-0078,EEG-0107,SCVAE-Net: Supervised Contrastive Variational AutoEncoder Network for Cross-Domain EEG Emotion Recognition,SEED,15,3,62,200 (downsampled),discrete/categorical,negative/neutral/positive (3),balanced,unclear,supervised contrastive variational autoencoder (SCVAE-Net) + probabilistic latent alignment,supervised contrastive VAE + latent probabilistic alignment (source-target),unlabeled-target (transductive),no,yes,cross-subject (per-session),15,cross-subject,subject-disjoint,unclear,accuracy,95.01,6.67,,no,none reported,mean,cross-subject transductive DA,none,moderate,NEAR-CEILING SEED cross-subject 95.01%; transductive contrastive VAE.,"Cross-subject SEED 95.01/6.67 (per-session 96.32/93.51/95.21), SEED-IV 74.94. Cross-session SEED 96.84, SEED-IV 79.44.",yes,yes,verified,full-text,"Results (SCVAE-Net cross-subject SEED 95.01/6.67, SEED-IV 74.94)",SCVAE-Net SEED cross-subject 95.01/6.67 - NEAR-CEILING (2026 Sensors). Cross-session 96.84.,cross-subject,Abstract,"cross-subject transductive DA (contrastive VAE, source-target latent alignment)",Results (cross-subject; Fig 4a overall 95.01/6.67),match,,yes,unlabeled-target-data,pool-with-cross-subject,high
HME-0079,EEG-0107,SCVAE-Net: Supervised Contrastive Variational AutoEncoder Network for Cross-Domain EEG Emotion Recognition,SEED-IV,15,3,62,200 (downsampled),discrete/categorical,happy/sad/fear/neutral (4),balanced,unclear,supervised contrastive variational autoencoder (SCVAE-Net) + probabilistic latent alignment,supervised contrastive VAE + latent probabilistic alignment (source-target),unlabeled-target (transductive),no,yes,cross-subject (per-session),15,cross-subject,subject-disjoint,unclear,accuracy,74.94,not verified,,no,none reported,mean,cross-subject transductive DA,none,moderate,NEAR-CEILING SEED cross-subject 95.01%; transductive contrastive VAE.,"Cross-subject SEED 95.01/6.67 (per-session 96.32/93.51/95.21), SEED-IV 74.94. Cross-session SEED 96.84, SEED-IV 79.44.",yes,no,verified,full-text,"Results (SCVAE-Net cross-subject SEED 95.01/6.67, SEED-IV 74.94)",SCVAE-Net SEED-IV cross-subject 74.94 (cross-session 79.44).,cross-subject,Abstract,"cross-subject transductive DA (contrastive VAE, source-target latent alignment)",Results (cross-subject; Fig 4a overall 95.01/6.67),match,,yes,unlabeled-target-data,pool-with-cross-subject,high
HME-0080,EEG-0108,Unsupervised Multi-Source Domain Adaptive Network Based on a Gating Mechanism for Cross-Subject EEG Emotion Recognition,SEED,15,3,62,200 (downsampled),discrete/categorical,negative/neutral/positive (3),balanced,unclear,multi-source adaptive gating UDA (MS-AGDA),unsupervised multi-source DA with gating (marginal+conditional alignment),unlabeled-target (transductive),no,yes,"cross-subject (multisource, LOSO-style)",15,cross-subject,subject-disjoint,unclear,accuracy,92.54,4.10,,no,none reported,mean,cross-subject transductive multi-source UDA,none,low,Unsupervised transductive MSDA (disclosed); plausible accuracies,,yes,yes,verified,full-text,"Results table (MS-AGDA Ours: SEED 92.54/4.10, SEED-IV 85.86/2.60)",MS-AGDA(=MS-AGDA/paper title 'gating') SEED cross-subject 92.54/4.10. DEAP 65.59% (not a separate row).,cross-subject,Abstract,cross-subject transductive multi-source UDA (unlabeled target),Results tables; Abstract,match,,yes,unlabeled-target-data,pool-with-cross-subject,high
HME-0081,EEG-0108,Unsupervised Multi-Source Domain Adaptive Network Based on a Gating Mechanism for Cross-Subject EEG Emotion Recognition,SEED-IV,15,3,62,200 (downsampled),discrete/categorical,happy/sad/fear/neutral (4),balanced,unclear,multi-source adaptive gating UDA (MS-AGDA),unsupervised multi-source DA with gating (marginal+conditional alignment),unlabeled-target (transductive),no,yes,"cross-subject (multisource, LOSO-style)",15,cross-subject,subject-disjoint,unclear,accuracy,85.86,2.60,,no,none reported,mean,cross-subject transductive multi-source UDA,none,low,Unsupervised transductive MSDA (disclosed); plausible accuracies,,yes,no,verified,full-text,"Results table (MS-AGDA Ours: SEED 92.54/4.10, SEED-IV 85.86/2.60)",MS-AGDA SEED-IV cross-subject 85.86/2.60 (std unusually tight).,cross-subject,Abstract,cross-subject transductive multi-source UDA (unlabeled target),Results tables; Abstract,match,,yes,unlabeled-target-data,pool-with-cross-subject,high
HME-0082,EEG-0123,A coupling of common-private topological patterns learning approach for cross-subject emotion recognition (CPT-LS),SEED,15,3,62,200 (downsampled),discrete/categorical,negative/neutral/positive (3),balanced,unclear,"common-private topological patterns (CPT-LS, graph)",common/private pattern separation (topological); transfer to reduce source-target gap,unclear (source-target alignment mentioned),no,yes,cross-subject per-session (subject-independent),15,cross-subject,subject-disjoint,unclear,accuracy,87.94,6.25,,no,none reported,mean,cross-subject (subject-independent; DA/DG unclear),none evident,low,SI subject-disjoint; plausible 87.94%,Reported per session; overall SEED SI 87.94/6.25 (Table 3 last column). Target-access rule not explicit.,yes,yes,verified,full-text,"Table 3 (SEED subject-independent, overall 87.94/6.25)","CPT-LS SEED SI 87.94/6.25. Also SEED-IV, DEAP SI reported.",cross-subject / subject-independent,Abstract,cross-subject subject-independent (per-session); target-access unclear,Sec Experiments (subject-independent),match,,yes,unclear,pool-with-cross-subject,moderate
HME-0083,EEG-0127,AST-CLNet: EEG emotion recognition based on dual-branch adaptive graph convolution and contrastive learning,SEED,15,3,62,200 (downsampled),discrete/categorical,negative/neutral/positive (3),balanced,unclear,dual-branch adaptive graph conv + contrastive (AST-CLNet),contrastive cross-subject pairs (no target data in training),none,no,yes,subject-independent (cross-subject),unclear,cross-subject,subject-disjoint,unclear,accuracy,87.94,not reported in extracted text,,no,none reported,mean,"cross-subject (contrastive, inductive)",none,low,Cross-subject contrastive; intra-subject 99.71% (SD near-ceiling) is separate; SI 87.94% plausible,,yes,yes,verified,full-text,"Results (cross-subject SEED 87.94, SEED-IV 82.35)","AST-CLNet SEED cross-subject 87.94%. Intra-subject (10-fold) 99.71% (near-ceiling, SD). DEAP SI valence 64.97/arousal 63.54.",cross-subject generalization,Abstract; Keywords,subject-independent cross-subject (contrastive; within-subject uses 10-fold),Sec Experiments (subject-independent vs within-subject 10-fold),match,,yes,none,pool-with-cross-subject,moderate
HME-0084,EEG-0127,AST-CLNet: EEG emotion recognition based on dual-branch adaptive graph convolution and contrastive learning,SEED-IV,15,3,62,200 (downsampled),discrete/categorical,happy/sad/fear/neutral (4),balanced,unclear,dual-branch adaptive graph conv + contrastive (AST-CLNet),contrastive cross-subject pairs (no target data in training),none,no,yes,subject-independent (cross-subject),unclear,cross-subject,subject-disjoint,unclear,accuracy,82.35,not reported in extracted text,,no,none reported,mean,"cross-subject (contrastive, inductive)",none,low,Cross-subject contrastive; intra-subject 99.71% (SD near-ceiling) is separate; SI 87.94% plausible,,yes,no,verified,full-text,"Results (cross-subject SEED 87.94, SEED-IV 82.35)",AST-CLNet SEED-IV cross-subject 82.35%.,cross-subject generalization,Abstract; Keywords,subject-independent cross-subject (contrastive; within-subject uses 10-fold),Sec Experiments (subject-independent vs within-subject 10-fold),match,,yes,none,pool-with-cross-subject,moderate
HME-0085,EEG-0138,Crucial rhythms and subnetworks for emotion processing extracted by an interpretable deep model (BrainAMDANN),SEED,15,3,62 (59 used),1000 (raw),discrete/categorical,negative/neutral/positive (3),balanced,functional/effective brain-network features per segment,interpretable domain-adversarial GNN (BrainAMDANN),domain-adversarial (cross-subject),unlabeled-target (transductive),no,yes,leave-one-subject-out (LOSOCV),15,cross-subject,subject-disjoint (LOSOCV),unclear,accuracy,81.05,8.54,,no,none reported,best (Lasso-GCA effective-network config),cross-subject transductive DA (LOSOCV),none (paper discloses both protocols),low,LOSOCV cross-subject 81.05/8.54. Paper ALSO reports 10-fold CV (subject-mixed) 94-95.7% -> illustrates inflation from subject-mixed k-fold.,"Reports 10-fold CV (subject-mixed, ~94-95.7%), 5-fold, LOSOCV (~77-81%), cross-sessions LOSOCV (~84%). Cross-subject = LOSOCV. Best BrainAMDANN LOSOCV = Lasso-GCA 81.05/8.54.",yes,yes,verified,full-text,Results table (BrainAMDANN LOSOCV rows; Lasso-GCA 81.05/8.54),BrainAMDANN. Cross-subject LOSOCV 81.05/8.54. NOTE: 10-fold subject-mixed CV reaches 94-95.7% - clear illustration of k-fold subject-mixing inflation (review thesis).,subject-independent (LOSOCV),Abstract; Results,"LOSOCV cross-subject, domain-adversarial (transductive)",Results table (10-fold vs LOSOCV columns),match,,yes,unlabeled-target-data,pool-with-cross-subject,moderate
HME-0086,EEG-0139,DDMGCN: Deep Dynamic Multi-Graph Convolutional Neural Network for EEG emotion recognition,SEED,15,3,62,200 (downsampled),discrete/categorical,negative/neutral/positive (3),balanced,unclear,deep dynamic multi-graph GCN + 3D CNN (DDMGCN),none (SI-LOSO; not a DA method),none,no,yes,"leave-one-subject-out (subject-independent, 15 subjects)",15,cross-subject,subject-disjoint,unclear,accuracy,86.19,not verified (table; ~4.7),,no,none reported,best (DDMGCN full),cross-subject LOSO (inductive),none,low,"SI LOSO ~86.19%. Subject-dependent SEED near-ceiling 98.6% (separate, SD).",,yes,yes,verified,full-text,Results ('subject-independent across 15 subjects on SEED ... highest average accuracy of 86.19'),DDMGCN SEED SI ~86.19%. SD near-ceiling (98.6%) excluded. DREAMER also (SD).,subject-independent,Sec Experiments,LOSO subject-independent (inductive),"Results (subject-independent, 15 subjects)",match,,yes,none,pool-with-cross-subject,moderate
HME-0087,EEG-0142,Domain adversarial learning with multiple adversarial tasks for EEG emotion recognition (DANN-MAT),SEED,15,3,62,200 (downsampled),discrete/categorical,negative/neutral/positive (3),balanced,unclear,domain-adversarial NN with multiple adversarial tasks (DANN-MAT),domain-adversarial + multiple emotion-unrelated adversarial tasks,unlabeled-target (transductive UDA),no,yes,cross-subject (leave-one-subject-out),15,cross-subject,subject-disjoint,unclear,accuracy,95.74,3.26,,no,none reported,mean,cross-subject transductive UDA,none,moderate,Transductive UDA (disclosed). NEAR-CEILING SEED 95.74% is very high for DANN cross-subject; verify.,"UDA config SEED 95.74/3.26, SEED-IV 86.75/5.96. Calibration variant (90 labeled target samples) SEED 96.55/2.95, SEED-IV 88.28/5.53.",yes,yes,verified,full-text,Results table (DANN-MAT (ours) rows),DANN-MAT UDA SEED 95.74/3.26 (NEAR-CEILING flag). Calibration variant 96.55/2.95.,cross-subject,Abstract; Keywords,cross-subject transductive UDA (unlabeled target),Sec Experiments; results table,match,,yes,unlabeled-target-data,pool-with-cross-subject,high
HME-0088,EEG-0142,Domain adversarial learning with multiple adversarial tasks for EEG emotion recognition (DANN-MAT),SEED-IV,15,3,62,200 (downsampled),discrete/categorical,happy/sad/fear/neutral (4),balanced,unclear,domain-adversarial NN with multiple adversarial tasks (DANN-MAT),domain-adversarial + multiple emotion-unrelated adversarial tasks,unlabeled-target (transductive UDA),no,yes,cross-subject (leave-one-subject-out),15,cross-subject,subject-disjoint,unclear,accuracy,86.75,5.96,,no,none reported,mean,cross-subject transductive UDA,none,moderate,Transductive UDA (disclosed). NEAR-CEILING SEED 95.74% is very high for DANN cross-subject; verify.,"UDA config SEED 95.74/3.26, SEED-IV 86.75/5.96. Calibration variant (90 labeled target samples) SEED 96.55/2.95, SEED-IV 88.28/5.53.",yes,no,verified,full-text,Results table (DANN-MAT (ours) rows),DANN-MAT UDA SEED-IV 86.75/5.96. Calibration variant 88.28/5.53.,cross-subject,Abstract; Keywords,cross-subject transductive UDA (unlabeled target),Sec Experiments; results table,match,,yes,unlabeled-target-data,pool-with-cross-subject,high
HME-0089,EEG-0145,EEG-based emotion recognition using super-resolution superlet transform and self-attention CNN (SLT SA-CNN),DEAP,32,1,32,128 (downsampled),dimensional,arousal high/low (binary),,strict trial-level cross-validation (explicitly eliminates leakage),superlet transform + self-attention CNN (SLT SA-CNN),none (SI; not DA),none,no,yes,"leave-one-subject-out (trial-level, no leakage)",,cross-subject,subject-disjoint; strict trial-level CV,unclear,accuracy,70.86,6.24,,no,none reported,mean,"cross-subject LOSO (inductive, leakage-corrected)",none (explicitly corrected),low,POSITIVE EXAMPLE: authors explicitly use strict trial-level CV to eliminate data leakage; realistic ~70-75% SI accuracies.,,yes,yes,verified,full-text,"SI results table (strict trial-level CV, no leakage)","SLT SA-CNN DEAP arousal SI (trial-level, leakage-corrected) 70.86/6.24.",subject-independent (leakage-corrected),Abstract; Keyword 'Data leakage',"LOSO subject-independent, strict trial-level CV (leakage-corrected)",Methods 'strict trial-level cross-validation to eliminate data leakage'; 'leave-one-subject-out',match,,yes,none,pool-with-cross-subject,high
HME-0090,EEG-0145,EEG-based emotion recognition using super-resolution superlet transform and self-attention CNN (SLT SA-CNN),DEAP,32,1,32,128 (downsampled),dimensional,valence high/low (binary),,strict trial-level cross-validation (explicitly eliminates leakage),superlet transform + self-attention CNN (SLT SA-CNN),none (SI; not DA),none,no,yes,"leave-one-subject-out (trial-level, no leakage)",,cross-subject,subject-disjoint; strict trial-level CV,unclear,accuracy,71.36,9.92,,no,none reported,mean,"cross-subject LOSO (inductive, leakage-corrected)",none (explicitly corrected),low,POSITIVE EXAMPLE: authors explicitly use strict trial-level CV to eliminate data leakage; realistic ~70-75% SI accuracies.,,yes,no,verified,full-text,"SI results table (strict trial-level CV, no leakage)",SLT SA-CNN DEAP valence SI 71.36/9.92.,subject-independent (leakage-corrected),Abstract; Keyword 'Data leakage',"LOSO subject-independent, strict trial-level CV (leakage-corrected)",Methods 'strict trial-level cross-validation to eliminate data leakage'; 'leave-one-subject-out',match,,yes,none,pool-with-cross-subject,high
HME-0091,EEG-0145,EEG-based emotion recognition using super-resolution superlet transform and self-attention CNN (SLT SA-CNN),DREAMER,23,1,14,128,dimensional,arousal high/low (binary),,strict trial-level cross-validation (explicitly eliminates leakage),superlet transform + self-attention CNN (SLT SA-CNN),none (SI; not DA),none,no,yes,"leave-one-subject-out (trial-level, no leakage)",,cross-subject,subject-disjoint; strict trial-level CV,unclear,accuracy,73.51,6.21,,no,none reported,mean,"cross-subject LOSO (inductive, leakage-corrected)",none (explicitly corrected),low,POSITIVE EXAMPLE: authors explicitly use strict trial-level CV to eliminate data leakage; realistic ~70-75% SI accuracies.,,yes,no,verified,full-text,"SI results table (strict trial-level CV, no leakage)",SLT SA-CNN DREAMER arousal SI 73.51/6.21.,subject-independent (leakage-corrected),Abstract; Keyword 'Data leakage',"LOSO subject-independent, strict trial-level CV (leakage-corrected)",Methods 'strict trial-level cross-validation to eliminate data leakage'; 'leave-one-subject-out',match,,yes,none,pool-with-cross-subject,high
HME-0092,EEG-0145,EEG-based emotion recognition using super-resolution superlet transform and self-attention CNN (SLT SA-CNN),DREAMER,23,1,14,128,dimensional,valence high/low (binary),,strict trial-level cross-validation (explicitly eliminates leakage),superlet transform + self-attention CNN (SLT SA-CNN),none (SI; not DA),none,no,yes,"leave-one-subject-out (trial-level, no leakage)",,cross-subject,subject-disjoint; strict trial-level CV,unclear,accuracy,75.46,4.10,,no,none reported,mean,"cross-subject LOSO (inductive, leakage-corrected)",none (explicitly corrected),low,POSITIVE EXAMPLE: authors explicitly use strict trial-level CV to eliminate data leakage; realistic ~70-75% SI accuracies.,,yes,no,verified,full-text,"SI results table (strict trial-level CV, no leakage)","SLT SA-CNN DREAMER valence SI 75.46/4.10. (SD variant DEAP 74.41/72.04, DREAMER 78.63/76.82.)",subject-independent (leakage-corrected),Abstract; Keyword 'Data leakage',"LOSO subject-independent, strict trial-level CV (leakage-corrected)",Methods 'strict trial-level cross-validation to eliminate data leakage'; 'leave-one-subject-out',match,,yes,none,pool-with-cross-subject,high
HME-0093,EEG-0151,HEAT: Hierarchical Emotion Adaptation with Progressive Thresholding for EEG Emotion (and Consciousness) Recognition,SEED,15,3,62,200 (downsampled),discrete/categorical,negative/neutral/positive (3),balanced,unclear,hierarchical emotion adaptation + progressive pseudo-labeling (HEAT),hierarchical adversarial alignment + progressive pseudo-labeling (uses unlabeled target),unlabeled-target (transductive),no,yes,cross-subject LOSO,15,cross-subject,subject-disjoint (LOSO),unclear,accuracy,95.37,5.17,,no,none reported,mean,cross-subject transductive DA (pseudo-labeling),none,moderate,Transductive DA + pseudo-labeling. SEED 95.37% is high; disclosed transductive.,,yes,yes,verified,full-text,"Abstract; LOSO results table (SEED 95.37/5.17, SEED-IV 82.50/9.28)","HEAT SEED cross-subject LOSO 95.37/5.17 (near-ceiling, transductive).",cross-subject (LOSO),Abstract,"cross-subject LOSO, transductive DA (unlabeled target + pseudo-labels)",Results 'SEED using LOSO cross-validation',match,,yes,unlabeled-target-data,pool-with-cross-subject,high
HME-0094,EEG-0151,HEAT: Hierarchical Emotion Adaptation with Progressive Thresholding for EEG Emotion (and Consciousness) Recognition,SEED-IV,15,3,62,200 (downsampled),discrete/categorical,happy/sad/fear/neutral (4),balanced,unclear,hierarchical emotion adaptation + progressive pseudo-labeling (HEAT),hierarchical adversarial alignment + progressive pseudo-labeling (uses unlabeled target),unlabeled-target (transductive),no,yes,cross-subject LOSO,15,cross-subject,subject-disjoint (LOSO),unclear,accuracy,82.50,9.28,,no,none reported,mean,cross-subject transductive DA (pseudo-labeling),none,moderate,Transductive DA + pseudo-labeling. SEED 95.37% is high; disclosed transductive.,,yes,no,verified,full-text,"Abstract; LOSO results table (SEED 95.37/5.17, SEED-IV 82.50/9.28)",HEAT SEED-IV cross-subject LOSO 82.50/9.28.,cross-subject (LOSO),Abstract,"cross-subject LOSO, transductive DA (unlabeled target + pseudo-labels)",Results 'SEED using LOSO cross-validation',match,,yes,unlabeled-target-data,pool-with-cross-subject,high
HME-0095,EEG-0151,HEAT: Hierarchical Emotion Adaptation with Progressive Thresholding for EEG Emotion (and Consciousness) Recognition,(consciousness detection - MCS vs vegetative),,,,,,,,,,,,,yes,,,cross-subject,,,accuracy,not extracted,,,,,,"cross-subject (consciousness task, not emotion)",,n/a,,"Pre-allocated row corresponds to HEAT's consciousness-detection task, not emotion recognition.",no,no,partial,full-text,HEAT consciousness detection section,HEAT also does consciousness detection (MCS vs vegetative state) - OUT OF SCOPE for cross-subject EMOTION meta; row pre-allocated but not an emotion result.,,,,,,,,,narrative-only,low
HME-0096,EEG-0151,HEAT: Hierarchical Emotion Adaptation with Progressive Thresholding for EEG Emotion (and Consciousness) Recognition,(consciousness detection),,,,,,,,,,,,,yes,,,cross-subject,,,accuracy,not extracted,,,,,,"cross-subject (consciousness task, not emotion)",,n/a,,Out of cross-subject-emotion scope.,no,no,partial,full-text,,Second HEAT consciousness-detection row - out of emotion-meta scope.,,,,,,,,,narrative-only,low
HME-0097,EEG-0152,Impact of sex differences on subject-independent EEG-based emotion recognition models,SEED,15,3,62,200 (downsampled),discrete/categorical,negative/neutral/positive (3),balanced,unclear,attention deep learning (sex-informed SI model),none (demographic/sex-informed; not DA),none,no,yes,subject-independent (train/test do not share subject),unclear,cross-subject,subject-disjoint,unclear,accuracy,81.5,not reported as single value (per-sex reported),,yes (per-subject/per-sex),regression / significance tests,mean,cross-subject subject-independent (inductive),none,low,SI subject-disjoint (train/test do not share subject); realistic ~74-81%,,yes,yes,verified,full-text,"Results (overall accuracy SEED 81.5, SEED-IV 74.6, SEED-V 78.1)",Sex-differences SI study. SEED overall 81.5% (also 81.0% variant). SEED-V 78.1%.,subject-independent,Title; Abstract,"subject-independent (train/test subject-disjoint), inductive",Sec 2 'training and test sets do not share EEG data from the same subject',match,,yes,none,pool-with-cross-subject,high
HME-0098,EEG-0152,Impact of sex differences on subject-independent EEG-based emotion recognition models,SEED-IV,15,3,62,200 (downsampled),discrete/categorical,happy/sad/fear/neutral (4),balanced,unclear,attention deep learning (sex-informed SI model),none (demographic/sex-informed; not DA),none,no,yes,subject-independent (train/test do not share subject),unclear,cross-subject,subject-disjoint,unclear,accuracy,74.6,~11.0 (male) / 6.6 (female),,yes (per-subject/per-sex),regression / significance tests,mean,cross-subject subject-independent (inductive),none,low,SI subject-disjoint (train/test do not share subject); realistic ~74-81%,,yes,no,verified,full-text,"Results (overall accuracy SEED 81.5, SEED-IV 74.6, SEED-V 78.1)",Sex-differences SI study. SEED-IV overall 74.6%.,subject-independent,Title; Abstract,"subject-independent (train/test subject-disjoint), inductive",Sec 2 'training and test sets do not share EEG data from the same subject',match,,yes,none,pool-with-cross-subject,high
HME-0099,EEG-0154,MG-DA: Multi-branch graph convolution with domain adaptation for emotion recognition,SEED,15,3,62,200 (downsampled),discrete/categorical,negative/neutral/positive (3),balanced,unclear,multi-branch graph convolution + domain adaptation (MG-DA),multi-branch GCN + DA (spatial distribution + class confusion),unlabeled-target (transductive),no,yes,"cross-subject (LOO, per session)",15,cross-subject,subject-disjoint,unclear,accuracy,90.17,4.27,,no,none reported,mean,cross-subject transductive DA,none,low,Transductive DA; SEED 90.17% plausible,,yes,yes,verified,full-text,Results/ablation (SEED cross-subject 90.17/4.27; DEAP 66.38/5.54),"MG-DA SEED cross-subject 90.17/4.27 (full model). Cross-session SEED 93.09, SEED-IV 78.91. SEED-IV cross-subject not text-extractable.",cross-subject,Abstract,cross-subject transductive DA (LOO),Sec Experiments (cross-subject/cross-session LOO),match,,yes,unlabeled-target-data,pool-with-cross-subject,moderate
HME-0100,EEG-0154,MG-DA: Multi-branch graph convolution with domain adaptation for emotion recognition,DEAP,32,1,32,128 (downsampled),dimensional,binary (valence/arousal),,unclear,multi-branch graph convolution + domain adaptation (MG-DA),multi-branch GCN + DA (spatial distribution + class confusion),unlabeled-target (transductive),no,yes,"cross-subject (LOO, per session)",15,cross-subject,subject-disjoint,unclear,accuracy,66.38,5.54,,no,none reported,mean,cross-subject transductive DA,none,low,Transductive DA; SEED 90.17% plausible,,yes,no,verified,full-text,Results/ablation (SEED cross-subject 90.17/4.27; DEAP 66.38/5.54),MG-DA DEAP cross-subject 66.38/5.54.,cross-subject,Abstract,cross-subject transductive DA (LOO),Sec Experiments (cross-subject/cross-session LOO),match,,yes,unlabeled-target-data,pool-with-cross-subject,moderate
HME-0101,EEG-0156,MGGL: a multi-grained graph learning model for EEG emotion recognition,SEED,15,3,62,200 (downsampled),discrete/categorical,negative/neutral/positive (3),balanced,unclear,"multi-grained graph learning (MGGL, self-supervised pretrain + fine-tune)",self-supervised pretraining + supervised fine-tuning (individualized fine-tuning),unclear (individualized fine-tuning for unseen instances),no,yes,subject-independent,unclear,cross-subject,subject-disjoint,unclear,accuracy,90.15,2.11,,no,none reported,mean,cross-subject (self-supervised; target access unclear),none evident,low,SI subject-disjoint; SEED 90.15%. Std tight (2.11).,Individualized fine-tuning may access target instances; target-access rule not explicit.,yes,yes,verified,full-text,"Tables 5/6 (MGGL SI: SEED 90.15/2.11, SEED-IV 80.36/4.71, DEAP 76.42/3.74)",MGGL SEED SI 90.15/2.11.,cross-subject / subject-independent,Abstract,subject-independent (self-supervised pretrain + fine-tune),Sec Experiments (subject-independent),match,,yes,unclear,pool-with-cross-subject,moderate
HME-0102,EEG-0156,MGGL: a multi-grained graph learning model for EEG emotion recognition,SEED-IV,15,3,62,200 (downsampled),discrete/categorical,happy/sad/fear/neutral (4),balanced,unclear,"multi-grained graph learning (MGGL, self-supervised pretrain + fine-tune)",self-supervised pretraining + supervised fine-tuning (individualized fine-tuning),unclear (individualized fine-tuning for unseen instances),no,yes,subject-independent,unclear,cross-subject,subject-disjoint,unclear,accuracy,80.36,4.71,,no,none reported,mean,cross-subject (self-supervised; target access unclear),none evident,low,SI subject-disjoint; SEED 90.15%. Std tight (2.11).,Individualized fine-tuning may access target instances; target-access rule not explicit.,yes,no,verified,full-text,"Tables 5/6 (MGGL SI: SEED 90.15/2.11, SEED-IV 80.36/4.71, DEAP 76.42/3.74)",MGGL SEED-IV SI 80.36/4.71.,cross-subject / subject-independent,Abstract,subject-independent (self-supervised pretrain + fine-tune),Sec Experiments (subject-independent),match,,yes,unclear,pool-with-cross-subject,moderate
HME-0103,EEG-0156,MGGL: a multi-grained graph learning model for EEG emotion recognition,DEAP,32,1,32,128 (downsampled),dimensional,binary (valence/arousal),,unclear,"multi-grained graph learning (MGGL, self-supervised pretrain + fine-tune)",self-supervised pretraining + supervised fine-tuning (individualized fine-tuning),unclear (individualized fine-tuning for unseen instances),no,yes,subject-independent,unclear,cross-subject,subject-disjoint,unclear,accuracy,76.42,3.74,,no,none reported,mean,cross-subject (self-supervised; target access unclear),none evident,low,SI subject-disjoint; SEED 90.15%. Std tight (2.11).,Individualized fine-tuning may access target instances; target-access rule not explicit.,yes,no,verified,full-text,"Tables 5/6 (MGGL SI: SEED 90.15/2.11, SEED-IV 80.36/4.71, DEAP 76.42/3.74)",MGGL DEAP SI 76.42/3.74.,cross-subject / subject-independent,Abstract,subject-independent (self-supervised pretrain + fine-tune),Sec Experiments (subject-independent),match,,yes,unclear,pool-with-cross-subject,moderate
HME-0104,EEG-0161,Multi-source EEG emotion recognition via dynamic contrastive domain adaptation (MS-DCDA),SEED,15,3,62,200 (downsampled),discrete/categorical,negative/neutral/positive (3),balanced,unclear,"multi-source dynamic contrastive DA (MS-DCDA, DE features)",multi-source dynamic contrastive UDA,unlabeled-target (transductive),no,yes,cross-subject leave-one-out (3 LOO rounds),15,cross-subject,subject-disjoint,unclear,accuracy,88.75,8.31,,no,none reported,mean (best 90.84),cross-subject transductive DA,none,low,Transductive multi-source UDA. Abstract headlines ACC-best (90.84) as 'mean'; table ACC-mean=88.75.,ACC-mean 88.75 vs ACC-best 90.84 (SEED). Abstract labels best as 'highest mean'. SEED-IV best 78.49 (mean not text-extractable).,yes,yes,verified,full-text,Results table (MS-DCDA (ours): SEED mean 88.75/best 90.84/std 8.31),MS-DCDA SEED cross-subject ACC-mean 88.75/8.31 (ACC-best 90.84). Cross-session 95.82.,cross-subject,Abstract,cross-subject transductive multi-source UDA (unlabeled target),Results table (ACC-mean/ACC-best/std),match,,yes,unlabeled-target-data,pool-with-cross-subject,high
HME-0105,EEG-0161,Multi-source EEG emotion recognition via dynamic contrastive domain adaptation (MS-DCDA),SEED-IV,15,3,62,200 (downsampled),discrete/categorical,happy/sad/fear/neutral (4),balanced,unclear,"multi-source dynamic contrastive DA (MS-DCDA, DE features)",multi-source dynamic contrastive UDA,unlabeled-target (transductive),no,yes,cross-subject leave-one-out (3 LOO rounds),15,cross-subject,subject-disjoint,unclear,accuracy,78.49,not verified (ACC-mean not extractable),,no,none reported,best (ACC-best 78.49),cross-subject transductive DA,none,low,Transductive multi-source UDA. Abstract headlines ACC-best (90.84) as 'mean'; table ACC-mean=88.75.,ACC-mean 88.75 vs ACC-best 90.84 (SEED). Abstract labels best as 'highest mean'. SEED-IV best 78.49 (mean not text-extractable).,yes,no,verified,full-text,Results table (MS-DCDA (ours): SEED mean 88.75/best 90.84/std 8.31),"MS-DCDA SEED-IV cross-subject ACC-best 78.49 (mean lower, not extracted). Cross-session 82.25.",cross-subject,Abstract,cross-subject transductive multi-source UDA (unlabeled target),Results table (ACC-mean/ACC-best/std),match,,yes,unlabeled-target-data,pool-with-cross-subject,high
HME-0106,EEG-0162,Multi-source domain adaptation with spatio-temporal feature extractor for EEG emotion recognition (DiFLM),SEED,15,3,62,200 (downsampled),discrete/categorical,negative/neutral/positive (3),balanced,unclear,multi-source DA + spatio-temporal feature extractor (MSDA-SFE),"multi-source UDA (Bi-LSTM+CNN, feature alignment)",unlabeled-target (transductive),no,yes,"leave-one-subject-out (per session, 14 source/1 target)",15,cross-subject,subject-disjoint,unclear,accuracy,91.65,2.91,,no,none reported,mean,cross-subject transductive DA,none,low,Explicit LOO 14-source/1-target per session; transductive; SEED 91.65% plausible for MSDA.,,yes,yes,verified,full-text,"Table 1/2 (visual read p.5): SEED cross-subject 91.65/2.91, SEED-IV 73.92/6.04",MSDA-SFE SEED cross-subject 91.65/2.91 (cross-session 92.12/7.12).,cross-subject / subject-independent,Abstract; Sec 3.1,"LOSO cross-subject, transductive multi-source UDA","Sec 3.1 '14 subjects source, remaining one target'; Table 1/2 (visual read p.5)",match,,yes,unlabeled-target-data,pool-with-cross-subject,high
HME-0107,EEG-0162,Multi-source domain adaptation with spatio-temporal feature extractor for EEG emotion recognition (DiFLM),SEED-IV,15,3,62,200 (downsampled),discrete/categorical,happy/sad/fear/neutral (4),balanced,unclear,multi-source DA + spatio-temporal feature extractor (MSDA-SFE),"multi-source UDA (Bi-LSTM+CNN, feature alignment)",unlabeled-target (transductive),no,yes,"leave-one-subject-out (per session, 14 source/1 target)",15,cross-subject,subject-disjoint,unclear,accuracy,73.92,6.04,,no,none reported,mean,cross-subject transductive DA,none,low,Explicit LOO 14-source/1-target per session; transductive; SEED 91.65% plausible for MSDA.,,yes,no,verified,full-text,"Table 1/2 (visual read p.5): SEED cross-subject 91.65/2.91, SEED-IV 73.92/6.04",MSDA-SFE SEED-IV cross-subject 73.92/6.04 (cross-session 76.16/11.77).,cross-subject / subject-independent,Abstract; Sec 3.1,"LOSO cross-subject, transductive multi-source UDA","Sec 3.1 '14 subjects source, remaining one target'; Table 1/2 (visual read p.5)",match,,yes,unlabeled-target-data,pool-with-cross-subject,high
HME-0108,EEG-0163,Multi-source domain separation adversarial domain adaptation for EEG emotion recognition,SEED,15,3,62,200 (downsampled),discrete/categorical,negative/neutral/positive (3),balanced,unclear,multi-source domain separation adversarial DA + pseudo-label,multi-source separation adversarial UDA + self-supervised pseudo-labeling,unlabeled-target (transductive),no,yes,"cross-subject (source-per-subject, matched to target)",15,cross-subject,subject-disjoint,unclear,accuracy,91.68,7.34,,no,none reported,mean,cross-subject transductive DA,none,low,Transductive UDA + pseudo-labeling; SEED 91.68% plausible.,,yes,yes,verified,full-text,"Results (cross-subject SEED 91.68/7.34, SEED-IV 76.70)",MDSADA SEED cross-subject 91.68/7.34. SEED-IV 76.70. DREAMER V/D/A 72.84/82.62/82.72. Cross-session SEED 95.42.,cross-subject (unsupervised DA),Abstract; Keywords,cross-subject transductive UDA (unlabeled target + pseudo-labels),Abstract; results table (3-1-3 config 91.68/7.34),match,,yes,unlabeled-target-data,pool-with-cross-subject,high
HME-0109,EEG-0174,Fusion of Multi-domain EEG Signatures Improves Emotion Recognition,"in-house (Tianjin/AMS; ~24 subjects, 60 channels used)",24 (approx; annotators/subjects),1,60 (64 minus 4),200 (downsampled from 1000),discrete (negative/neutral/positive),3-class (neg/neu/pos),balanced (5 clips each),ICA/bandpass preprocessing (boundary unclear),multi-domain feature fusion (PSD+PLV+microstate) via Discriminant Correlation Analysis,none (feature fusion + classifier),none,no,yes,cross-subject (subject-independent),unclear,cross-subject,subject-disjoint,unclear,accuracy,64.69,11.99,,no,reported,mean,"cross-subject (feature fusion, inductive)",none,low,Realistic low cross-subject accuracy (64.69%); DCA fusion of PSD+PLV+microstate on in-house data.,Primary result on in-house dataset (64.69/11.99). Also SEED 2-class neg/pos 71.14/6.97.,yes,yes,verified,full-text,Sec 3.4 (PSD+PLV+microstate DCA fusion 64.69/11.99); SEED 2-class 71.14/6.97,"In-house multi-domain fusion. Cross-subject DCA fusion 64.69/11.99 (primary). SEED 2-class neg/pos 71.14/6.97 (alternative, comparable to SEED-family).",cross-subject,Abstract,"cross-subject subject-independent (feature fusion, no DA)",Results (average cross-subject accuracy),match,,yes,none,pool-with-cross-subject,moderate
HME-0110,EEG-0176,Directional Spatial and Spectral Attention Network (DSSA Net) for EEG-based emotion recognition,SEED,15,3,62,200 (downsampled),discrete/categorical,negative/neutral/positive (3),balanced,unclear,directional spatial+spectral attention network (DSSA Net),"none (attention; SI-LOSO, not DA)",none,no,yes,leave-one-subject-out (LOSO),15,cross-subject,subject-disjoint (LOSO),unclear,accuracy,87.03,not reported in extracted text,,no,none reported,mean,cross-subject LOSO (inductive),none,low,"SI-LOSO subject-disjoint, no target access; SI SEED 87.03 plausible. DEAP 94.97/94.73 are subject-dependent (excluded).",,yes,yes,verified,full-text,"Abstract & results (SI SEED 87.03, SEED-IV 75.86)","DSSA Net SEED SI-LOSO 87.03%. Subject-dependent SEED 96.61; DEAP 94.97/94.73 (SD, excluded).",subject-independent (LOSO),Abstract; Sec Experiments,LOSO subject-independent (inductive),"Sec 'subject-independent experiments, we employ leave-one-subject-out cross-validation'",match,,yes,none,pool-with-cross-subject,high
HME-0111,EEG-0176,Directional Spatial and Spectral Attention Network (DSSA Net) for EEG-based emotion recognition,SEED-IV,15,3,62,200 (downsampled),discrete/categorical,happy/sad/fear/neutral (4),balanced,unclear,directional spatial+spectral attention network (DSSA Net),"none (attention; SI-LOSO, not DA)",none,no,yes,leave-one-subject-out (LOSO),15,cross-subject,subject-disjoint (LOSO),unclear,accuracy,75.86,not reported in extracted text,,no,none reported,mean,cross-subject LOSO (inductive),none,low,"SI-LOSO subject-disjoint, no target access; SI SEED 87.03 plausible. DEAP 94.97/94.73 are subject-dependent (excluded).",,yes,no,verified,full-text,"Abstract & results (SI SEED 87.03, SEED-IV 75.86)",DSSA Net SEED-IV SI-LOSO 75.86%.,subject-independent (LOSO),Abstract; Sec Experiments,LOSO subject-independent (inductive),"Sec 'subject-independent experiments, we employ leave-one-subject-out cross-validation'",match,,yes,none,pool-with-cross-subject,high
HME-0112,EEG-0183,Multi-source joint domain adaptation for cross-subject and cross-session emotion recognition from EEG (MSJDA),SEED,15,3,62,200 (downsampled),discrete/categorical,negative/neutral/positive (3),balanced,unclear,multi-source joint domain adaptation (MSJDA),multi-source joint UDA (marginal+conditional alignment),unlabeled-target (transductive),no,yes,cross-subject leave-one-subject-out,15,cross-subject,subject-disjoint,unclear,accuracy,81.84,9.37,,no,none reported,mean,cross-subject transductive DA,none,low,"Transductive UDA (source labeled, target unlabeled); SEED cross-subject 81.84% plausible.",,yes,yes,verified,full-text,Results table (MSJDA cross-subject SEED avg 81.84/9.37),MSJDA SEED cross-subject average 81.84/9.37 (cross-session 90.22/6.84). SEED only.,cross-subject,Abstract,cross-subject transductive multi-source UDA (unlabeled target),"Sec (source labeled, target unlabeled - UDA); results table",match,,yes,unlabeled-target-data,pool-with-cross-subject,high
HME-0113,EEG-0185,SSTM-IS: simplified STM method based on instance selection for real-time EEG emotion recognition,SEED,15,3,62,200 (downsampled),discrete/categorical,negative/neutral/positive (3),balanced,unclear,simplified STM + instance selection (SSTM-IS),style transfer mapping + instance selection (few labeled target for fast adaptation),labeled+unlabeled target (few-shot calibration),yes (small amount of labeled target),yes,cross-subject (STM with few labeled target),15,cross-subject,subject-disjoint (uses few labeled target),unclear,accuracy,86.78,6.65,,no,none reported,best (up to),cross-subject with few labeled target (calibration),none (target labels disclosed),moderate,Uses a SMALL amount of LABELED target data (calibration/few-shot) - not pure LOSO/UDA; disclosed. Real-time focus.,Accuracies reported as 'up to' with runtime (SEED 86.78% @7s). Uses few labeled target samples.,yes,yes,verified,full-text,"Results table (SSTM-IS SEED 86.78/6.65, SEED-IV 82.55/8.48)",SSTM-IS SEED 86.78/6.65 (@7s). Uses few LABELED target (calibration) - flag. Self-collected 77.68/5.13.,"cross-subject (real-time, few labeled target)",Abstract,cross-subject STM using a few LABELED target samples (calibration),Abstract 'small amount of labeled data in the target domain',match,,yes,target-labels,needs-adjudication,high
HME-0114,EEG-0185,SSTM-IS: simplified STM method based on instance selection for real-time EEG emotion recognition,SEED-IV,15,3,62,200 (downsampled),discrete/categorical,happy/sad/fear/neutral (4),balanced,unclear,simplified STM + instance selection (SSTM-IS),style transfer mapping + instance selection (few labeled target for fast adaptation),labeled+unlabeled target (few-shot calibration),yes (small amount of labeled target),yes,cross-subject (STM with few labeled target),15,cross-subject,subject-disjoint (uses few labeled target),unclear,accuracy,82.55,8.48,,no,none reported,best (up to),cross-subject with few labeled target (calibration),none (target labels disclosed),moderate,Uses a SMALL amount of LABELED target data (calibration/few-shot) - not pure LOSO/UDA; disclosed. Real-time focus.,Accuracies reported as 'up to' with runtime (SEED 86.78% @7s). Uses few labeled target samples.,yes,no,verified,full-text,"Results table (SSTM-IS SEED 86.78/6.65, SEED-IV 82.55/8.48)",SSTM-IS SEED-IV 82.55/8.48 (@4s).,"cross-subject (real-time, few labeled target)",Abstract,cross-subject STM using a few LABELED target samples (calibration),Abstract 'small amount of labeled data in the target domain',match,,yes,target-labels,needs-adjudication,high
HME-0115,EEG-0186,STGATE: Spatial-temporal graph attention network with a transformer encoder for EEG-based emotion recognition,SEED,15,3,62,200 (downsampled),discrete/categorical,negative/neutral/positive (3),balanced,unclear,spatial-temporal graph attention + transformer encoder (STGATE),"none (graph attention; LOSO, not DA)",none,no,yes,leave-one-subject-out (LOSO),15,cross-subject,subject-disjoint (LOSO),10-round CV averaged,accuracy,90.37,6.18,,no,none reported,mean,cross-subject LOSO (inductive),none,low,"Explicit LOSO subject-disjoint, no target access; SEED 90.37% plausible.",,yes,yes,verified,full-text,"Results table (STGATE(Ours): SEED 90.37/6.18, SEED-IV 76.43/5.01)",STGATE SEED LOSO 90.37/6.18.,cross-subject (LOSO),Abstract,LOSO cross-subject (inductive),Abstract 'leave-one-subject-out experiments',match,,yes,none,pool-with-cross-subject,high
HME-0116,EEG-0186,STGATE: Spatial-temporal graph attention network with a transformer encoder for EEG-based emotion recognition,SEED-IV,15,3,62,200 (downsampled),discrete/categorical,happy/sad/fear/neutral (4),balanced,unclear,spatial-temporal graph attention + transformer encoder (STGATE),"none (graph attention; LOSO, not DA)",none,no,yes,leave-one-subject-out (LOSO),15,cross-subject,subject-disjoint (LOSO),10-round CV averaged,accuracy,76.43,5.01,,no,none reported,mean,cross-subject LOSO (inductive),none,low,"Explicit LOSO subject-disjoint, no target access; SEED 90.37% plausible.",,yes,no,verified,full-text,"Results table (STGATE(Ours): SEED 90.37/6.18, SEED-IV 76.43/5.01)",STGATE SEED-IV LOSO 76.43/5.01.,cross-subject (LOSO),Abstract,LOSO cross-subject (inductive),Abstract 'leave-one-subject-out experiments',match,,yes,none,pool-with-cross-subject,high
HME-0117,EEG-0186,STGATE: Spatial-temporal graph attention network with a transformer encoder for EEG-based emotion recognition,DREAMER,23,1,14,128,dimensional,valence/arousal (binary),,unclear,spatial-temporal graph attention + transformer encoder (STGATE),"none (graph attention; LOSO, not DA)",none,no,yes,leave-one-subject-out (LOSO),15,cross-subject,subject-disjoint (LOSO),10-round CV averaged,accuracy,76.35,not verified (avg V/A),,no,none reported,mean,cross-subject LOSO (inductive),none,low,"Explicit LOSO subject-disjoint, no target access; SEED 90.37% plausible.",,yes,no,verified,full-text,"Results table (STGATE(Ours): SEED 90.37/6.18, SEED-IV 76.43/5.01)","STGATE DREAMER LOSO avg 76.35 (valence 77.44, arousal 75.26).",cross-subject (LOSO),Abstract,LOSO cross-subject (inductive),Abstract 'leave-one-subject-out experiments',match,,yes,none,pool-with-cross-subject,high
HME-0118,EEG-0187,Hybrid transfer learning strategy for cross-subject EEG emotion recognition (DFF-Net),SEED,15,3,62,200 (downsampled),discrete/categorical,negative/neutral/positive (3),balanced,unclear,domain adaptation + few-shot fine-tuning (DFF-Net),Emo-DA pretraining + few-shot fine-tuning ON TARGET domain,labeled+unlabeled target (DA + few-shot fine-tune),yes (few-shot fine-tuning on target),yes,cross-subject (DA + few-shot target fine-tuning),15,cross-subject,subject-disjoint but FINE-TUNES on target labels,unclear,accuracy,93.37,1.88,,no,none reported,mean,cross-subject with few-shot target fine-tuning (target labels used),none (target-label use disclosed),moderate,NEAR-CEILING 93.37% with very tight std 1.88. Uses FEW-SHOT FINE-TUNING ON TARGET (target labels) - inflates vs pure LOSO/UDA; disclosed.,Fine-tunes on target domain (few-shot target labels). Not directly comparable to pure UDA/LOSO. SEED-IV 82.3/5.38.,yes,yes,verified,full-text,"Results (DFF-Net SEED 93.37/1.88; ablation: FT-only 88.09, DA-only 71.32)","DFF-Net SEED 93.37/1.88 (near-ceiling, tight std). Uses few-shot target-label fine-tuning -> not pure LOSO; flag for adjudication.","cross-subject (hybrid transfer, few-shot)",Abstract; Keywords,cross-subject DA + few-shot fine-tuning using TARGET labels,Abstract 'fine-tuning performed on the target domain'; 'few-shot',partial-match,target-label-use-unstated,yes,target-labels,needs-adjudication,high
HME-0119,EEG-0188,Multi-source domain adaptation for EEG emotion recognition based on inter-domain sample hybridization,SEED,15,3,62,200 (downsampled),discrete/categorical,negative/neutral/positive (3),balanced,unclear,multi-source DA + inter-domain sample hybridization,multi-source UDA + directional source-target sample hybridization,unlabeled-target (transductive),no,yes,cross-subject leave-one-subject-out,15,cross-subject,subject-disjoint,unclear,accuracy,90.27,5.56,,no,none reported,mean,cross-subject transductive DA,none,low,Transductive UDA (hybridizes unlabeled target); SEED 90.27% plausible.,,yes,yes,verified,full-text,"Results table (SEED 90.27/5.56, SEED-IV 73.41/8.27)",Sample-hybridization MSDA SEED cross-subject 90.27/5.56 (cross-session 94.16).,cross-subject,Abstract,"cross-subject LOSO, transductive multi-source UDA (unlabeled target)",Sec (hybridizes source/target; target unlabeled); results table,match,,yes,unlabeled-target-data,pool-with-cross-subject,high
HME-0120,EEG-0188,Multi-source domain adaptation for EEG emotion recognition based on inter-domain sample hybridization,SEED-IV,15,3,62,200 (downsampled),discrete/categorical,happy/sad/fear/neutral (4),balanced,unclear,multi-source DA + inter-domain sample hybridization,multi-source UDA + directional source-target sample hybridization,unlabeled-target (transductive),no,yes,cross-subject leave-one-subject-out,15,cross-subject,subject-disjoint,unclear,accuracy,73.41,8.27,,no,none reported,mean,cross-subject transductive DA,none,low,Transductive UDA (hybridizes unlabeled target); SEED 90.27% plausible.,,yes,no,verified,full-text,"Results table (SEED 90.27/5.56, SEED-IV 73.41/8.27)",SEED-IV cross-subject 73.41/8.27 (abstract 73.21; cross-session 75.05).,cross-subject,Abstract,"cross-subject LOSO, transductive multi-source UDA (unlabeled target)",Sec (hybridizes source/target; target unlabeled); results table,match,,yes,unlabeled-target-data,pool-with-cross-subject,high
HME-0121,EEG-0198,Possibilistic distribution distance metric: a robust domain adaptation learning method (C-PDDM),SEED,15,3,62,200 (downsampled),discrete/categorical,negative/neutral/positive (3),balanced,unclear,possibilistic distribution distance metric DA (C-PDDM),possibilistic distance DA + label propagation + pseudo-labels (MMD-robust),unlabeled-target (transductive),no,yes,"cross-subject (source/target, LOSO-style)",15,cross-subject,subject-disjoint,unclear,accuracy,86.49,5.20,,no,none reported,mean,cross-subject transductive DA,none,low,Transductive DA with pseudo-labels. Large gap shallow (73.82) vs deep-feature (86.49) variant.,"Two variants: without deep features SEED 73.82/6.12, SEED-IV 67.83/8.06; WITH deep features SEED 86.49/5.20, SEED-IV 72.88/6.02. Deep-feature taken as primary.",yes,yes,verified,full-text,"Results (C-PDDM deep: SEED 86.49/5.20, SEED-IV 72.88/6.02)",C-PDDM SEED (with deep features) 86.49/5.20. Shallow variant 73.82/6.12.,cross-subject,Abstract,cross-subject transductive DA (label propagation + pseudo-labels),Results (three-class SEED; four-class SEED-IV),match,,yes,unlabeled-target-data,pool-with-cross-subject,moderate
HME-0122,EEG-0198,Possibilistic distribution distance metric: a robust domain adaptation learning method (C-PDDM),SEED-IV,15,3,62,200 (downsampled),discrete/categorical,happy/sad/fear/neutral (4),balanced,unclear,possibilistic distribution distance metric DA (C-PDDM),possibilistic distance DA + label propagation + pseudo-labels (MMD-robust),unlabeled-target (transductive),no,yes,"cross-subject (source/target, LOSO-style)",15,cross-subject,subject-disjoint,unclear,accuracy,72.88,6.02,,no,none reported,mean,cross-subject transductive DA,none,low,Transductive DA with pseudo-labels. Large gap shallow (73.82) vs deep-feature (86.49) variant.,"Two variants: without deep features SEED 73.82/6.12, SEED-IV 67.83/8.06; WITH deep features SEED 86.49/5.20, SEED-IV 72.88/6.02. Deep-feature taken as primary.",yes,no,verified,full-text,"Results (C-PDDM deep: SEED 86.49/5.20, SEED-IV 72.88/6.02)",C-PDDM SEED-IV (deep) 72.88/6.02. Shallow 67.83/8.06.,cross-subject,Abstract,cross-subject transductive DA (label propagation + pseudo-labels),Results (three-class SEED; four-class SEED-IV),match,,yes,unlabeled-target-data,pool-with-cross-subject,moderate
HME-0123,EEG-0203,Domain adaptive deep possibilistic clustering for EEG-based emotion recognition,SEED,15,3,62,200 (downsampled),discrete/categorical,negative/neutral/positive (3),balanced,unclear,domain adaptive deep possibilistic clustering (DADPc),deep possibilistic clustering DA + pseudo-labels + memory bank,unlabeled-target (transductive),no,yes,cross-subject (source/target),15,cross-subject,subject-disjoint,unclear,accuracy,87.83,4.21,,no,none reported,mean,cross-subject transductive DA,none,low,Transductive DA + pseudo-labels; SEED cross-subject 87.83% plausible. Peak 94.62 is cross-session/other protocol.,"Cross-subject SEED 87.83/4.21, SEED-IV 75.31/6.22. Peak 94.62/4.37 reported (cross-session/other).",yes,yes,verified,full-text,"Results (DADPc SEED 87.83/4.21, SEED-IV 75.31/6.22)",DADPc SEED cross-subject 87.83/4.21.,cross-subject,Abstract,cross-subject transductive DA (pseudo-labels),Results Tables 1/2 (cross-subject),match,,yes,unlabeled-target-data,pool-with-cross-subject,moderate
HME-0124,EEG-0203,Domain adaptive deep possibilistic clustering for EEG-based emotion recognition,SEED-IV,15,3,62,200 (downsampled),discrete/categorical,happy/sad/fear/neutral (4),balanced,unclear,domain adaptive deep possibilistic clustering (DADPc),deep possibilistic clustering DA + pseudo-labels + memory bank,unlabeled-target (transductive),no,yes,cross-subject (source/target),15,cross-subject,subject-disjoint,unclear,accuracy,75.31,6.22,,no,none reported,mean,cross-subject transductive DA,none,low,Transductive DA + pseudo-labels; SEED cross-subject 87.83% plausible. Peak 94.62 is cross-session/other protocol.,"Cross-subject SEED 87.83/4.21, SEED-IV 75.31/6.22. Peak 94.62/4.37 reported (cross-session/other).",yes,no,verified,full-text,"Results (DADPc SEED 87.83/4.21, SEED-IV 75.31/6.22)",DADPc SEED-IV cross-subject 75.31/6.22.,cross-subject,Abstract,cross-subject transductive DA (pseudo-labels),Results Tables 1/2 (cross-subject),match,,yes,unlabeled-target-data,pool-with-cross-subject,moderate
HME-0125,EEG-0205,MSGM: a multi-scale spatiotemporal graph Mamba for EEG emotion recognition,SEED,15,3,62,200 (downsampled),discrete/categorical,negative/neutral/positive (3),balanced,unclear,multi-scale spatiotemporal graph Mamba (MSGM),none (SI; not DA),none,no,yes,subject-independent (leave-subjects-out),unclear,cross-subject,subject-disjoint,unclear,accuracy,83.43,11.42,,no,paired t-test (vs DGCNN/TSception),mean,cross-subject subject-independent (inductive),none,low,"SI subject-disjoint, no target access; SEED 83.43% (F1 85.03) plausible.",,yes,yes,verified,full-text,"Table 4 (MSGM SEED 83.43/11.42, F1 85.03)","MSGM SEED SI 83.43/11.42 (F1 85.03). Also THU-EP 62.39/3.13, FACED 63.17/3.62.",subject-independent,Abstract; Results,subject-independent (inductive),Abstract 'subject-independent protocols',match,,yes,none,pool-with-cross-subject,high
HME-0126,EEG-0212,Identifying relevant EEG channels for subject-independent emotion recognition using attention,SEED,15,3,62,200 (downsampled),discrete/categorical,negative/neutral/positive (3),balanced,unclear,attention-based deep learning (channel relevance),"none (SI; attention channel selection, not DA)",none,no,yes,subject-independent (different individuals for train/test),unclear,cross-subject,subject-disjoint,unclear,accuracy,79.3,,76.0-82.5 (95% CI),yes,95% CI reported,mean,cross-subject subject-independent (inductive),none,low,SI subject-disjoint (different individuals train/test); realistic ~60-79% with CIs.,,yes,yes,verified,full-text,,Channel-attention SI SEED 79.3% (CI 76.0-82.5). Companion study to EEG-0152 (same authors).,subject-independent,Title; Abstract,subject-independent (inductive; different individuals train/test),Abstract 'subject-independent approach uses different individuals for training and testing',match,,yes,none,pool-with-cross-subject,high
HME-0127,EEG-0212,Identifying relevant EEG channels for subject-independent emotion recognition using attention,SEED-IV,15,3,62,200 (downsampled),discrete/categorical,happy/sad/fear/neutral (4),balanced,unclear,attention-based deep learning (channel relevance),"none (SI; attention channel selection, not DA)",none,no,yes,subject-independent (different individuals for train/test),unclear,cross-subject,subject-disjoint,unclear,accuracy,69.5,,64.2-74.8 (95% CI),yes,95% CI reported,mean,cross-subject subject-independent (inductive),none,low,SI subject-disjoint (different individuals train/test); realistic ~60-79% with CIs.,,yes,no,verified,full-text,,Channel-attention SI SEED-IV 69.5% (CI 64.2-74.8).,subject-independent,Title; Abstract,subject-independent (inductive; different individuals train/test),Abstract 'subject-independent approach uses different individuals for training and testing',match,,yes,none,pool-with-cross-subject,high
HME-0128,EEG-0212,Identifying relevant EEG channels for subject-independent emotion recognition using attention,SEED-V,16,3,62,200 (downsampled),discrete/categorical,happy/sad/fear/disgust/neutral (5),balanced,unclear,attention-based deep learning (channel relevance),"none (SI; attention channel selection, not DA)",none,no,yes,subject-independent (different individuals for train/test),unclear,cross-subject,subject-disjoint,unclear,accuracy,60.7,,52.3-69.2 (95% CI),yes,95% CI reported,mean,cross-subject subject-independent (inductive),none,low,SI subject-disjoint (different individuals train/test); realistic ~60-79% with CIs.,,yes,no,verified,full-text,,Channel-attention SI SEED-V 60.7% (CI 52.3-69.2).,subject-independent,Title; Abstract,subject-independent (inductive; different individuals train/test),Abstract 'subject-independent approach uses different individuals for training and testing',match,,yes,none,pool-with-cross-subject,high
HME-0129,EEG-0213,DGAT: a dynamic graph attention neural network framework for EEG emotion recognition,SEED,15,3,62,200 (downsampled),discrete/categorical,negative/neutral/positive (3),balanced,unclear,dynamic graph attention NN (DGAT),none (graph attention; not DA),none,no,yes,subject-independent,unclear,cross-subject,subject-disjoint,unclear,accuracy,90.03,4.28,,no,none reported,mean,cross-subject subject-independent (inductive),none,low,"SI subject-disjoint, no target access; SEED 90.03% plausible.",,yes,yes,verified,full-text,Results (DGAT SEED SI 90.03/4.28; SD 94.00/2.60),"DGAT SEED SI 90.03/4.28. DEAP SI valence 84.27/13.74, arousal 83.84/10.20 (separate). SD SEED 94.00/2.60.",subject-independent,Abstract,subject-independent (inductive),Results (subject-independent experiments),match,,yes,none,pool-with-cross-subject,high
HME-0130,EEG-0227,Adaptive Domain Alignment Neural Networks for Cross-Domain EEG Emotion Recognition (ADANN),SEED,15,3,62,200 (downsampled),discrete/categorical,negative/neutral/positive (3),balanced,unclear,"adaptive domain alignment NN (ADANN, label-wise prototypes)",conditional distribution alignment via label-wise prototypes (UDA),unlabeled-target (transductive),no,yes,cross-subject single-session LOSO (45 exp = 3 sessions x 15 subjects),15,cross-subject,subject-disjoint,unclear,accuracy,91.92,5.44,,no,none reported,mean,cross-subject transductive DA,none,low,"Transductive UDA (all target samples, no labels). SEED 91.92% plausible.",,yes,yes,verified,full-text,"Results (ADANN cross-subject single-session: SEED 91.92/5.44, SEED-IV 73.95/9.08)",ADANN SEED cross-subject single-session LOSO 91.92/5.44. (Within-subject cross-session 90.03; generalizability 91.54.),cross-subject,Abstract,"cross-subject single-session LOSO, transductive UDA (unlabeled target)",Sec 'provide all samples but none of labels for target domain'; results,match,,yes,unlabeled-target-data,pool-with-cross-subject,high
HME-0131,EEG-0227,Adaptive Domain Alignment Neural Networks for Cross-Domain EEG Emotion Recognition (ADANN),SEED-IV,15,3,62,200 (downsampled),discrete/categorical,happy/sad/fear/neutral (4),balanced,unclear,"adaptive domain alignment NN (ADANN, label-wise prototypes)",conditional distribution alignment via label-wise prototypes (UDA),unlabeled-target (transductive),no,yes,cross-subject single-session LOSO (45 exp = 3 sessions x 15 subjects),15,cross-subject,subject-disjoint,unclear,accuracy,73.95,9.08,,no,none reported,mean,cross-subject transductive DA,none,low,"Transductive UDA (all target samples, no labels). SEED 91.92% plausible.",,yes,no,verified,full-text,"Results (ADANN cross-subject single-session: SEED 91.92/5.44, SEED-IV 73.95/9.08)",ADANN SEED-IV cross-subject single-session 73.95/9.08.,cross-subject,Abstract,"cross-subject single-session LOSO, transductive UDA (unlabeled target)",Sec 'provide all samples but none of labels for target domain'; results,match,,yes,unlabeled-target-data,pool-with-cross-subject,high
HME-0132,EEG-0230,An EEG-Based Multi-Source Domain Knowledge Transfer Framework for Cross-Session and Cross-Subject Emotion Recognition (MS-KTF),SEED,15,3,62,200 (downsampled),discrete/categorical,negative/neutral/positive (3),balanced,unclear,multi-source domain knowledge transfer framework (MS-KTF) + knowledge distillation,multi-source UDA (triplet+MMD) + knowledge distillation,unlabeled-target (transductive),no,yes,cross-subject leave-one-subject-out,15,cross-subject,subject-disjoint,unclear,accuracy,97.06,8.65,,no,none reported,mean,cross-subject transductive DA,none,moderate,"NEAR-CEILING SEED cross-subject ~97% (Avg 96.94/9.50, Sum 97.06/8.65, Mode 97.19/6.71). Transductive MSDA; very high, verify.","Merge-method variants: Avg 96.94/9.50, Sum 97.06/8.65, Mode 97.19/6.71. SEED-IV ~74-75. DEAP valence 60.54/arousal 57.03.",yes,yes,verified,full-text,Results table (MS-KTF SEED cross-subject Sum-Based 97.06/8.65),MS-KTF SEED cross-subject 97.06/8.65 (Sum-Based) - NEAR-CEILING flag. SEED-IV 75.22/9.95. DEAP val 60.54/aro 57.03.,cross-subject,Abstract,"cross-subject LOSO, transductive multi-source UDA (unlabeled target)",Results table (cross-subject column),match,,yes,unlabeled-target-data,pool-with-cross-subject,high
HME-0133,EEG-0231,An Efficient Graph Learning System for Emotion Recognition Inspired by the Cognitive Prior Graph of EEG Brain Network (BF-GCN),SEED,15,3,62,200 (downsampled),discrete/categorical,negative/neutral/positive (3),balanced,unclear,brain-network-inspired GCN + fused attention (BF-GCN),graph learning with brain-network prior (SI; DA/target use not explicit),unclear,no,yes,subject-independent,unclear,cross-subject,subject-disjoint,unclear,accuracy,92.72,3.90,,no,none reported,mean,cross-subject subject-independent,none evident,low,SI SEED 92.72/3.90 (comparable to PR-PL 93.06). Target-access rule not explicit.,Target-access rule (DG vs transductive) not explicit in extracted text.,yes,yes,verified,full-text,"Abstract & Table (SI SEED 92.72/3.90, SEED-IV 82.03)","BF-GCN SEED SI 92.72/3.90, SEED-IV SI 82.03. SD SEED 97.44, SEED-IV 89.55.",subject-independent,Abstract,subject-independent cross-subject; target-access unclear,Sec IV (subject-independent experiments),match,,yes,unclear,pool-with-cross-subject,moderate
HME-0134,EEG-0256,Deep Neural Network for Emotion Recognition Based on Meta-Transfer Learning,SEED,15,3,62,200 (downsampled),discrete/categorical,negative/neutral/positive (3),balanced,unclear,deep NN + meta-transfer learning (Reptile),meta-learning (Reptile) with target-subject calibration + pseudo-labels,labeled+unlabeled target (few-shot calibration),yes (few-shot target calibration),yes,cross-subject (meta-learning with target adaptation),15,cross-subject,subject-disjoint but adapts on few target samples,unclear,accuracy,77.5,8.8,,no,none reported,mean,cross-subject meta-learning with few-shot target adaptation,none (target-label use disclosed),moderate,Uses few target samples for meta-adaptation (few-shot target labels). Realistic 77.5%. Direct transfer only 49.2%.,Meta-transfer adapts with small number of target samples (few-shot). SEED-IV 61.2/8.3.,yes,yes,verified,full-text,"Results (SEED 77.5/8.8, SEED-IV 61.2/8.3)",Meta-transfer SEED 77.5/8.8 (few-shot target adaptation). Realistic; direct-transfer baseline 49.2%.,cross-subject (meta-transfer),Abstract,cross-subject meta-learning with few-shot target adaptation (target labels),Abstract 'calibrated with more data of target subjects'; Results,match,,yes,target-labels,needs-adjudication,high
HME-0135,EEG-0257,Deep Representation Learning With Assisted Domain Adaptation for EEG-Based Cross-Subject Emotion Recognition,SEED,15,3,62,200 (downsampled),discrete/categorical,negative/neutral/positive (3),balanced,unclear,"assisted domain adaptive representation learning (ADARL, attention)",adversarial DA + class-aware compactness + auxiliary domain-specific features,unlabeled-target (transductive),no,yes,"cross-subject (source labeled, target unlabeled)",15,cross-subject,subject-disjoint,unclear,accuracy,93.05,4.36,,no,none reported,mean,cross-subject transductive DA,none,moderate,Transductive UDA. SEED 93.05% is high-ish; disclosed.,,yes,yes,verified,full-text,"Table I (ADARL: SEED 93.05/4.36, SEED-IV 85.62/4.22)",ADARL SEED cross-subject 93.05/4.36. Base model 85.76; conventional DA 90.28.,cross-subject,Abstract,cross-subject transductive UDA (unlabeled target),"Table I (cross-subject, avg acc+std); 'unlabeled target dataset'",match,,yes,unlabeled-target-data,pool-with-cross-subject,high
HME-0136,EEG-0257,Deep Representation Learning With Assisted Domain Adaptation for EEG-Based Cross-Subject Emotion Recognition,SEED-IV,15,3,62,200 (downsampled),discrete/categorical,happy/sad/fear/neutral (4),balanced,unclear,"assisted domain adaptive representation learning (ADARL, attention)",adversarial DA + class-aware compactness + auxiliary domain-specific features,unlabeled-target (transductive),no,yes,"cross-subject (source labeled, target unlabeled)",15,cross-subject,subject-disjoint,unclear,accuracy,85.62,4.22,,no,none reported,mean,cross-subject transductive DA,none,moderate,Transductive UDA. SEED 93.05% is high-ish; disclosed.,,yes,no,verified,full-text,"Table I (ADARL: SEED 93.05/4.36, SEED-IV 85.62/4.22)","ADARL SEED-IV cross-subject 85.62/4.22. DEAP arousal 70.22, valence 69.14.",cross-subject,Abstract,cross-subject transductive UDA (unlabeled target),"Table I (cross-subject, avg acc+std); 'unlabeled target dataset'",match,,yes,unlabeled-target-data,pool-with-cross-subject,high
HME-0137,EEG-0264,Domain-Invariant Adaptive Graph Regularized Label Propagation for EEG-Based Emotion Recognition,SEED,15,3,62,200 (downsampled),discrete/categorical,negative/neutral/positive (3),balanced,unclear,"domain-invariant adaptive graph regularized label propagation (DIAGLP, +ResNet101)",graph-regularized label propagation + target pseudo-labels (joint optimization),unlabeled-target (transductive),no,yes,leave-one-subject-out (LOSO),15,cross-subject,subject-disjoint,unclear,accuracy,93.56,6.42,,no,none reported,mean,cross-subject transductive DA,none,low,"Transductive DA with pseudo-labels, LOSO. Multiple feature/protocol configs reported.","Multiple configs: DIAGLP (non-deep) SEED 82.58/7.52; DIAGLP+ResNet101 SEED 93.56/6.42 (also 85.72/5.45, 77.23/6.12 under CUCE/WUCE). Chose DIAGLP+ResNet101 as primary.",yes,yes,verified,full-text,"Results (DIAGLP+ResNet101 SEED 93.56/6.42, SEED-IV 74.76/8.38)",DIAGLP+ResNet101 SEED LOSO 93.56/6.42 (non-deep DIAGLP 82.58/7.52). Multiple configs reported.,cross-subject,Abstract,"LOSO cross-subject, transductive DA (label propagation + pseudo-labels)",Tables 2-5 (LOSO cross-validation),match,,yes,unlabeled-target-data,pool-with-cross-subject,moderate
HME-0138,EEG-0264,Domain-Invariant Adaptive Graph Regularized Label Propagation for EEG-Based Emotion Recognition,SEED-IV,15,3,62,200 (downsampled),discrete/categorical,happy/sad/fear/neutral (4),balanced,unclear,"domain-invariant adaptive graph regularized label propagation (DIAGLP, +ResNet101)",graph-regularized label propagation + target pseudo-labels (joint optimization),unlabeled-target (transductive),no,yes,leave-one-subject-out (LOSO),15,cross-subject,subject-disjoint,unclear,accuracy,74.76,8.38,,no,none reported,mean,cross-subject transductive DA,none,low,"Transductive DA with pseudo-labels, LOSO. Multiple feature/protocol configs reported.","Multiple configs: DIAGLP (non-deep) SEED 82.58/7.52; DIAGLP+ResNet101 SEED 93.56/6.42 (also 85.72/5.45, 77.23/6.12 under CUCE/WUCE). Chose DIAGLP+ResNet101 as primary.",yes,no,verified,full-text,"Results (DIAGLP+ResNet101 SEED 93.56/6.42, SEED-IV 74.76/8.38)",DIAGLP+ResNet101 SEED-IV LOSO 74.76/8.38 (non-deep 70.25/5.33).,cross-subject,Abstract,"LOSO cross-subject, transductive DA (label propagation + pseudo-labels)",Tables 2-5 (LOSO cross-validation),match,,yes,unlabeled-target-data,pool-with-cross-subject,moderate
HME-0139,EEG-0268,Dynamic-Attention-Based EEG State Transition Modeling for Emotion Recognition,SEED,15,3,62,200 (downsampled),discrete/categorical,negative/neutral/positive (3),balanced,unclear,dynamic-attention EEG state transition (DAEST) + contrastive learning,contrastive learning for cross-subject (domain generalization),none,no,yes,cross-subject (leave-subjects-out; approaches DG saturation),unclear,cross-subject,subject-disjoint,unclear,accuracy,88.1,3.6,,no,none reported,mean,cross-subject subject-independent (inductive),none,low,"Contrastive cross-subject (DG-like, no target access); realistic accuracies.",,yes,yes,verified,full-text,"Abstract & Tables (SEED 88.1/3.6, SEED-V 73.6/12.7, FACED-2 81.7/4.3)",DAEST SEED 3-class cross-subject 88.1/3.6.,subject-independent,Abstract,"cross-subject (contrastive, domain-generalization; no target labels)",Abstract; Tables I/II,match,,yes,none,pool-with-cross-subject,high
HME-0140,EEG-0268,Dynamic-Attention-Based EEG State Transition Modeling for Emotion Recognition,SEED-V,16,3,62,200 (downsampled),discrete/categorical,happy/sad/fear/disgust/neutral (5),balanced,unclear,dynamic-attention EEG state transition (DAEST) + contrastive learning,contrastive learning for cross-subject (domain generalization),none,no,yes,cross-subject (leave-subjects-out; approaches DG saturation),unclear,cross-subject,subject-disjoint,unclear,accuracy,73.6,12.7,,no,none reported,mean,cross-subject subject-independent (inductive),none,low,"Contrastive cross-subject (DG-like, no target access); realistic accuracies.",,yes,no,verified,full-text,"Abstract & Tables (SEED 88.1/3.6, SEED-V 73.6/12.7, FACED-2 81.7/4.3)",DAEST SEED-V 5-class cross-subject 73.6/12.7.,subject-independent,Abstract,"cross-subject (contrastive, domain-generalization; no target labels)",Abstract; Tables I/II,match,,yes,none,pool-with-cross-subject,high
HME-0141,EEG-0268,Dynamic-Attention-Based EEG State Transition Modeling for Emotion Recognition,FACED,123,1,32,250 (downsampled),discrete/categorical,positive/negative (binary),,unclear,dynamic-attention EEG state transition (DAEST) + contrastive learning,contrastive learning for cross-subject (domain generalization),none,no,yes,cross-subject (leave-subjects-out; approaches DG saturation),unclear,cross-subject,subject-disjoint,unclear,accuracy,81.7,4.3,,no,none reported,mean,cross-subject subject-independent (inductive),none,low,"Contrastive cross-subject (DG-like, no target access); realistic accuracies.",,yes,no,verified,full-text,"Abstract & Tables (SEED 88.1/3.6, SEED-V 73.6/12.7, FACED-2 81.7/4.3)",DAEST FACED binary 81.7/4.3 (FACED 9-class 67.9/7.3).,subject-independent,Abstract,"cross-subject (contrastive, domain-generalization; no target labels)",Abstract; Tables I/II,match,,yes,none,pool-with-cross-subject,high
HME-0142,EEG-0276,EMO-CARE: EEG Multi-Scale Temporal Modeling With Channel-Aware Feature Attention for Robust Cross-Subject Emotion Recognition,SEED,15,3,62,200 (downsampled),discrete/categorical,negative/neutral/positive (3),balanced,unclear,multi-scale TCN + channel-aware feature attention (EMO-CARE),none (LOSO; not DA),none,no,yes,leave-one-subject-out (LOSO),15,cross-subject,subject-disjoint (LOSO),unclear,accuracy,94.27,not reported in extracted text,,no,none reported,mean,cross-subject LOSO (inductive),none,moderate,Claims rigorous LOSO. SEED 94.27% is HIGH for an inductive LOSO method (higher than most transductive); worth scrutiny.,"SEED 94.27 SI-LOSO is unusually high for inductive method. F1: SEED 94.2, SEED-V 91.1, DREAMER 83.3.",yes,yes,verified,full-text,"Results (SEED 94.27, SEED-V 91.23, DREAMER 84.33)",EMO-CARE SEED LOSO 94.27 (HIGH for inductive; flag). DREAMER 84.33.,subject-independent (LOSO),Title; Abstract,LOSO subject-independent (inductive),Abstract 'rigorous Leave-One-Subject-Out (LOSO) protocol',match,,yes,none,pool-with-cross-subject,high
HME-0143,EEG-0276,EMO-CARE: EEG Multi-Scale Temporal Modeling With Channel-Aware Feature Attention for Robust Cross-Subject Emotion Recognition,SEED-V,16,3,62,200 (downsampled),discrete/categorical,happy/sad/fear/disgust/neutral (5),balanced,unclear,multi-scale TCN + channel-aware feature attention (EMO-CARE),none (LOSO; not DA),none,no,yes,leave-one-subject-out (LOSO),15,cross-subject,subject-disjoint (LOSO),unclear,accuracy,91.23,not reported in extracted text,,no,none reported,mean,cross-subject LOSO (inductive),none,moderate,Claims rigorous LOSO. SEED 94.27% is HIGH for an inductive LOSO method (higher than most transductive); worth scrutiny.,"SEED 94.27 SI-LOSO is unusually high for inductive method. F1: SEED 94.2, SEED-V 91.1, DREAMER 83.3.",yes,no,verified,full-text,"Results (SEED 94.27, SEED-V 91.23, DREAMER 84.33)",EMO-CARE SEED-V LOSO 91.23.,subject-independent (LOSO),Title; Abstract,LOSO subject-independent (inductive),Abstract 'rigorous Leave-One-Subject-Out (LOSO) protocol',match,,yes,none,pool-with-cross-subject,high
HME-0144,EEG-0292,Exploiting the Intrinsic Neighborhood Semantic Structure for Domain Adaptation in EEG-Based Emotion Recognition,SEED,15,3,62,200 (downsampled),discrete/categorical,negative/neutral/positive (3),balanced,unclear,neighborhood semantic aware learning + dynamic graph attention conv (NSAL-DGAT),DA with neighborhood semantic structure + pseudo-label refinement,unlabeled-target (transductive),no,yes,leave-one-subject-out (LOSO),15,cross-subject,subject-disjoint,unclear,accuracy,95.69,5.24,,no,none reported,mean,cross-subject transductive DA,none,high,NEAR-CEILING SEED SI-LOSO 95.69% - among highest in corpus for cross-subject SEED; transductive pseudo-labeling. Scrutinize.,SEED SI-LOSO 95.69/05.24 (near-ceiling). SEED SD (9-train/6-test trials) 96.53/09.10. HIED SI 75.82/13.35.,yes,yes,verified,full-text,Results Table III / ablations (SEED SI 95.69/05.24),NSAL-DGAT SEED SI-LOSO 95.69/5.24 - NEAR-CEILING flag (transductive pseudo-labeling). HIED SI 75.82/13.35.,cross-subject,Abstract,"LOSO cross-subject, transductive DA (pseudo-labels + unlabeled target)",Sec 'subject-independent experiment ... leave-one-subject-out'; ablations anchor 95.69,match,,yes,unlabeled-target-data,pool-with-cross-subject,high
HME-0145,EEG-0315,M3D: Manifold-Based Domain Adaptation With Dynamic Distribution for Non-Deep Transfer Learning in Cross-Subject and Cross-Session EEG Emotion Recognition,SEED,15,3,62,200 (downsampled),discrete/categorical,negative/neutral/positive (3),balanced,unclear,"manifold-based DA with dynamic distribution (M3D, non-deep + ensemble)",Grassmann manifold DA + dynamic distribution alignment (non-deep),unlabeled-target (transductive),no,yes,"cross-subject single-session LOSO (14 source/1 target, session 1)",15,cross-subject,subject-disjoint,unclear,accuracy,84.57,not reported (accuracy-only table),,no,none reported,best (DT initial classifier),cross-subject transductive DA,none,low,Non-deep transductive manifold DA; SEED single-session 84.57% (DT). Realistic. std not reported (accuracy only).,"Table I reports accuracy/sensitivity/etc (no std). SEED 84.57, SEED-IV 60.94, SEED-V 65.25 (best=DT classifier).",yes,yes,verified,full-text,Table I p.8 (SEED single-session DT 84.57),"M3D SEED cross-subject single-session LOSO 84.57 (DT initial classifier). SEED-IV 60.94, SEED-V 65.25. Non-deep.",cross-subject,Abstract,"cross-subject single-session LOSO, transductive non-deep DA",Table I (visual read p.8); Sec 'Cross-subject single-session LOSO CV',match,,yes,unlabeled-target-data,pool-with-cross-subject,high
HME-0146,EEG-0340,PR-PL: A Novel Prototypical Representation Based Pairwise Learning Framework for Emotion Recognition,SEED,15,3,62,200 (downsampled),discrete/categorical,negative/neutral/positive (3),balanced,unclear,prototypical representation + pairwise learning (PR-PL),feature alignment + adaptive pseudo-labeling (4 CV protocols),unlabeled-target (transductive),no,yes,cross-subject (4 CV protocols),varies,cross-subject,subject-disjoint,unclear,accuracy,93.18,6.55,,no,none reported,mean,cross-subject transductive DA,none,moderate,Same work as EEG-0042 (double-counting risk). Multiple protocols; SEED range 85.56-94.84.,"DUPLICATE of EEG-0042 (arXiv). Four CV protocols; SEED values 85.56/4.78, 93.06/5.12, 93.18/6.55, 94.84/9.16.",yes,yes,verified,full-text,"Results (SEED 93.18/6.55, SEED-IV 74.62/14.15)",PR-PL SEED 93.18/6.55. DUPLICATE of EEG-0042 (arXiv preprint = this TAFFC journal paper) -> double-counting risk.,cross-subject,Abstract,cross-subject transductive DA (unlabeled target + pseudo-labels); 4 protocols,Abstract 'four different cross-validation evaluation protocols',partial-match,metric-selection-or-best-run-reporting,yes,unlabeled-target-data,needs-adjudication,moderate
HME-0147,EEG-0340,PR-PL: A Novel Prototypical Representation Based Pairwise Learning Framework for Emotion Recognition,SEED-IV,15,3,62,200 (downsampled),discrete/categorical,happy/sad/fear/neutral (4),balanced,unclear,prototypical representation + pairwise learning (PR-PL),feature alignment + adaptive pseudo-labeling (4 CV protocols),unlabeled-target (transductive),no,yes,cross-subject (4 CV protocols),varies,cross-subject,subject-disjoint,unclear,accuracy,74.62,14.15,,no,none reported,mean,cross-subject transductive DA,none,moderate,Same work as EEG-0042 (double-counting risk). Multiple protocols; SEED range 85.56-94.84.,"DUPLICATE of EEG-0042 (arXiv). Four CV protocols; SEED values 85.56/4.78, 93.06/5.12, 93.18/6.55, 94.84/9.16.",yes,no,verified,full-text,"Results (SEED 93.18/6.55, SEED-IV 74.62/14.15)",PR-PL SEED-IV 74.62/14.15. Same work as EEG-0042.,cross-subject,Abstract,cross-subject transductive DA (unlabeled target + pseudo-labels); 4 protocols,Abstract 'four different cross-validation evaluation protocols',partial-match,metric-selection-or-best-run-reporting,yes,unlabeled-target-data,needs-adjudication,moderate
HME-0148,EEG-0343,Prototypical Contrastive Learning With Temporal Dynamic Graph Convolutional Network for EEG Emotion Recognition,SEED,15,3,62,200 (downsampled),discrete/categorical,negative/neutral/positive (3),balanced,unclear,prototypical contrastive learning + temporal dynamic GCN (PCL-TDGCN),prototypical contrastive DA + temporal dynamic graph (unlabeled target),unlabeled-target (transductive),no,yes,cross-subject subject-independent,15,cross-subject,subject-disjoint,unclear,accuracy,96.77,6.83,,no,none reported,mean,cross-subject transductive DA,none,moderate,NEAR-CEILING SEED SI 96.77% (transductive DA). Very high; scrutinize.,"SI: SEED 96.77/6.83, SEED-IV 84.02/9.49, HIED 83.33/12.98. SD: SEED 97.61/8.10.",yes,yes,verified,full-text,"Tables IV-VI (SI: SEED 96.77/6.83, SEED-IV 84.02/9.49)",PCL-TDGCN SEED SI 96.77/6.83 - NEAR-CEILING flag (transductive). HIED SI 83.33/12.98.,cross-subject,Abstract,"cross-subject subject-independent, transductive DA (prototypical contrastive, unlabeled target)",Tables IV-VI (subject-independent),match,,yes,unlabeled-target-data,pool-with-cross-subject,high
HME-0149,EEG-0343,Prototypical Contrastive Learning With Temporal Dynamic Graph Convolutional Network for EEG Emotion Recognition,SEED-IV,15,3,62,200 (downsampled),discrete/categorical,happy/sad/fear/neutral (4),balanced,unclear,prototypical contrastive learning + temporal dynamic GCN (PCL-TDGCN),prototypical contrastive DA + temporal dynamic graph (unlabeled target),unlabeled-target (transductive),no,yes,cross-subject subject-independent,15,cross-subject,subject-disjoint,unclear,accuracy,84.02,9.49,,no,none reported,mean,cross-subject transductive DA,none,moderate,NEAR-CEILING SEED SI 96.77% (transductive DA). Very high; scrutinize.,"SI: SEED 96.77/6.83, SEED-IV 84.02/9.49, HIED 83.33/12.98. SD: SEED 97.61/8.10.",yes,no,verified,full-text,"Tables IV-VI (SI: SEED 96.77/6.83, SEED-IV 84.02/9.49)",PCL-TDGCN SEED-IV SI 84.02/9.49.,cross-subject,Abstract,"cross-subject subject-independent, transductive DA (prototypical contrastive, unlabeled target)",Tables IV-VI (subject-independent),match,,yes,unlabeled-target-data,pool-with-cross-subject,high
HME-0150,EEG-0350,STRAViT: A Spatial-Temporal Feature-Reshaped Agent Vision Transformer for EEG-Based Emotion Recognition,SEED,15,3,62,200 (downsampled),discrete/categorical,negative/neutral/positive (3),balanced,unclear,agent vision transformer (STRAViT) + DE + functional connectivity,none (SI-LOSO; not DA),none,no,yes,leave-one-subject-out (LOSO),15,cross-subject,subject-disjoint (LOSO),unclear,accuracy,87.2,5.7,,no,none reported,mean,cross-subject LOSO (inductive),none,low,"SI-LOSO subject-disjoint, no target access. Same work as EEG-0104 (double-counting risk).","DUPLICATE of EEG-0104 (STRAViT). SD SEED 98.7, SEED-IV 95.5 (excluded).",yes,yes,verified,full-text,"Table (Subject-Independent): SEED 87.2/5.7, SEED-IV 72.5/6.6",STRAViT SEED SI-LOSO 87.2/5.7. DUPLICATE of EEG-0104 -> double-counting risk.,subject-independent (LOSO),Abstract,LOSO subject-independent (inductive),Methods 'leave-one-subject-out (LOSO) cross-validation',match,,yes,none,pool-with-cross-subject,high
HME-0151,EEG-0350,STRAViT: A Spatial-Temporal Feature-Reshaped Agent Vision Transformer for EEG-Based Emotion Recognition,SEED-IV,15,3,62,200 (downsampled),discrete/categorical,happy/sad/fear/neutral (4),balanced,unclear,agent vision transformer (STRAViT) + DE + functional connectivity,none (SI-LOSO; not DA),none,no,yes,leave-one-subject-out (LOSO),15,cross-subject,subject-disjoint (LOSO),unclear,accuracy,72.5,6.6,,no,none reported,mean,cross-subject LOSO (inductive),none,low,"SI-LOSO subject-disjoint, no target access. Same work as EEG-0104 (double-counting risk).","DUPLICATE of EEG-0104 (STRAViT). SD SEED 98.7, SEED-IV 95.5 (excluded).",yes,no,verified,full-text,"Table (Subject-Independent): SEED 87.2/5.7, SEED-IV 72.5/6.6",STRAViT SEED-IV SI-LOSO 72.5/6.6. Same work as EEG-0104.,subject-independent (LOSO),Abstract,LOSO subject-independent (inductive),Methods 'leave-one-subject-out (LOSO) cross-validation',match,,yes,none,pool-with-cross-subject,high
HME-0152,EEG-0353,Semi-Supervised Dual-Stream Self-Attentive Adversarial Graph Contrastive Learning for Cross-Subject EEG Emotion Recognition,SEED,15,3,62,200 (downsampled),discrete/categorical,negative/neutral/positive (3),balanced,unclear,dual-stream self-attentive adversarial graph contrastive (DS-AGC),"semi-supervised multi-domain adaptation (labeled+unlabeled source, unlabeled target) + graph contrastive",unlabeled-target (transductive),no,yes,semi-supervised cross-subject LOSO,15,cross-subject,subject-disjoint,unclear,accuracy,87.37,6.19,,no,none reported,mean,cross-subject transductive DA,none,low,Semi-supervised (incomplete SOURCE labels); TARGET unlabeled (UDA). Realistic SEED 87.37.,"Semi-supervised = incomplete source labels; target unknown/unlabeled. Full-model values (SEED 87.37, SEED-IV 66.00, SEED-V 59.40); N-averaged lower (SEED-IV 61.32, SEED-V 53.87).",yes,yes,verified,full-text,"Results (DS-AGC full: SEED 87.37/6.19, SEED-IV 66.00/7.93, SEED-V 59.40/9.99)","DS-AGC SEED cross-subject 87.37/6.19 (semi-supervised, target unlabeled). FACED also reported.",cross-subject,Abstract,"cross-subject LOSO, semi-supervised (unlabeled target; incomplete source labels)",Abstract 'semi-supervised cross-subject leave-one-subject-out'; 'unknown target domain',match,,yes,unlabeled-target-data,pool-with-cross-subject,high
HME-0153,EEG-0353,Semi-Supervised Dual-Stream Self-Attentive Adversarial Graph Contrastive Learning for Cross-Subject EEG Emotion Recognition,SEED-IV,15,3,62,200 (downsampled),discrete/categorical,happy/sad/fear/neutral (4),balanced,unclear,dual-stream self-attentive adversarial graph contrastive (DS-AGC),"semi-supervised multi-domain adaptation (labeled+unlabeled source, unlabeled target) + graph contrastive",unlabeled-target (transductive),no,yes,semi-supervised cross-subject LOSO,15,cross-subject,subject-disjoint,unclear,accuracy,66.00,7.93,,no,none reported,mean,cross-subject transductive DA,none,low,Semi-supervised (incomplete SOURCE labels); TARGET unlabeled (UDA). Realistic SEED 87.37.,"Semi-supervised = incomplete source labels; target unknown/unlabeled. Full-model values (SEED 87.37, SEED-IV 66.00, SEED-V 59.40); N-averaged lower (SEED-IV 61.32, SEED-V 53.87).",yes,no,verified,full-text,"Results (DS-AGC full: SEED 87.37/6.19, SEED-IV 66.00/7.93, SEED-V 59.40/9.99)",DS-AGC SEED-IV 66.00/7.93 (N-avg 61.32/10.41).,cross-subject,Abstract,"cross-subject LOSO, semi-supervised (unlabeled target; incomplete source labels)",Abstract 'semi-supervised cross-subject leave-one-subject-out'; 'unknown target domain',match,,yes,unlabeled-target-data,pool-with-cross-subject,high
HME-0154,EEG-0353,Semi-Supervised Dual-Stream Self-Attentive Adversarial Graph Contrastive Learning for Cross-Subject EEG Emotion Recognition,SEED-V,16,3,62,200 (downsampled),discrete/categorical,happy/sad/fear/disgust/neutral (5),balanced,unclear,dual-stream self-attentive adversarial graph contrastive (DS-AGC),"semi-supervised multi-domain adaptation (labeled+unlabeled source, unlabeled target) + graph contrastive",unlabeled-target (transductive),no,yes,semi-supervised cross-subject LOSO,15,cross-subject,subject-disjoint,unclear,accuracy,59.40,9.99,,no,none reported,mean,cross-subject transductive DA,none,low,Semi-supervised (incomplete SOURCE labels); TARGET unlabeled (UDA). Realistic SEED 87.37.,"Semi-supervised = incomplete source labels; target unknown/unlabeled. Full-model values (SEED 87.37, SEED-IV 66.00, SEED-V 59.40); N-averaged lower (SEED-IV 61.32, SEED-V 53.87).",yes,no,verified,full-text,"Results (DS-AGC full: SEED 87.37/6.19, SEED-IV 66.00/7.93, SEED-V 59.40/9.99)",DS-AGC SEED-V 59.40/9.99 (N-avg 53.87/11.14).,cross-subject,Abstract,"cross-subject LOSO, semi-supervised (unlabeled target; incomplete source labels)",Abstract 'semi-supervised cross-subject leave-one-subject-out'; 'unknown target domain',match,,yes,unlabeled-target-data,pool-with-cross-subject,high
HME-0155,EEG-0358,TAHAG: Two-Stage Domain Adaptation With Hybrid Adaptive Graph Learning for EEG Emotion Recognition,SEED,15,3,62,200 (downsampled),discrete/categorical,negative/neutral/positive (3),balanced,unclear,two-stage DA + hybrid adaptive graph learning (TAHAG),two-stage DA (node-level + graph-level feature discrepancy alignment),unlabeled-target (transductive),no,yes,cross-subject subject-independent,15,cross-subject,subject-disjoint,unclear,accuracy,91.07,4.09,,no,none reported,mean,cross-subject transductive DA,none,low,Transductive two-stage DA; SEED SI 91.07/4.09 plausible.,,yes,yes,verified,full-text,"Results (TAHAG SEED subject-independent 91.07/4.09; baselines S2A2-MSDA 90.11, GMSS 86.52)","TAHAG SEED cross-subject (SI) 91.07/4.09. SEED-IV subject-dependent 86.05/14.04 (SD, separate).",cross-subject,Abstract,"cross-subject subject-independent, transductive DA (source-target alignment)","Sec III (two-stage DA, target domain data); Table II",match,,yes,unlabeled-target-data,pool-with-cross-subject,high
HME-0156,EEG-0362,Ugan: Uncertainty-Guided Graph Augmentation Network for EEG Emotion Recognition,SEED,15,3,62,200 (downsampled),discrete/categorical,negative/neutral/positive (3),balanced,unclear,uncertainty-guided graph augmentation network (Ugan),domain generalization via uncertainty-guided graph augmentation (no target access),none,no,yes,"cross-subject (domain generalization, leave-subjects-out)",15,cross-subject,subject-disjoint,unclear,accuracy,93.11,4.13,,no,none reported,mean,cross-subject domain generalization (inductive),none,low,"DG (no target access, generalizes to unknown target). SEED 93.11% high-ish for DG.",,yes,yes,verified,full-text,"Table I (Ugan: SEED 93.11/4.13, SEED-IV 77.16/4.73, SEED-V 77.12)",Ugan SEED DG 93.11/4.13. Cross-dataset SEED<->SEED-V 61.78/55.49.,subject-independent,Abstract,domain generalization (inductive; no target access),Sec III (DG for unknown target domains),match,,yes,none,pool-with-cross-subject,high
HME-0157,EEG-0362,Ugan: Uncertainty-Guided Graph Augmentation Network for EEG Emotion Recognition,SEED-IV,15,3,62,200 (downsampled),discrete/categorical,happy/sad/fear/neutral (4),balanced,unclear,uncertainty-guided graph augmentation network (Ugan),domain generalization via uncertainty-guided graph augmentation (no target access),none,no,yes,"cross-subject (domain generalization, leave-subjects-out)",15,cross-subject,subject-disjoint,unclear,accuracy,77.16,4.73,,no,none reported,mean,cross-subject domain generalization (inductive),none,low,"DG (no target access, generalizes to unknown target). SEED 93.11% high-ish for DG.",,yes,no,verified,full-text,"Table I (Ugan: SEED 93.11/4.13, SEED-IV 77.16/4.73, SEED-V 77.12)",Ugan SEED-IV DG 77.16/4.73.,subject-independent,Abstract,domain generalization (inductive; no target access),Sec III (DG for unknown target domains),match,,yes,none,pool-with-cross-subject,high
HME-0158,EEG-0362,Ugan: Uncertainty-Guided Graph Augmentation Network for EEG Emotion Recognition,SEED-V,16,3,62,200 (downsampled),discrete/categorical,happy/sad/fear/disgust/neutral (5),balanced,unclear,uncertainty-guided graph augmentation network (Ugan),domain generalization via uncertainty-guided graph augmentation (no target access),none,no,yes,"cross-subject (domain generalization, leave-subjects-out)",15,cross-subject,subject-disjoint,unclear,accuracy,77.12,not verified (row truncated),,no,none reported,mean,cross-subject domain generalization (inductive),none,low,"DG (no target access, generalizes to unknown target). SEED 93.11% high-ish for DG.",,yes,no,verified,full-text,"Table I (Ugan: SEED 93.11/4.13, SEED-IV 77.16/4.73, SEED-V 77.12)",Ugan SEED-V DG 77.12.,subject-independent,Abstract,domain generalization (inductive; no target access),Sec III (DG for unknown target domains),match,,yes,none,pool-with-cross-subject,high
HME-0159,EEG-0368,A Knowledge-Driven Self-Supervised Learning Method for Enhancing EEG-Based Emotion Recognition,SEED,15,3,62,200 (downsampled),discrete/categorical,negative/neutral/positive (3),balanced,unclear,knowledge-driven self-supervised learning (SSL),self-supervised pretraining (no target labels),none,no,yes,leave-one-subject-out (subject-independent),15,cross-subject,subject-disjoint,unclear,accuracy,84.48,5.79,,no,none reported,mean,cross-subject subject-independent (inductive),none,low,"Self-supervised, subject-independent LOSO (iterated per subject), no target access; realistic 84.48%.",,yes,yes,verified,full-text,"Tables 1/2 (SEED 84.48/5.79; DREAMER aro 67.64/6.35, val 68.63/7.77)",Knowledge-driven SSL SEED SI 84.48/5.79.,subject-independent,Abstract,"LOSO subject-independent (self-supervised, no target labels)","Sec Results (subject-independent, iterated each subject)",match,,yes,none,pool-with-cross-subject,high
HME-0160,EEG-0368,A Knowledge-Driven Self-Supervised Learning Method for Enhancing EEG-Based Emotion Recognition,DREAMER,23,1,14,128,dimensional,arousal (binary),,unclear,knowledge-driven self-supervised learning (SSL),self-supervised pretraining (no target labels),none,no,yes,leave-one-subject-out (subject-independent),15,cross-subject,subject-disjoint,unclear,accuracy,67.64,6.35,,no,none reported,mean,cross-subject subject-independent (inductive),none,low,"Self-supervised, subject-independent LOSO (iterated per subject), no target access; realistic 84.48%.",,yes,no,verified,full-text,"Tables 1/2 (SEED 84.48/5.79; DREAMER aro 67.64/6.35, val 68.63/7.77)",SSL DREAMER arousal SI 67.64/6.35.,subject-independent,Abstract,"LOSO subject-independent (self-supervised, no target labels)","Sec Results (subject-independent, iterated each subject)",match,,yes,none,pool-with-cross-subject,high
HME-0161,EEG-0368,A Knowledge-Driven Self-Supervised Learning Method for Enhancing EEG-Based Emotion Recognition,DREAMER,23,1,14,128,dimensional,valence (binary),,unclear,knowledge-driven self-supervised learning (SSL),self-supervised pretraining (no target labels),none,no,yes,leave-one-subject-out (subject-independent),15,cross-subject,subject-disjoint,unclear,accuracy,68.63,7.77,,no,none reported,mean,cross-subject subject-independent (inductive),none,low,"Self-supervised, subject-independent LOSO (iterated per subject), no target access; realistic 84.48%.",,yes,no,verified,full-text,"Tables 1/2 (SEED 84.48/5.79; DREAMER aro 67.64/6.35, val 68.63/7.77)",SSL DREAMER valence SI 68.63/7.77.,subject-independent,Abstract,"LOSO subject-independent (self-supervised, no target labels)","Sec Results (subject-independent, iterated each subject)",match,,yes,none,pool-with-cross-subject,high
HME-0162,EEG-0369,A Multi-Branch EEG Emotion Recognition Framework Based on Cross-Subject and Cross-Session Transfer (MBEER),SEED,15,3,62,200 (downsampled),discrete/categorical,negative/neutral/positive (3),balanced,unclear,multi-branch multi-perspective representation fusion (MBEER),multi-perspective feature fusion (DA/target use not explicit),unclear,no,yes,cross-subject,15,cross-subject,subject-disjoint,unclear,accuracy,92.10,6.14,,no,none reported,mean,cross-subject (fusion; target-access unclear),none evident,low,Cross-subject 92.10 SEED; target-access rule (DG vs transductive) not explicit.,"Target-access rule not explicit. Cross-session SEED 92.70, SEED-IV 65.38. DEAP-arousal cross-subject 59.59.",yes,yes,verified,full-text,"Table 5 (MBEER cross-subject SEED 92.10/6.14, SEED-IV 83.57/6.76)",MBEER SEED cross-subject 92.10/6.14 (=EEG-0369). DEAP-arousal 59.59.,cross-subject,Abstract,cross-subject; target-access unclear,Sec Experiments,match,,yes,unclear,pool-with-cross-subject,moderate
HME-0163,EEG-0369,A Multi-Branch EEG Emotion Recognition Framework Based on Cross-Subject and Cross-Session Transfer (MBEER),SEED-IV,15,3,62,200 (downsampled),discrete/categorical,happy/sad/fear/neutral (4),balanced,unclear,multi-branch multi-perspective representation fusion (MBEER),multi-perspective feature fusion (DA/target use not explicit),unclear,no,yes,cross-subject,15,cross-subject,subject-disjoint,unclear,accuracy,83.57,6.76,,no,none reported,mean,cross-subject (fusion; target-access unclear),none evident,low,Cross-subject 92.10 SEED; target-access rule (DG vs transductive) not explicit.,"Target-access rule not explicit. Cross-session SEED 92.70, SEED-IV 65.38. DEAP-arousal cross-subject 59.59.",yes,no,verified,full-text,"Table 5 (MBEER cross-subject SEED 92.10/6.14, SEED-IV 83.57/6.76)",MBEER SEED-IV cross-subject 83.57/6.76.,cross-subject,Abstract,cross-subject; target-access unclear,Sec Experiments,match,,yes,unclear,pool-with-cross-subject,moderate
HME-0164,EEG-0374,ChannelMix-Based Transformer and Convolutional Multi-View Feature Fusion Network for Unsupervised Cross-Subject EEG Emotion Recognition (CMTCF),SEED,15,3,62,200 (downsampled),discrete/categorical,negative/neutral/positive (3),balanced,unclear,ChannelMix transformer + conv multi-view fusion (CMTCF),unsupervised DA + soft pseudo-label + ChannelMix augmentation,unlabeled-target (transductive),no,yes,cross-subject (UDA),15,cross-subject,subject-disjoint,unclear,accuracy,93.80,4.96,,no,none reported,mean,cross-subject transductive DA,none,low,"Transductive UDA (soft pseudo-labels, unlabeled target). SEED 93.80.",,yes,yes,verified,full-text,"Results (SEED 93.80/4.96, SEED-IV 79.37/6.05, SEED-VII 49.13/8.22)",CMTCF SEED UDA 93.80/4.96.,cross-subject,Abstract,cross-subject transductive UDA (unlabeled target + soft pseudo-labels),Abstract; results table,match,,yes,unlabeled-target-data,pool-with-cross-subject,high
HME-0165,EEG-0374,ChannelMix-Based Transformer and Convolutional Multi-View Feature Fusion Network for Unsupervised Cross-Subject EEG Emotion Recognition (CMTCF),SEED-IV,15,3,62,200 (downsampled),discrete/categorical,happy/sad/fear/neutral (4),balanced,unclear,ChannelMix transformer + conv multi-view fusion (CMTCF),unsupervised DA + soft pseudo-label + ChannelMix augmentation,unlabeled-target (transductive),no,yes,cross-subject (UDA),15,cross-subject,subject-disjoint,unclear,accuracy,79.37,6.05,,no,none reported,mean,cross-subject transductive DA,none,low,"Transductive UDA (soft pseudo-labels, unlabeled target). SEED 93.80.",,yes,no,verified,full-text,"Results (SEED 93.80/4.96, SEED-IV 79.37/6.05, SEED-VII 49.13/8.22)",CMTCF SEED-IV UDA 79.37/6.05.,cross-subject,Abstract,cross-subject transductive UDA (unlabeled target + soft pseudo-labels),Abstract; results table,match,,yes,unlabeled-target-data,pool-with-cross-subject,high
HME-0166,EEG-0374,ChannelMix-Based Transformer and Convolutional Multi-View Feature Fusion Network for Unsupervised Cross-Subject EEG Emotion Recognition (CMTCF),SEED-VII,20,4,62,200 (downsampled),discrete/categorical,7 emotions,,unclear,ChannelMix transformer + conv multi-view fusion (CMTCF),unsupervised DA + soft pseudo-label + ChannelMix augmentation,unlabeled-target (transductive),no,yes,cross-subject (UDA),15,cross-subject,subject-disjoint,unclear,accuracy,49.13,8.22,,no,none reported,mean,cross-subject transductive DA,none,low,"Transductive UDA (soft pseudo-labels, unlabeled target). SEED 93.80.",,yes,no,verified,full-text,"Results (SEED 93.80/4.96, SEED-IV 79.37/6.05, SEED-VII 49.13/8.22)",CMTCF SEED-VII UDA 49.13/8.22 (7-class).,cross-subject,Abstract,cross-subject transductive UDA (unlabeled target + soft pseudo-labels),Abstract; results table,match,,yes,unlabeled-target-data,pool-with-cross-subject,high
HME-0167,EEG-0378,Cross-Subject Emotion Recognition in BCI Based on Frequency Band Attention Graph Adversarial Network (FBAGAN),SEED,15,3,62,200 (downsampled),discrete/categorical,negative/neutral/positive (3),balanced,unclear,frequency band attention graph conv adversarial NN (FBAGAN),adversarial DA + frequency-band attention (domain discriminator),unlabeled-target (transductive),no,yes,cross-subject,15,cross-subject,subject-disjoint,unclear,accuracy,88.17,4.88,,no,none reported,mean,cross-subject transductive DA,none,low,Transductive adversarial DA; SEED 88.17 plausible.,,yes,yes,verified,full-text,"Table 2 (FBAGAN SEED 88.17/4.88, SEED-IV 77.35/3.72)","FBAGAN SEED 88.17/4.88. DEAP arousal 69.64, valence 65.18.",cross-subject,Abstract,cross-subject transductive adversarial DA (unlabeled target),Results (domain discriminator narrows source-target gap),match,,yes,unlabeled-target-data,pool-with-cross-subject,high
HME-0168,EEG-0378,Cross-Subject Emotion Recognition in BCI Based on Frequency Band Attention Graph Adversarial Network (FBAGAN),SEED-IV,15,3,62,200 (downsampled),discrete/categorical,happy/sad/fear/neutral (4),balanced,unclear,frequency band attention graph conv adversarial NN (FBAGAN),adversarial DA + frequency-band attention (domain discriminator),unlabeled-target (transductive),no,yes,cross-subject,15,cross-subject,subject-disjoint,unclear,accuracy,77.35,3.72,,no,none reported,mean,cross-subject transductive DA,none,low,Transductive adversarial DA; SEED 88.17 plausible.,,yes,no,verified,full-text,"Table 2 (FBAGAN SEED 88.17/4.88, SEED-IV 77.35/3.72)",FBAGAN SEED-IV 77.35/3.72.,cross-subject,Abstract,cross-subject transductive adversarial DA (unlabeled target),Results (domain discriminator narrows source-target gap),match,,yes,unlabeled-target-data,pool-with-cross-subject,high
HME-0169,EEG-0383,Domain Adversarial Neural Network With Reliable Pseudo-Labels Iteration for Cross-Subject EEG Emotion Recognition,SEED,15,3,62,200 (downsampled),discrete/categorical,negative/neutral/positive (3),balanced,unclear,domain adversarial NN + reliable pseudo-label iteration (DANN-RPLI),subdomain adversarial DA + reliable pseudo-label iteration,unlabeled-target (transductive),no,yes,cross-subject (per-session),15,cross-subject,subject-disjoint,unclear,accuracy,93.24,not verified (per-session avg; std not reported for SEED),,no,none reported,mean,cross-subject transductive DA,none,moderate,Transductive DA + pseudo-labels. SEED ~93.24 (per-session 94.45/91.33/93.95); high.,"SEED per-session 94.45/91.33/93.95 (avg ~93.24, std not given); SEED-IV 81.68/80.93/80.25 (std ~6.28). DEAP val 66.50, aro 67.42.",yes,yes,verified,full-text,"Results (SEED avg ~93.24, SEED-IV avg ~80.95, DEAP val 66.50/aro 67.42)",DANN-RPLI SEED cross-subject avg ~93.24 (sessions 94.45/91.33/93.95).,cross-subject,Abstract,cross-subject transductive DA (unlabeled target + pseudo-label iteration),Tables 3/4 (per-session cross-subject),match,,yes,unlabeled-target-data,pool-with-cross-subject,high
HME-0170,EEG-0383,Domain Adversarial Neural Network With Reliable Pseudo-Labels Iteration for Cross-Subject EEG Emotion Recognition,SEED-IV,15,3,62,200 (downsampled),discrete/categorical,happy/sad/fear/neutral (4),balanced,unclear,domain adversarial NN + reliable pseudo-label iteration (DANN-RPLI),subdomain adversarial DA + reliable pseudo-label iteration,unlabeled-target (transductive),no,yes,cross-subject (per-session),15,cross-subject,subject-disjoint,unclear,accuracy,80.95,6.28 (avg of 7.29/5.97/6.59),,no,none reported,mean,cross-subject transductive DA,none,moderate,Transductive DA + pseudo-labels. SEED ~93.24 (per-session 94.45/91.33/93.95); high.,"SEED per-session 94.45/91.33/93.95 (avg ~93.24, std not given); SEED-IV 81.68/80.93/80.25 (std ~6.28). DEAP val 66.50, aro 67.42.",yes,no,verified,full-text,"Results (SEED avg ~93.24, SEED-IV avg ~80.95, DEAP val 66.50/aro 67.42)",DANN-RPLI SEED-IV cross-subject avg ~80.95 (sessions 81.68/80.93/80.25).,cross-subject,Abstract,cross-subject transductive DA (unlabeled target + pseudo-label iteration),Tables 3/4 (per-session cross-subject),match,,yes,unlabeled-target-data,pool-with-cross-subject,high
HME-0171,EEG-0383,Domain Adversarial Neural Network With Reliable Pseudo-Labels Iteration for Cross-Subject EEG Emotion Recognition,DEAP,32,1,32,128 (downsampled),dimensional,valence (binary),,unclear,domain adversarial NN + reliable pseudo-label iteration (DANN-RPLI),subdomain adversarial DA + reliable pseudo-label iteration,unlabeled-target (transductive),no,yes,cross-subject (per-session),15,cross-subject,subject-disjoint,unclear,accuracy,66.50,not reported,,no,none reported,mean,cross-subject transductive DA,none,moderate,Transductive DA + pseudo-labels. SEED ~93.24 (per-session 94.45/91.33/93.95); high.,"SEED per-session 94.45/91.33/93.95 (avg ~93.24, std not given); SEED-IV 81.68/80.93/80.25 (std ~6.28). DEAP val 66.50, aro 67.42.",yes,no,verified,full-text,"Results (SEED avg ~93.24, SEED-IV avg ~80.95, DEAP val 66.50/aro 67.42)",DANN-RPLI DEAP valence 66.50.,cross-subject,Abstract,cross-subject transductive DA (unlabeled target + pseudo-label iteration),Tables 3/4 (per-session cross-subject),match,,yes,unlabeled-target-data,pool-with-cross-subject,high
HME-0172,EEG-0383,Domain Adversarial Neural Network With Reliable Pseudo-Labels Iteration for Cross-Subject EEG Emotion Recognition,DEAP,32,1,32,128 (downsampled),dimensional,arousal (binary),,unclear,domain adversarial NN + reliable pseudo-label iteration (DANN-RPLI),subdomain adversarial DA + reliable pseudo-label iteration,unlabeled-target (transductive),no,yes,cross-subject (per-session),15,cross-subject,subject-disjoint,unclear,accuracy,67.42,not reported,,no,none reported,mean,cross-subject transductive DA,none,moderate,Transductive DA + pseudo-labels. SEED ~93.24 (per-session 94.45/91.33/93.95); high.,"SEED per-session 94.45/91.33/93.95 (avg ~93.24, std not given); SEED-IV 81.68/80.93/80.25 (std ~6.28). DEAP val 66.50, aro 67.42.",yes,no,verified,full-text,"Results (SEED avg ~93.24, SEED-IV avg ~80.95, DEAP val 66.50/aro 67.42)",DANN-RPLI DEAP arousal 67.42.,cross-subject,Abstract,cross-subject transductive DA (unlabeled target + pseudo-label iteration),Tables 3/4 (per-session cross-subject),match,,yes,unlabeled-target-data,pool-with-cross-subject,high
HME-0173,EEG-0385,Dynamic Entropy-Based Pattern Learning to Identify Emotions From EEG Signals Across Individuals,SEED,15,3,62,200 (downsampled),discrete/categorical,negative/positive (2-class),balanced,unclear,dynamic entropy-based pattern learning (sample entropy + ML),none (entropy features + classifier; not DA),none,no,yes,subject-independent (leave-subjects-out),15,cross-subject,subject-disjoint,unclear,accuracy,85.11,not reported for best (per-session std ~13-19),,no,none reported,best (best average 85.11),cross-subject subject-independent (inductive),none,low,"SI subject-independent, no DA; 2-class neg/pos. Best avg 85.11; per-session ~82.4 (high std).","Best average accuracy 85.11%; per-session 82.00/13.20, 82.67/16.24, 82.67/19.07 (2-class neg/pos).",yes,yes,verified,full-text,Results (best avg 85.11; per-session ~82.4),"Dynamic-entropy SEED 2-class SI best 85.11% (per-session ~82.4, high std). 2019 non-DL.",subject-independent,Abstract,"subject-independent (inductive, entropy features)",Sec 5 Results,match,,yes,none,pool-with-cross-subject,high
HME-0174,EEG-0386,Dynamic Sparse Directed Graph Convolutional Network With Attention Mechanisms for EEG Emotion Recognition (DSDirGCN-AM),SEED,15,3,62,200 (downsampled),discrete/categorical,negative/neutral/positive (3),balanced,unclear,dynamic sparse directed GCN + attention (DSDirGCN-AM),directed sparse graph conv + attention (DA/target use not explicit),unclear,no,yes,cross-subject,15,cross-subject,subject-disjoint,unclear,accuracy,93.19,3.41,,no,none reported,mean,cross-subject (GCN; target-access unclear),none evident,low,Cross-subject SEED 93.19/3.41 (tight std). Target-access rule not explicit.,Target-access rule (DG vs transductive) not explicit. SEED-IV 81.30.,yes,yes,verified,full-text,"Comparison table (Ours: SEED 93.19/3.41, SEED-IV 81.30)","DSDirGCN-AM SEED cross-subject 93.19/3.41, SEED-IV 81.30.",cross-subject,Abstract,cross-subject; target-access unclear,Results table (mean/std),match,,yes,unclear,pool-with-cross-subject,moderate
HME-0175,EEG-0393,EmoDNCL+: Dual-Stream Negative-Sample-Free Contrastive Learning With Neurophysiological Alignment for EEG Emotion Recognition,SEED,15,3,62,200 (downsampled),discrete/categorical,negative/neutral/positive (3),balanced,unclear,dual-stream negative-sample-free contrastive learning (EmoDNCL+),self-supervised contrastive (negative-sample-free); no target labels,none,no,yes,leave-one-subject-out (LOSO),15,cross-subject,subject-disjoint,unclear,accuracy,93.60,4.29,,no,none reported,mean,cross-subject subject-independent (inductive),none,low,"LOSO self-supervised contrastive, no target labels; SEED 93.60.",,yes,yes,verified,full-text,"Results (EmoDNCL+ SEED 93.60/4.29, SEED-IV 79.32/5.12)",EmoDNCL+ SEED LOSO 93.60/4.29 (50% data: 91.88).,subject-independent,Abstract,"LOSO cross-subject (self-supervised contrastive, no target access)",Abstract 'leave-one-subject-out protocol',match,,yes,none,pool-with-cross-subject,high
HME-0176,EEG-0393,EmoDNCL+: Dual-Stream Negative-Sample-Free Contrastive Learning With Neurophysiological Alignment for EEG Emotion Recognition,SEED-IV,15,3,62,200 (downsampled),discrete/categorical,happy/sad/fear/neutral (4),balanced,unclear,dual-stream negative-sample-free contrastive learning (EmoDNCL+),self-supervised contrastive (negative-sample-free); no target labels,none,no,yes,leave-one-subject-out (LOSO),15,cross-subject,subject-disjoint,unclear,accuracy,79.32,5.12,,no,none reported,mean,cross-subject subject-independent (inductive),none,low,"LOSO self-supervised contrastive, no target labels; SEED 93.60.",,yes,no,verified,full-text,"Results (EmoDNCL+ SEED 93.60/4.29, SEED-IV 79.32/5.12)",EmoDNCL+ SEED-IV LOSO 79.32/5.12.,subject-independent,Abstract,"LOSO cross-subject (self-supervised contrastive, no target access)",Abstract 'leave-one-subject-out protocol',match,,yes,none,pool-with-cross-subject,high
HME-0177,EEG-0399,Emotion Recognition Using Spatial-Temporal EEG Features Through Convolutional Graph Attention Network,SEED,15,3,62,200 (downsampled),discrete/categorical,negative/neutral/positive (3),balanced,unclear,spatial-temporal + functional connectivity graph attention (STFCGAT),none (GCAT; not DA),none,no,yes,subject-independent,15,cross-subject,subject-disjoint,unclear,accuracy,94.83,3.41,,no,none reported,mean,cross-subject subject-independent (inductive),none,moderate,SEED SI 94.83% is high. RED-FLAG: reported DEAP subject-independent 91.19/92.03% (arousal/valence) is IMPLAUSIBLY HIGH for cross-subject DEAP (genuine LOSO ~60-70%) - possible subject-mixing/leakage.,DEAP subject-independent 91-92% implausibly high -> verify whether DEAP SI protocol is truly subject-disjoint (potential leakage).,yes,yes,verified,full-text,Table 1 (STFCGAT SI SEED 94.83/3.41),STFCGAT SEED SI 94.83/3.41. FLAG: DEAP SI 91.19(arousal)/92.03(valence) implausibly high for cross-subject DEAP -> possible leakage; verify.,subject-independent,Abstract,subject-independent (inductive); DEAP SI numbers implausible,"Table 1 (SI SEED 94.83/3.41; DEAP SI arousal 91.19, valence 92.03)",match,preprocessing-before-split,yes,none,pool-with-cross-subject,moderate
HME-0178,EEG-0404,GCD-JFSE: Graph-Based Class-Domain Knowledge Joint Feature Selection and Ensemble Learning for Cross-Subject EEG Emotion Recognition,SEED,15,3,62,200 (downsampled),discrete/categorical,negative/neutral/positive (3),balanced,unclear,graph-based class-domain feature selection + ensemble (GCD-JFSE),domain-knowledge feature selection + ensemble (not target adaptation),none,no,yes,cross-subject,15,cross-subject,subject-disjoint,unclear,accuracy,78.67,not reported,,no,none reported,mean,cross-subject subject-independent (inductive),none,low,Feature selection + ensemble; realistic low cross-subject (SEED 78.67). std not reported.,,yes,yes,verified,full-text,"Results (cross-subject: SEED 78.67, SEED-IV 58.98, DREAMER val 61.11/aro 72.46)",GCD-JFSE SEED cross-subject 78.67 (cross-session 87.11).,subject-independent,Abstract,cross-subject (feature selection; target-access unclear),Abstract; results (cross-subject scenario),match,,yes,unclear,pool-with-cross-subject,moderate
HME-0179,EEG-0404,GCD-JFSE: Graph-Based Class-Domain Knowledge Joint Feature Selection and Ensemble Learning for Cross-Subject EEG Emotion Recognition,SEED-IV,15,3,62,200 (downsampled),discrete/categorical,happy/sad/fear/neutral (4),balanced,unclear,graph-based class-domain feature selection + ensemble (GCD-JFSE),domain-knowledge feature selection + ensemble (not target adaptation),none,no,yes,cross-subject,15,cross-subject,subject-disjoint,unclear,accuracy,58.98,not reported,,no,none reported,mean,cross-subject subject-independent (inductive),none,low,Feature selection + ensemble; realistic low cross-subject (SEED 78.67). std not reported.,,yes,no,verified,full-text,"Results (cross-subject: SEED 78.67, SEED-IV 58.98, DREAMER val 61.11/aro 72.46)",GCD-JFSE SEED-IV cross-subject 58.98 (cross-session 60.74).,subject-independent,Abstract,cross-subject (feature selection; target-access unclear),Abstract; results (cross-subject scenario),match,,yes,unclear,pool-with-cross-subject,moderate
HME-0180,EEG-0404,GCD-JFSE: Graph-Based Class-Domain Knowledge Joint Feature Selection and Ensemble Learning for Cross-Subject EEG Emotion Recognition,DREAMER,23,1,14,128,dimensional,valence (binary),,unclear,graph-based class-domain feature selection + ensemble (GCD-JFSE),domain-knowledge feature selection + ensemble (not target adaptation),none,no,yes,cross-subject,15,cross-subject,subject-disjoint,unclear,accuracy,61.11,not reported,,no,none reported,mean,cross-subject subject-independent (inductive),none,low,Feature selection + ensemble; realistic low cross-subject (SEED 78.67). std not reported.,,yes,no,verified,full-text,"Results (cross-subject: SEED 78.67, SEED-IV 58.98, DREAMER val 61.11/aro 72.46)",GCD-JFSE DREAMER valence cross-subject 61.11.,subject-independent,Abstract,cross-subject (feature selection; target-access unclear),Abstract; results (cross-subject scenario),match,,yes,unclear,pool-with-cross-subject,moderate
HME-0181,EEG-0404,GCD-JFSE: Graph-Based Class-Domain Knowledge Joint Feature Selection and Ensemble Learning for Cross-Subject EEG Emotion Recognition,DREAMER,23,1,14,128,dimensional,arousal (binary),,unclear,graph-based class-domain feature selection + ensemble (GCD-JFSE),domain-knowledge feature selection + ensemble (not target adaptation),none,no,yes,cross-subject,15,cross-subject,subject-disjoint,unclear,accuracy,72.46,not reported,,no,none reported,mean,cross-subject subject-independent (inductive),none,low,Feature selection + ensemble; realistic low cross-subject (SEED 78.67). std not reported.,,yes,no,verified,full-text,"Results (cross-subject: SEED 78.67, SEED-IV 58.98, DREAMER val 61.11/aro 72.46)",GCD-JFSE DREAMER arousal cross-subject 72.46.,subject-independent,Abstract,cross-subject (feature selection; target-access unclear),Abstract; results (cross-subject scenario),match,,yes,unclear,pool-with-cross-subject,moderate
HME-0182,EEG-0433,SFT-SGAT: A Semi-Supervised Fine-Tuning Self-Supervised Graph Attention Network for EEG Emotion Recognition,SEED,15,3,62,200 (downsampled),discrete/categorical,negative/neutral/positive (3),balanced,unclear,semi-supervised fine-tuning self-supervised graph attention (SFT-SGAT),self-supervised GAT + semi-supervised fine-tuning,unclear (semi-supervised fine-tuning),unclear,yes,leave-one-subject-out (LOSO),15,cross-subject,subject-disjoint (LOSO),unclear,accuracy,92.04,not reported,,no,none reported,mean,"cross-subject LOSO, semi-supervised (target access unclear)",none,low,LOSO; semi-supervised fine-tuning (target-label use not explicit). SEED 92.04.,Semi-supervised fine-tuning: whether target labels are used is not explicit.,yes,yes,verified,full-text,"Table (SFT-SGAT SEED 92.04, SEED-IV 82.76)",SFT-SGAT SEED LOSO 92.04. Also DOC consciousness detection (out of scope).,"cross-subject (semi-supervised, LOSO)",Abstract,"LOSO cross-subject, semi-supervised (target access unclear)",Abstract 'leave-one-subject-out cross-validation'; 'semi-supervised ... fine-tune',match,,yes,unclear,needs-adjudication,moderate
HME-0183,EEG-0433,SFT-SGAT: A Semi-Supervised Fine-Tuning Self-Supervised Graph Attention Network for EEG Emotion Recognition,SEED-IV,15,3,62,200 (downsampled),discrete/categorical,happy/sad/fear/neutral (4),balanced,unclear,semi-supervised fine-tuning self-supervised graph attention (SFT-SGAT),self-supervised GAT + semi-supervised fine-tuning,unclear (semi-supervised fine-tuning),unclear,yes,leave-one-subject-out (LOSO),15,cross-subject,subject-disjoint (LOSO),unclear,accuracy,82.76,not reported,,no,none reported,mean,"cross-subject LOSO, semi-supervised (target access unclear)",none,low,LOSO; semi-supervised fine-tuning (target-label use not explicit). SEED 92.04.,Semi-supervised fine-tuning: whether target labels are used is not explicit.,yes,no,verified,full-text,"Table (SFT-SGAT SEED 92.04, SEED-IV 82.76)",SFT-SGAT SEED-IV LOSO 82.76.,"cross-subject (semi-supervised, LOSO)",Abstract,"LOSO cross-subject, semi-supervised (target access unclear)",Abstract 'leave-one-subject-out cross-validation'; 'semi-supervised ... fine-tune',match,,yes,unclear,needs-adjudication,moderate
HME-0184,EEG-0436,Semi-Supervised Pairwise Transfer Learning Based on Multi-Source Domain Adaptation for EEG Emotion Recognition,SEED,15,3,62,200 (downsampled),discrete/categorical,negative/neutral/positive (3),balanced,unclear,pairwise multi-source DA (PLMSDANet),"multi-source DA + pairwise learning + FEW target labels (semi-supervised, source selection)",labeled+unlabeled target (few target labels),yes (limited target labels),yes,cross-subject (semi-supervised),15,cross-subject,subject-disjoint,unclear,accuracy,90.09,not reported,,no,none reported,mean,cross-subject semi-supervised (few target labels),none,moderate,Uses a LIMITED set of LABELED target data (semi-supervised) - not pure UDA/LOSO; disclosed. SEED 90.09.,"Introduces limited target labels to select compatible source domains. SEED 90.09, SEED-IV 73.08.",yes,yes,verified,full-text,"Results (PLMSDANet SEED 90.09, SEED-IV 73.08)",PLMSDANet SEED 90.09 (uses few target labels - flag).,cross-subject,Abstract,"cross-subject, semi-supervised using LIMITED TARGET LABELS",Abstract 'limited set of target-labeled data',match,,yes,target-labels,needs-adjudication,high
HME-0185,EEG-0436,Semi-Supervised Pairwise Transfer Learning Based on Multi-Source Domain Adaptation for EEG Emotion Recognition,SEED-IV,15,3,62,200 (downsampled),discrete/categorical,happy/sad/fear/neutral (4),balanced,unclear,pairwise multi-source DA (PLMSDANet),"multi-source DA + pairwise learning + FEW target labels (semi-supervised, source selection)",labeled+unlabeled target (few target labels),yes (limited target labels),yes,cross-subject (semi-supervised),15,cross-subject,subject-disjoint,unclear,accuracy,73.08,not reported,,no,none reported,mean,cross-subject semi-supervised (few target labels),none,moderate,Uses a LIMITED set of LABELED target data (semi-supervised) - not pure UDA/LOSO; disclosed. SEED 90.09.,"Introduces limited target labels to select compatible source domains. SEED 90.09, SEED-IV 73.08.",yes,no,verified,full-text,"Results (PLMSDANet SEED 90.09, SEED-IV 73.08)",PLMSDANet SEED-IV 73.08.,cross-subject,Abstract,"cross-subject, semi-supervised using LIMITED TARGET LABELS",Abstract 'limited set of target-labeled data',match,,yes,target-labels,needs-adjudication,high
HME-0186,EEG-0441,TMLP+SRDANN: A Domain Adaptation Method for EEG-Based Emotion Recognition,SEED,15,3,62,200 (downsampled),discrete/categorical,negative/neutral/positive (3),balanced,unclear,transposition MLP + sample-reweighted DANN (TMLP+SRDANN),sample-reweighted adversarial UDA,unlabeled-target (transductive),no,yes,cross-subject (subject-independent),15,cross-subject,subject-disjoint,unclear,accuracy,81.04,not reported,,no,none reported,mean,cross-subject transductive DA,none,low,Transductive UDA (sample-reweighted); SEED 81.04 realistic.,,yes,yes,verified,full-text,"Results (TMLP+SRDANN SEED 81.04; DEAP val 61.88, aro 57.70)","TMLP+SRDANN SEED SI 81.04. DEAP valence 61.88, arousal 57.70.",cross-subject,Abstract,cross-subject transductive UDA (unlabeled target),Abstract; Sec (UDA: labeled source + unlabeled target),match,,yes,unlabeled-target-data,pool-with-cross-subject,high
HME-0187,EEG-0408,IDFG: Information-Regularized Diversity-Fidelity Graph for EEG Emotion Recognition,SEED,15,3,62,200 (downsampled),discrete/categorical,negative/neutral/positive (3),balanced,unclear,information-regularized diversity-fidelity graph (IDFG),augmentation-based domain generalization (no target access),none,no,yes,"cross-subject (domain generalization, leave-subjects-out)",15,cross-subject,subject-disjoint,unclear,accuracy,93.29,4.00,,no,none reported,mean,cross-subject domain generalization (inductive),none,low,"DG (no target access, unseen target). SEED 93.29 high-ish for DG.",,yes,yes,verified,full-text,"Table 1 (IDFG: SEED 93.29/4.00, SEED-IV 81.32/5.09, SEED-V 79.75/8.73)",IDFG SEED DG 93.29/4.00.,subject-independent,Abstract,domain generalization (inductive; no target access),Sec (DG when target unavailable; augmentation),match,,yes,none,pool-with-cross-subject,high
HME-0188,EEG-0408,IDFG: Information-Regularized Diversity-Fidelity Graph for EEG Emotion Recognition,SEED-IV,15,3,62,200 (downsampled),discrete/categorical,happy/sad/fear/neutral (4),balanced,unclear,information-regularized diversity-fidelity graph (IDFG),augmentation-based domain generalization (no target access),none,no,yes,"cross-subject (domain generalization, leave-subjects-out)",15,cross-subject,subject-disjoint,unclear,accuracy,81.32,5.09,,no,none reported,mean,cross-subject domain generalization (inductive),none,low,"DG (no target access, unseen target). SEED 93.29 high-ish for DG.",,yes,no,verified,full-text,"Table 1 (IDFG: SEED 93.29/4.00, SEED-IV 81.32/5.09, SEED-V 79.75/8.73)",IDFG SEED-IV DG 81.32/5.09.,subject-independent,Abstract,domain generalization (inductive; no target access),Sec (DG when target unavailable; augmentation),match,,yes,none,pool-with-cross-subject,high
HME-0189,EEG-0408,IDFG: Information-Regularized Diversity-Fidelity Graph for EEG Emotion Recognition,SEED-V,16,3,62,200 (downsampled),discrete/categorical,happy/sad/fear/disgust/neutral (5),balanced,unclear,information-regularized diversity-fidelity graph (IDFG),augmentation-based domain generalization (no target access),none,no,yes,"cross-subject (domain generalization, leave-subjects-out)",15,cross-subject,subject-disjoint,unclear,accuracy,79.75,8.73,,no,none reported,mean,cross-subject domain generalization (inductive),none,low,"DG (no target access, unseen target). SEED 93.29 high-ish for DG.",,yes,no,verified,full-text,"Table 1 (IDFG: SEED 93.29/4.00, SEED-IV 81.32/5.09, SEED-V 79.75/8.73)",IDFG SEED-V DG 79.75/8.73.,subject-independent,Abstract,domain generalization (inductive; no target access),Sec (DG when target unavailable; augmentation),match,,yes,none,pool-with-cross-subject,high
HME-0190,EEG-0428,ProDG: A Proxy-Domain-Guiding Strategy for Multi-Source-Free Domain Adaptation in EEG Emotion Recognition,SEED,15,3,62,200 (downsampled),discrete/categorical,negative/neutral/positive (3),balanced,unclear,proxy-domain-guiding multi-source-free DA (ProDG),"source-free DA (proxy MI alignment + pseudo-label; source data inaccessible, target accessed)",unlabeled-target (transductive),no,yes,cross-subject (source-free DA),15,cross-subject,subject-disjoint,unclear,accuracy,85.9,not reported,,no,none reported,mean,cross-subject transductive DA,none,low,Source-FREE DA: uses target (unlabeled) + source MODELS (not source raw data); privacy-preserving. SEED 85.9 realistic.,Source-free: source raw data inaccessible; target data (unlabeled) used. std not reported in abstract.,yes,yes,verified,full-text,"Abstract/Table 3 (ProDG SEED 85.9, SEED-IV 70.4, DEAP 65.3)",ProDG SEED source-free DA 85.9. Source pre-trained baseline only 68.1.,cross-subject,Abstract,cross-subject source-free DA (unlabeled target; source models only),"Abstract 'utilize only the source domain model and target data, source data inaccessible'",match,,yes,unlabeled-target-data,pool-with-cross-subject,high
HME-0191,EEG-0428,ProDG: A Proxy-Domain-Guiding Strategy for Multi-Source-Free Domain Adaptation in EEG Emotion Recognition,SEED-IV,15,3,62,200 (downsampled),discrete/categorical,happy/sad/fear/neutral (4),balanced,unclear,proxy-domain-guiding multi-source-free DA (ProDG),"source-free DA (proxy MI alignment + pseudo-label; source data inaccessible, target accessed)",unlabeled-target (transductive),no,yes,cross-subject (source-free DA),15,cross-subject,subject-disjoint,unclear,accuracy,70.4,not reported,,no,none reported,mean,cross-subject transductive DA,none,low,Source-FREE DA: uses target (unlabeled) + source MODELS (not source raw data); privacy-preserving. SEED 85.9 realistic.,Source-free: source raw data inaccessible; target data (unlabeled) used. std not reported in abstract.,yes,no,verified,full-text,"Abstract/Table 3 (ProDG SEED 85.9, SEED-IV 70.4, DEAP 65.3)",ProDG SEED-IV source-free DA 70.4.,cross-subject,Abstract,cross-subject source-free DA (unlabeled target; source models only),"Abstract 'utilize only the source domain model and target data, source data inaccessible'",match,,yes,unlabeled-target-data,pool-with-cross-subject,high
HME-0192,EEG-0428,ProDG: A Proxy-Domain-Guiding Strategy for Multi-Source-Free Domain Adaptation in EEG Emotion Recognition,DEAP,32,1,32,128 (downsampled),dimensional,binary (valence/arousal),,unclear,proxy-domain-guiding multi-source-free DA (ProDG),"source-free DA (proxy MI alignment + pseudo-label; source data inaccessible, target accessed)",unlabeled-target (transductive),no,yes,cross-subject (source-free DA),15,cross-subject,subject-disjoint,unclear,accuracy,65.3,not reported,,no,none reported,mean,cross-subject transductive DA,none,low,Source-FREE DA: uses target (unlabeled) + source MODELS (not source raw data); privacy-preserving. SEED 85.9 realistic.,Source-free: source raw data inaccessible; target data (unlabeled) used. std not reported in abstract.,yes,no,verified,full-text,"Abstract/Table 3 (ProDG SEED 85.9, SEED-IV 70.4, DEAP 65.3)",ProDG DEAP source-free DA 65.3.,cross-subject,Abstract,cross-subject source-free DA (unlabeled target; source models only),"Abstract 'utilize only the source domain model and target data, source data inaccessible'",match,,yes,unlabeled-target-data,pool-with-cross-subject,high
HME-0193,EEG-0440,Subject-Independent EEG Emotion Recognition With Hybrid Spatio-Temporal GRU-Conv Architecture,SEED,15,3,62,200 (downsampled),discrete/categorical,negative/neutral/positive (3),balanced,unclear,hybrid spatio-temporal GRU-Conv,none (GRU+CNN; not DA),none,no,yes,subject-independent (15-fold pooled),15,cross-subject,subject-disjoint,unclear,accuracy,87.04,13.35,,no,none reported,mean,cross-subject subject-independent (inductive),none,low,"SI subject-disjoint, no target access; SEED 87.04 (high std 13.35).",,yes,yes,verified,full-text,Table 2 (GRU-Conv SEED SI 87.04/13.35),"GRU-Conv SEED SI 87.04/13.35. DEAP arousal 70.07, valence 67.34.",subject-independent,Abstract,subject-independent (inductive),"Sec 4.4 (subject-independent, 15 parts pooled)",match,,yes,none,pool-with-cross-subject,high
HME-0194,EEG-0384,Dual Filtration Subdomain Adaptation Network for Cross-Subject EEG Emotion Recognition (DFSAN),SEED,15,3,62,200 (downsampled),discrete/categorical,negative/neutral/positive (3),balanced,unclear,"dual filtration subdomain adaptation network (DFSAN, multi-source)",subdomain adaptation + transferability filtration (source selection),unlabeled-target (transductive),no,yes,cross-subject (multi-source),15,cross-subject,subject-disjoint,unclear,accuracy,88.68,6.08,,no,none reported,mean,cross-subject transductive DA,none,low,Transductive subdomain DA; SEED 88.68 realistic.,,yes,yes,verified,full-text,"Results (DFSAN SEED 88.68/6.08, SEED-IV 67.61, DEAP 65.33, SEED-V 65.57)",DFSAN SEED cross-subject 88.68/6.08.,cross-subject,Abstract,cross-subject transductive multi-source subdomain DA (unlabeled target),Results (mean/std per dataset),match,,yes,unlabeled-target-data,pool-with-cross-subject,high
HME-0195,EEG-0384,Dual Filtration Subdomain Adaptation Network for Cross-Subject EEG Emotion Recognition (DFSAN),SEED-IV,15,3,62,200 (downsampled),discrete/categorical,happy/sad/fear/neutral (4),balanced,unclear,"dual filtration subdomain adaptation network (DFSAN, multi-source)",subdomain adaptation + transferability filtration (source selection),unlabeled-target (transductive),no,yes,cross-subject (multi-source),15,cross-subject,subject-disjoint,unclear,accuracy,67.61,not verified,,no,none reported,mean,cross-subject transductive DA,none,low,Transductive subdomain DA; SEED 88.68 realistic.,,yes,no,verified,full-text,"Results (DFSAN SEED 88.68/6.08, SEED-IV 67.61, DEAP 65.33, SEED-V 65.57)",DFSAN SEED-IV cross-subject 67.61.,cross-subject,Abstract,cross-subject transductive multi-source subdomain DA (unlabeled target),Results (mean/std per dataset),match,,yes,unlabeled-target-data,pool-with-cross-subject,high
HME-0196,EEG-0384,Dual Filtration Subdomain Adaptation Network for Cross-Subject EEG Emotion Recognition (DFSAN),DEAP,32,1,32,128 (downsampled),dimensional,binary (valence/arousal),,unclear,"dual filtration subdomain adaptation network (DFSAN, multi-source)",subdomain adaptation + transferability filtration (source selection),unlabeled-target (transductive),no,yes,cross-subject (multi-source),15,cross-subject,subject-disjoint,unclear,accuracy,65.33,not verified,,no,none reported,mean,cross-subject transductive DA,none,low,Transductive subdomain DA; SEED 88.68 realistic.,,yes,no,verified,full-text,"Results (DFSAN SEED 88.68/6.08, SEED-IV 67.61, DEAP 65.33, SEED-V 65.57)",DFSAN DEAP cross-subject 65.33.,cross-subject,Abstract,cross-subject transductive multi-source subdomain DA (unlabeled target),Results (mean/std per dataset),match,,yes,unlabeled-target-data,pool-with-cross-subject,high
HME-0197,EEG-0384,Dual Filtration Subdomain Adaptation Network for Cross-Subject EEG Emotion Recognition (DFSAN),SEED-V,16,3,62,200 (downsampled),discrete/categorical,happy/sad/fear/disgust/neutral (5),balanced,unclear,"dual filtration subdomain adaptation network (DFSAN, multi-source)",subdomain adaptation + transferability filtration (source selection),unlabeled-target (transductive),no,yes,cross-subject (multi-source),15,cross-subject,subject-disjoint,unclear,accuracy,65.57,not verified,,no,none reported,mean,cross-subject transductive DA,none,low,Transductive subdomain DA; SEED 88.68 realistic.,,yes,no,verified,full-text,"Results (DFSAN SEED 88.68/6.08, SEED-IV 67.61, DEAP 65.33, SEED-V 65.57)",DFSAN SEED-V cross-subject 65.57.,cross-subject,Abstract,cross-subject transductive multi-source subdomain DA (unlabeled target),Results (mean/std per dataset),match,,yes,unlabeled-target-data,pool-with-cross-subject,high
HME-0198,EEG-0379,DA-CapsNet: A Multi-Branch Capsule Network Based on Adversarial Domain Adaption for Cross-Subject EEG Emotion Recognition,SEED,15,3,62,200 (downsampled),discrete/categorical,negative/neutral/positive (3),balanced,unclear,multi-branch capsule network + adversarial DA (DA-CapsNet),adversarial domain adaptation (gradient reversal),unlabeled-target (transductive),no,yes,cross-subject (subject-independent),15,cross-subject,subject-disjoint,unclear,accuracy,84.63,9.09,,no,none reported,mean,cross-subject transductive DA,none,low,Transductive adversarial DA; SEED SI 84.63/9.09. Single-subject (SD) results 98.7% excluded.,,yes,yes,verified,full-text,Table 1 (DA-CapsNet SEED SI 84.63/9.09),DA-CapsNet SEED SI 84.63/9.09. DEAP arousal 73.62/valence 75.25; DREAMER 81.43/81.09. Single-subject (SD) 98.7% excluded.,cross-subject,Abstract,cross-subject transductive adversarial DA (unlabeled target),Table 1 (subject-independent SEED),match,,yes,unlabeled-target-data,pool-with-cross-subject,high
HME-0199,EEG-0402,Fine-Grained Label Propagation via Density-Based Prototype Matching for Cross-Subject EEG Emotion Recognition (DBPM),SEED,15,3,62,200 (downsampled),discrete/categorical,negative/neutral/positive (3),balanced,unclear,density-based prototype matching label propagation (DBPM),density-based prototype matching + label propagation + pseudo-labels (multi-source),unlabeled-target (transductive),no,yes,leave-one-subject-out (LOSO),15,cross-subject,subject-disjoint,unclear,accuracy,94.86,not reported,,no,none reported,mean,cross-subject transductive DA,none,moderate,NEAR-CEILING SEED LOSO 94.86% (best single-session 95.42); transductive pseudo-labeling.,SEED LOSO 94.86 (best single-session 95.42); SEED-IV 78.90. Std not reported.,yes,yes,verified,full-text,"Results (DBPM SEED 94.86, SEED-IV 78.90)",DBPM SEED LOSO 94.86 (near-ceiling; best single-session 95.42).,cross-subject,Abstract,"LOSO cross-subject, transductive DA (label propagation + pseudo-labels)",Abstract 'leave-one-subject-out cross-validation',match,,yes,unlabeled-target-data,pool-with-cross-subject,high
HME-0200,EEG-0402,Fine-Grained Label Propagation via Density-Based Prototype Matching for Cross-Subject EEG Emotion Recognition (DBPM),SEED-IV,15,3,62,200 (downsampled),discrete/categorical,happy/sad/fear/neutral (4),balanced,unclear,density-based prototype matching label propagation (DBPM),density-based prototype matching + label propagation + pseudo-labels (multi-source),unlabeled-target (transductive),no,yes,leave-one-subject-out (LOSO),15,cross-subject,subject-disjoint,unclear,accuracy,78.90,not reported,,no,none reported,mean,cross-subject transductive DA,none,moderate,NEAR-CEILING SEED LOSO 94.86% (best single-session 95.42); transductive pseudo-labeling.,SEED LOSO 94.86 (best single-session 95.42); SEED-IV 78.90. Std not reported.,yes,no,verified,full-text,"Results (DBPM SEED 94.86, SEED-IV 78.90)",DBPM SEED-IV LOSO 78.90.,cross-subject,Abstract,"LOSO cross-subject, transductive DA (label propagation + pseudo-labels)",Abstract 'leave-one-subject-out cross-validation',match,,yes,unlabeled-target-data,pool-with-cross-subject,high
HME-0201,EEG-0438,Spatiotemporal Isomorphic Cross-Brain Region Interaction Network for Cross-Subject EEG Emotion Recognition (STCBI-Nets),SEED,15,3,62,200 (downsampled),discrete/categorical,negative/neutral/positive (3),balanced,unclear,spatiotemporal isomorphic cross-brain region interaction network (STCBI-Nets),domain discriminator (GRL) + adaptive category center alignment + contrastive,unlabeled-target (transductive),no,yes,"cross-subject (per-session, 3-fold)",15,cross-subject,subject-disjoint,unclear,accuracy,90.21,6.32,,no,none reported,mean,cross-subject transductive DA,none,low,Transductive DA (GRL + category alignment); SEED 90.21 realistic.,,yes,yes,verified,full-text,"Results (STCBI-Nets SEED 90.21/6.32, SEED-IV 75.17/8.82)",STCBI-Nets SEED cross-subject 90.21/6.32. DEAP/MPED also reported.,cross-subject,Abstract,cross-subject transductive DA (unlabeled target; GRL),Results table (STCBI-Nets mean/std),match,,yes,unlabeled-target-data,pool-with-cross-subject,high
HME-0202,EEG-0438,Spatiotemporal Isomorphic Cross-Brain Region Interaction Network for Cross-Subject EEG Emotion Recognition (STCBI-Nets),SEED-IV,15,3,62,200 (downsampled),discrete/categorical,happy/sad/fear/neutral (4),balanced,unclear,spatiotemporal isomorphic cross-brain region interaction network (STCBI-Nets),domain discriminator (GRL) + adaptive category center alignment + contrastive,unlabeled-target (transductive),no,yes,"cross-subject (per-session, 3-fold)",15,cross-subject,subject-disjoint,unclear,accuracy,75.17,8.82,,no,none reported,mean,cross-subject transductive DA,none,low,Transductive DA (GRL + category alignment); SEED 90.21 realistic.,,yes,no,verified,full-text,"Results (STCBI-Nets SEED 90.21/6.32, SEED-IV 75.17/8.82)",STCBI-Nets SEED-IV cross-subject 75.17/8.82.,cross-subject,Abstract,cross-subject transductive DA (unlabeled target; GRL),Results table (STCBI-Nets mean/std),match,,yes,unlabeled-target-data,pool-with-cross-subject,high
HME-0203,EEG-0405,GNN-Based Multi-Source Domain Prototype Representation for Cross-Subject EEG Emotion Recognition,SEED,15,3,62,200 (downsampled),discrete/categorical,negative/neutral/positive (3),balanced,unclear,GNN-based multi-source domain prototype representation (MSPR-GNN),multi-source prototype + clustering similarity loss (uses target similarity),unlabeled-target (transductive),no,yes,"cross-subject (multi-source, per-session)",15,cross-subject,subject-disjoint,unclear,accuracy,91.48,3.88,,no,none reported,mean,cross-subject transductive DA,none,low,Transductive multi-source (uses target clustering similarity); SEED 91.48/3.88.,,yes,yes,verified,full-text,"Comparison tables (MSPR-GNN 'Ours' SEED 91.48/3.88, SEED-IV 83.16/7.01)",MSPR-GNN SEED cross-subject 91.48/3.88.,cross-subject,Abstract,cross-subject transductive multi-source DA (unlabeled target clustering),Comparison tables (Ours SEED/SEED-IV),match,,yes,unlabeled-target-data,pool-with-cross-subject,high
HME-0204,EEG-0405,GNN-Based Multi-Source Domain Prototype Representation for Cross-Subject EEG Emotion Recognition,SEED-IV,15,3,62,200 (downsampled),discrete/categorical,happy/sad/fear/neutral (4),balanced,unclear,GNN-based multi-source domain prototype representation (MSPR-GNN),multi-source prototype + clustering similarity loss (uses target similarity),unlabeled-target (transductive),no,yes,"cross-subject (multi-source, per-session)",15,cross-subject,subject-disjoint,unclear,accuracy,83.16,7.01,,no,none reported,mean,cross-subject transductive DA,none,low,Transductive multi-source (uses target clustering similarity); SEED 91.48/3.88.,,yes,no,verified,full-text,"Comparison tables (MSPR-GNN 'Ours' SEED 91.48/3.88, SEED-IV 83.16/7.01)",MSPR-GNN SEED-IV cross-subject 83.16/7.01.,cross-subject,Abstract,cross-subject transductive multi-source DA (unlabeled target clustering),Comparison tables (Ours SEED/SEED-IV),match,,yes,unlabeled-target-data,pool-with-cross-subject,high
HME-0205,EEG-0444,UMDA-DDSTGN: An Unsupervised Meta-Domain Adaptation Method Using Dynamic Directed Spatial-Temporal Graph Network,SEED,15,3,62,200 (downsampled),discrete/categorical,negative/neutral/positive (3),balanced,unclear,unsupervised meta-domain adaptation + dynamic directed spatio-temporal graph (UMDA-DDSTGN),meta-learning + unsupervised DA fine-tuning (minimal unlabeled target),unlabeled-target (transductive),no,yes,cross-subject subject-independent (meta-adaptation),15,cross-subject,subject-disjoint,unclear,accuracy,95.45,4.83,,no,none reported,mean,cross-subject transductive DA,none,moderate,NEAR-CEILING SEED SI 95.45% (unsupervised meta-DA using minimal unlabeled target); very high.,"SI SEED 95.45/4.83, SEED-IV 82.16/5.23. SD SEED 95.89, SEED-IV 84.48.",yes,yes,verified,full-text,"Results (UMDA-DDSTGN SI SEED 95.45/4.83, SEED-IV 82.16/5.23)",UMDA-DDSTGN SEED SI 95.45/4.83 - NEAR-CEILING flag (unsupervised meta-DA).,cross-subject,Abstract,"cross-subject subject-independent, unsupervised meta-DA (minimal unlabeled target)",Results (subject-independent; 'minimal unlabeled data from target'),match,,yes,unlabeled-target-data,pool-with-cross-subject,high
HME-0206,EEG-0444,UMDA-DDSTGN: An Unsupervised Meta-Domain Adaptation Method Using Dynamic Directed Spatial-Temporal Graph Network,SEED-IV,15,3,62,200 (downsampled),discrete/categorical,happy/sad/fear/neutral (4),balanced,unclear,unsupervised meta-domain adaptation + dynamic directed spatio-temporal graph (UMDA-DDSTGN),meta-learning + unsupervised DA fine-tuning (minimal unlabeled target),unlabeled-target (transductive),no,yes,cross-subject subject-independent (meta-adaptation),15,cross-subject,subject-disjoint,unclear,accuracy,82.16,5.23,,no,none reported,mean,cross-subject transductive DA,none,moderate,NEAR-CEILING SEED SI 95.45% (unsupervised meta-DA using minimal unlabeled target); very high.,"SI SEED 95.45/4.83, SEED-IV 82.16/5.23. SD SEED 95.89, SEED-IV 84.48.",yes,no,verified,full-text,"Results (UMDA-DDSTGN SI SEED 95.45/4.83, SEED-IV 82.16/5.23)",UMDA-DDSTGN SEED-IV SI 82.16/5.23.,cross-subject,Abstract,"cross-subject subject-independent, unsupervised meta-DA (minimal unlabeled target)",Results (subject-independent; 'minimal unlabeled data from target'),match,,yes,unlabeled-target-data,pool-with-cross-subject,high
HME-0207,EEG-0425,PDGCN: A Progressive Dual-Branch Graph Convolution Network for EEG Emotion Recognition,SEED,15,3,62,200 (downsampled),discrete/categorical,negative/neutral/positive (3),balanced,unclear,progressive dual-branch graph convolution network (PDGCN),dual-branch GCN (domain-invariant features; DA/target use not explicit),unclear,no,yes,cross-subject,15,cross-subject,subject-disjoint,unclear,accuracy,93.19,4.71,,no,none reported,mean,cross-subject (GCN; target-access unclear),none evident,low,Cross-subject SEED 93.19/4.71. Target-access rule not explicit.,"Target-access rule (DG vs transductive) not explicit. DEAP valence 68.59, arousal 68.67.",yes,yes,verified,full-text,"Table (PDGCN SEED 93.19/4.71, SEED-IV 79.17)","PDGCN SEED cross-subject 93.19/4.71. DEAP valence 68.59, arousal 68.67.",cross-subject,Abstract,cross-subject; target-access unclear,Results table,match,,yes,unclear,pool-with-cross-subject,moderate
HME-0208,EEG-0425,PDGCN: A Progressive Dual-Branch Graph Convolution Network for EEG Emotion Recognition,SEED-IV,15,3,62,200 (downsampled),discrete/categorical,happy/sad/fear/neutral (4),balanced,unclear,progressive dual-branch graph convolution network (PDGCN),dual-branch GCN (domain-invariant features; DA/target use not explicit),unclear,no,yes,cross-subject,15,cross-subject,subject-disjoint,unclear,accuracy,79.17,not verified,,no,none reported,mean,cross-subject (GCN; target-access unclear),none evident,low,Cross-subject SEED 93.19/4.71. Target-access rule not explicit.,"Target-access rule (DG vs transductive) not explicit. DEAP valence 68.59, arousal 68.67.",yes,no,verified,full-text,"Table (PDGCN SEED 93.19/4.71, SEED-IV 79.17)",PDGCN SEED-IV cross-subject 79.17.,cross-subject,Abstract,cross-subject; target-access unclear,Results table,match,,yes,unclear,pool-with-cross-subject,moderate
