paper_id,authors,year,title,venue,venue_type,doi,url,code_repo,dataset_link,peer_reviewed,dataset_name,n_subjects,n_sessions,eeg_channels,sampling_rate_hz,stimulus_type,emotion_model,class_labels,class_balance,data_status,filtering,artifact_removal,baseline_correction,re_referencing,window_length_s,window_overlap,feature_extraction,normalization,preproc_in_cv,feature_type,model_family,adaptation_method,source_selection,target_data_used,target_labels_used,hyperparam_protocol,subject_independent,split_type,n_folds,cross_setting,train_val_test_separation,model_selection_strategy,metric,result_mean,result_sd,result_ci,per_subject_reported,statistical_test,baselines_compared,best_baseline,claimed_sota,mean_or_best,protocol_category,leakage_categories,risk_rating,risk_evidence,ambiguity_notes,include_meta,include_narrative,primary_result,verification_status,source_checked
EEG-0001,"Li, Song, Zhang, Zhang, Hou, Hu",2018,Exploring EEG Features in Cross-Subject Emotion Recognition,Frontiers in Neuroscience,journal,10.3389/fnins.2018.00162,https://www.frontiersin.org/journals/neuroscience/articles/10.3389/fnins.2018.00162/full,none found,https://bcmi.sjtu.edu.cn/home/seed/seed.html,yes,SEED,15,unclear,62,200,film clips,discrete-3class,positive/neutral/negative,unclear,public,not verified,not verified,not verified,not verified,not verified,not verified,18 features (9 time-frequency + 9 nonlinear dynamical),not verified,unclear,handcrafted,traditional-ML-SVM-linear,RFE feature selection,all other subjects,no,no,unclear,yes,LOSO,15,cross-subject,unclear,unclear,accuracy,83.33,10.16,not reported,unclear,not verified,FS variants (Chi2/MI/ANOVA/L1); no-FS baseline,78.44,no,mean,LOSO-inductive,feature-selection-CV-overlap-unclear,some-concerns,RFE/feature-selection vs CV boundary unclear (preproc_in_cv unclear),best config across FS methods; source printed 0.8333 proportion -> 83.33pct,yes,yes,yes,verified-from-fulltext,2026-06-24 Frontiers full text
EEG-0001,"Li, Song, Zhang, Zhang, Hou, Hu",2018,Exploring EEG Features in Cross-Subject Emotion Recognition,Frontiers in Neuroscience,journal,10.3389/fnins.2018.00162,https://www.frontiersin.org/journals/neuroscience/articles/10.3389/fnins.2018.00162/full,none found,http://eecs.qmul.ac.uk/mmv/datasets/deap/,yes,DEAP,32,1,32,128,music-video clips,dimensional,binary (valence or arousal; dimension unclear),unclear,public,not verified,not verified,not verified,not verified,not verified,not verified,18 features (9 time-frequency + 9 nonlinear dynamical),not verified,unclear,handcrafted,traditional-ML-SVM-linear,L1-norm feature selection,all other subjects,no,no,unclear,yes,LOSO,32,cross-subject,unclear,unclear,accuracy,59.06,8.68,not reported,unclear,not verified,FS variants; no-FS baseline,55.31,no,mean,LOSO-inductive,feature-selection-CV-overlap-unclear,some-concerns,which affective dimension (valence vs arousal) unclear; FS vs CV boundary unclear,best config (L1-norm); source printed 0.5906 proportion -> 59.06pct; AUC 0.605,yes,yes,yes,verified-from-fulltext,2026-06-24 Frontiers full text
EEG-0002,"Zhong, Wang, Miao",2020,EEG-Based Emotion Recognition Using Regularized Graph Neural Networks,IEEE Transactions on Affective Computing,journal,10.1109/taffc.2020.2994159,https://ieeexplore.ieee.org/document/9091308/,https://github.com/zhongpeixiang/RGNN,https://bcmi.sjtu.edu.cn/home/seed/seed.html,yes,SEED,15,unclear,62,200,film clips,discrete-3class,positive/neutral/negative,unclear,public,not verified,not verified,not verified,not verified,not verified,not verified,differential entropy (DE; band/window details not captured),not verified,unclear,GNN,GNN-graph-neural-network,NodeDAT (node-wise domain adversarial) + EmotionDL,all other subjects,yes (unlabeled target via NodeDAT; reconfirm),no,unclear,yes,LOSO,15,cross-subject,unclear,unclear,accuracy,85.3,6.72,not reported,unclear,not verified,DGCNN/DAN/BiDANN (subject-independent table),not verified,yes,mean,LOSO-domain-adversarial-transductive-leaning,transductive/target-distribution (NodeDAT uses unlabeled target; reconfirm),some-concerns,domain-adversarial adaptation uses unlabeled target; transductive vs inductive needs confirmation,printed as 85.30/06.72 (mean/std) percent; subject-dependent SEED 94.24/05.95 for context,yes,yes,yes,verified-from-fulltext,2026-06-24 arXiv 1907.07835 ar5iv Table II
EEG-0002,"Zhong, Wang, Miao",2020,EEG-Based Emotion Recognition Using Regularized Graph Neural Networks,IEEE Transactions on Affective Computing,journal,10.1109/taffc.2020.2994159,https://ieeexplore.ieee.org/document/9091308/,https://github.com/zhongpeixiang/RGNN,https://weilongzheng.github.io/datasets/seed-iv/,yes,SEED-IV,15,unclear,62,200,movie clips,discrete-4class,happy/sad/fear/neutral,unclear,public,not verified,not verified,not verified,not verified,not verified,not verified,differential entropy (DE; band/window details not captured),not verified,unclear,GNN,GNN-graph-neural-network,NodeDAT (node-wise domain adversarial) + EmotionDL,all other subjects,yes (unlabeled target via NodeDAT; reconfirm),no,unclear,yes,LOSO,15,cross-subject,unclear,unclear,accuracy,73.84,8.02,not reported,unclear,not verified,DGCNN/DAN/BiDANN (subject-independent table),not verified,yes,mean,LOSO-domain-adversarial-transductive-leaning,transductive/target-distribution (NodeDAT uses unlabeled target; reconfirm),some-concerns,domain-adversarial adaptation uses unlabeled target; transductive vs inductive needs confirmation,printed as 73.84/08.02 (mean/std) percent,yes,yes,yes,verified-from-fulltext,2026-06-24 arXiv 1907.07835 ar5iv Table II
EEG-0003,"Zheng, Lu",2016,Personalizing EEG-Based Affective Models with Transfer Learning,IJCAI 2016 (Proc. 25th Int. Joint Conf. on Artificial Intelligence),conference,NA,https://www.ijcai.org/Proceedings/16/Papers/388.pdf,none found,https://bcmi.sjtu.edu.cn/home/seed/seed.html,yes,SEED,15,unclear (one experiment per subject used),62,1000 raw / 200 downsampled,film clips,discrete-3class,positive/neutral/negative,unclear,public,bandpass 1-75 Hz,serious noise/artifacts discarded,not verified,not verified,1,none (non-overlapping),differential entropy (DE; 5 bands; 310-dim),unclear,unclear,handcrafted,transfer-learning-traditional,TPT (transductive parameter transfer; also TCA/KPCA/T-SVM),uses target-subject data (transductive),no (TPT predicts target classifier from unlabeled target distribution),no,unclear,yes,LOSO,15,cross-subject,unclear,best dimension chosen (TCA/KPCA dim sweep),accuracy,76.31,15.89,not reported,yes (per-subject Fig 4),ANOVA (TPT vs generic p<0.01),Generic SVM 56.73; KPCA 61.28; TCA 63.64; T-SVM 72.53,72.53,no,mean,UDA-transductive,transductive (uses target data by design),some-concerns,transductive by design - pool only in transductive stratum,Table 1 full text: TPT 76.31/15.89 (best of 5 methods); generic 56.73/16.29; T-SVM 72.53/14.00,yes,yes,yes,verified-from-fulltext,2026-06-24 IJCAI 388.pdf full text Table 1 (root-folder PDF)
EEG-0004,"Zhao, Yan, Lu",2021,Plug-and-Play Domain Adaptation for Cross-Subject EEG-based Emotion Recognition,AAAI 2021 (Proc. 35th AAAI Conf. on Artificial Intelligence),conference,10.1609/aaai.v35i1.16169,https://ojs.aaai.org/index.php/AAAI/article/view/16169,none found,https://bcmi.sjtu.edu.cn/home/seed/seed.html,yes,SEED,15,3 (one experiment per subject used),62,200,film clips,discrete-3class,happy/neutral/sad,unclear,public,bandpass 0-75 Hz,not verified,not verified,not verified,1,none (non-overlapping),differential entropy (DE; 5 bands; 310-dim; 3394 samples/subj),not verified,unclear,deep-features,deep-learning-domain-adaptation,PPDA (LSTM AE shared/private encoders; few unlabeled target calibration 45s),source subjects,uses few unlabeled target samples,no,random search (lr/loss trade-offs),yes,LOSO,15,cross-subject,unclear,unclear,accuracy,86.7,7.1,not reported,unclear,not verified,SVM 56.7; DICA 69.4; DResNet 85.3; TCA 64.0; TPT 75.2; DANN 79.2; DAN 83.8; WGANDA 87.1,87.1,no,mean,UDA-target-calibration,transductive/target-calibration (uses unlabeled target by design),some-concerns,uses few unlabeled target samples for calibration; outperforms all DA baselines except WGANDA (slightly higher),Table 2 full text: PPDA(Few) 86.7/7.1; PPDA_NC(no calibration) 85.4/7.1; WGANDA best baseline 87.1/7.1,yes,yes,yes,verified-from-fulltext,2026-06-24 AAAI-21 PDF full text Table 2 (root-folder PDF)
EEG-0005,Song/Zheng/Song/Cui (reconfirm),2018,EEG Emotion Recognition Using Dynamical Graph Convolutional Neural Networks,IEEE Transactions on Affective Computing,journal,10.1109/taffc.2018.2817622,https://ieeexplore.ieee.org/document/8320798,none found (unofficial reproductions found; no author repository verified),https://bcmi.sjtu.edu.cn/home/seed/seed.html,yes,SEED,15,unclear,62,200,film clips,discrete-3class,positive/neutral/negative,unclear,public,not verified,not verified,not verified,not verified,not verified,not verified,differential entropy (DE; band/window details not captured),not verified,unclear,GNN,GNN-dynamical-graph-CNN,none (no domain adaptation),all other subjects,no,no,unclear,yes,LOSO,15,cross-subject,unclear,unclear,accuracy,79.95,9.02,not reported,unclear,not verified,this row is itself a baseline,n/a,no,mean,LOSO-inductive,provenance-secondary (value from RGNN Table II reproduction),some-concerns,value tabulated by RGNN not DGCNN primary; DGCNN self-reported subject-independent may differ,common-protocol reproduction in RGNN Table II; reconfirm against DGCNN primary,yes,yes,yes,verified-RGNN-reproduction,2026-06-24 RGNN ar5iv Table II (common-protocol reproduction; primary self-report not separately machine-read)
EEG-0005,Song/Zheng/Song/Cui (reconfirm),2018,EEG Emotion Recognition Using Dynamical Graph Convolutional Neural Networks,IEEE Transactions on Affective Computing,journal,10.1109/taffc.2018.2817622,https://ieeexplore.ieee.org/document/8320798,none found (unofficial reproductions found; no author repository verified),https://weilongzheng.github.io/datasets/seed-iv/,yes,SEED-IV,15,unclear,62,200,movie clips,discrete-4class,happy/sad/fear/neutral,unclear,public,not verified,not verified,not verified,not verified,not verified,not verified,differential entropy (DE; band/window details not captured),not verified,unclear,GNN,GNN-dynamical-graph-CNN,none (no domain adaptation),all other subjects,no,no,unclear,yes,LOSO,15,cross-subject,unclear,unclear,accuracy,52.82,9.23,not reported,unclear,not verified,this row is itself a baseline,n/a,no,mean,LOSO-inductive,provenance-secondary (value from RGNN Table II reproduction),some-concerns,value tabulated by RGNN not DGCNN primary,common-protocol reproduction in RGNN Table II; reconfirm against DGCNN primary,yes,yes,yes,verified-RGNN-reproduction,2026-06-24 RGNN ar5iv Table II (common-protocol reproduction; primary self-report not separately machine-read)
EEG-0006,Chen et al. (full author list reconfirm),2021,MS-MDA: Multisource Marginal Distribution Adaptation for Cross-Subject and Cross-Session EEG Emotion Recognition,Frontiers in Neuroscience,journal,10.3389/fnins.2021.778488,https://www.frontiersin.org/journals/neuroscience/articles/10.3389/fnins.2021.778488/full,https://github.com/VoiceBeer/MS-MDA,https://bcmi.sjtu.edu.cn/home/seed/seed.html,yes,SEED,15,unclear,62,200,film clips,discrete-3class,positive/neutral/negative,unclear,public,not verified,not verified,not verified,not verified,not verified,not verified,differential entropy (DE; band/window details not captured),not verified,unclear,handcrafted-DE,deep-learning-multisource-DA,MS-MDA (multisource marginal distribution adaptation; MMD),14 other subjects (one session) multi-source branches,yes (unlabeled target during adaptation),no,unclear,yes,LOSO,15,cross-subject,unclear,unclear,accuracy,89.63,6.79,not reported,unclear,not verified,DAN/DDC/DCORAL/DANN (reconfirm),not verified,yes,mean,UDA-transductive-LOSO,transductive/target-distribution (uses unlabeled target by design),some-concerns,transductive multisource DA; pool only in transductive stratum,printed 89.63 plus-minus 6.79; averaged over 3 sessions; one subject as unlabeled target,yes,yes,yes,verified-from-fulltext,2026-06-24 arXiv 2107.07740 ar5iv tables
EEG-0006,Chen et al. (full author list reconfirm),2021,MS-MDA: Multisource Marginal Distribution Adaptation for Cross-Subject and Cross-Session EEG Emotion Recognition,Frontiers in Neuroscience,journal,10.3389/fnins.2021.778488,https://www.frontiersin.org/journals/neuroscience/articles/10.3389/fnins.2021.778488/full,https://github.com/VoiceBeer/MS-MDA,https://weilongzheng.github.io/datasets/seed-iv/,yes,SEED-IV,15,unclear,62,200,movie clips,discrete-4class,happy/sad/fear/neutral,unclear,public,not verified,not verified,not verified,not verified,not verified,not verified,differential entropy (DE; band/window details not captured),not verified,unclear,handcrafted-DE,deep-learning-multisource-DA,MS-MDA (multisource marginal distribution adaptation; MMD),other subjects multi-source branches,yes (unlabeled target during adaptation),no,unclear,yes,LOSO,15,cross-subject,unclear,unclear,accuracy,59.34,5.48,not reported,unclear,not verified,DAN/DDC/DCORAL/DANN (reconfirm),not verified,yes,mean,UDA-transductive-LOSO,transductive/target-distribution (uses unlabeled target by design),some-concerns,transductive multisource DA; pool only in transductive stratum,printed 59.34 plus-minus 5.48,yes,yes,yes,verified-from-fulltext,2026-06-24 arXiv 2107.07740 ar5iv tables
EEG-0006,Chen et al. (full author list reconfirm),2021,MS-MDA: Multisource Marginal Distribution Adaptation for Cross-Subject and Cross-Session EEG Emotion Recognition,Frontiers in Neuroscience,journal,10.3389/fnins.2021.778488,https://www.frontiersin.org/journals/neuroscience/articles/10.3389/fnins.2021.778488/full,https://github.com/VoiceBeer/MS-MDA,https://bcmi.sjtu.edu.cn/home/seed/seed.html,yes,SEED,15,3,62,200,film clips,discrete-3class,positive/neutral/negative,unclear,public,not verified,not verified,not verified,not verified,not verified,not verified,differential entropy (DE; band/window details not captured),not verified,unclear,handcrafted-DE,deep-learning-multisource-DA,MS-MDA (multisource marginal distribution adaptation; MMD),other sessions same subjects,yes (unlabeled target during adaptation),no,unclear,no,cross-session,3,cross-session,unclear,unclear,accuracy,88.56,7.8,not reported,unclear,not verified,DAN/DDC/DCORAL/DANN (reconfirm),not verified,no,mean,cross-session-UDA-transductive,cross-session (NOT cross-subject); transductive target use,some-concerns,cross-session companion result - out of cross-subject scope,recorded for protocol contrast; subject_independent=no (same subjects across sessions),no,yes,no,verified-from-fulltext,2026-06-24 arXiv 2107.07740 ar5iv tables
EEG-0006,Chen et al. (full author list reconfirm),2021,MS-MDA: Multisource Marginal Distribution Adaptation for Cross-Subject and Cross-Session EEG Emotion Recognition,Frontiers in Neuroscience,journal,10.3389/fnins.2021.778488,https://www.frontiersin.org/journals/neuroscience/articles/10.3389/fnins.2021.778488/full,https://github.com/VoiceBeer/MS-MDA,https://weilongzheng.github.io/datasets/seed-iv/,yes,SEED-IV,15,3,62,200,movie clips,discrete-4class,happy/sad/fear/neutral,unclear,public,not verified,not verified,not verified,not verified,not verified,not verified,differential entropy (DE; band/window details not captured),not verified,unclear,handcrafted-DE,deep-learning-multisource-DA,MS-MDA (multisource marginal distribution adaptation; MMD),other sessions same subjects,yes (unlabeled target during adaptation),no,unclear,no,cross-session,3,cross-session,unclear,unclear,accuracy,61.43,15.71,not reported,unclear,not verified,DAN/DDC/DCORAL/DANN (reconfirm),not verified,no,mean,cross-session-UDA-transductive,cross-session (NOT cross-subject); transductive target use,some-concerns,cross-session companion result - out of cross-subject scope; high SD (15.71),recorded for protocol contrast,no,yes,no,verified-from-fulltext,2026-06-24 arXiv 2107.07740 ar5iv tables
EEG-0007,Li/Zheng/Cui/Zhang/Zong (reconfirm),2018,A Bi-Hemisphere Domain Adversarial Neural Network Model for EEG Emotion Recognition,IEEE Transactions on Affective Computing,journal,10.1109/TAFFC.2018.2885474,https://ieeexplore.ieee.org/document/8567966/,none found,https://bcmi.sjtu.edu.cn/home/seed/seed.html,yes,SEED,15,unclear,62,200,film clips,discrete-3class,positive/neutral/negative,unclear,public,not verified,not verified,not verified,not verified,not verified,not verified,differential entropy (DE; band/window details not captured),not verified,unclear,handcrafted-DE,deep-learning-adversarial-DA,BiDANN-S (bi-hemisphere domain-adversarial; subject-independent variant),all other subjects,yes (domain-adversarial uses unlabeled target; reconfirm),no,unclear,yes,LOSO,15,cross-subject,unclear,unclear,accuracy,84.14,6.87,not reported,unclear,not verified,DGCNN/DAN (RGNN Table II),not verified,no,mean,LOSO-domain-adversarial-transductive-leaning,benchmark-ambiguity + transductive,some-concerns,CRITICAL do not confuse subject-dependent BiDANN (~92-97pct) with subject-independent BiDANN-S (84.14); domain-adversarial uses unlabeled target,cross-subject value = 84.14/6.87 per RGNN Table II; subject-dependent BiDANN much higher and often miscited,yes,yes,yes,verified-RGNN-reproduction,2026-06-24 RGNN ar5iv Table II (common-protocol reproduction; primary self-report not separately machine-read)
EEG-0007,Li/Zheng/Cui/Zhang/Zong (reconfirm),2018,A Bi-Hemisphere Domain Adversarial Neural Network Model for EEG Emotion Recognition,IEEE Transactions on Affective Computing,journal,10.1109/TAFFC.2018.2885474,https://ieeexplore.ieee.org/document/8567966/,none found,https://weilongzheng.github.io/datasets/seed-iv/,yes,SEED-IV,15,unclear,62,200,movie clips,discrete-4class,happy/sad/fear/neutral,unclear,public,not verified,not verified,not verified,not verified,not verified,not verified,differential entropy (DE; band/window details not captured),not verified,unclear,handcrafted-DE,deep-learning-adversarial-DA,BiDANN-S (bi-hemisphere domain-adversarial; subject-independent variant),all other subjects,yes (domain-adversarial uses unlabeled target; reconfirm),no,unclear,yes,LOSO,15,cross-subject,unclear,unclear,accuracy,65.59,10.39,not reported,unclear,not verified,DGCNN/DAN (RGNN Table II),not verified,no,mean,LOSO-domain-adversarial-transductive-leaning,benchmark-ambiguity + transductive,some-concerns,subject-independent BiDANN-S value; domain-adversarial uses unlabeled target,value 65.59/10.39 per RGNN Table II,yes,yes,yes,verified-RGNN-reproduction,2026-06-24 RGNN ar5iv Table II (common-protocol reproduction; primary self-report not separately machine-read)
EEG-0008,"Li, Zheng, Wang, Zong, Qi, Cui, Zhang, Song",2021,A Novel Bi-hemispheric Discrepancy Model (BiHDM) for EEG Emotion Recognition,IEEE Transactions on Cognitive and Developmental Systems (vol 13),journal,10.1109/tcds.2020.2999337,https://arxiv.org/abs/1906.01704,none found (unofficial reproduction found; no author repository verified),https://bcmi.sjtu.edu.cn/home/seed/seed.html,yes,SEED,15,unclear,62,200,film clips,discrete-3class,positive/neutral/negative,unclear,public,not verified,not verified,not verified,not verified,not verified,not verified,differential entropy (DE; band/window details not captured),not verified,unclear,handcrafted-DE,deep-learning-adversarial-DA,BiHDM (bi-hemispheric discrepancy with domain discriminator),all other subjects,yes (domain discriminator uses unlabeled target; reconfirm),no,unclear,yes,LOSO,15,cross-subject,unclear,unclear,accuracy,85.4,7.53,not reported,unclear,not verified,DGCNN/DAN/BiDANN-S (RGNN Table II),not verified,no,mean,LOSO-domain-adversarial-transductive-leaning,transductive (domain discriminator),some-concerns,venue/year confirmed (IEEE TCDS vol13 2021); self-reported value,self-reported 85.40/7.53 (BiHDM full text) matches RGNN Table II,yes,yes,yes,verified-from-fulltext,2026-06-24 arXiv 1906.01704 ar5iv Table III
EEG-0008,"Li, Zheng, Wang, Zong, Qi, Cui, Zhang, Song",2021,A Novel Bi-hemispheric Discrepancy Model (BiHDM) for EEG Emotion Recognition,IEEE Transactions on Cognitive and Developmental Systems (vol 13),journal,10.1109/tcds.2020.2999337,https://arxiv.org/abs/1906.01704,none found (unofficial reproduction found; no author repository verified),https://weilongzheng.github.io/datasets/seed-iv/,yes,SEED-IV,15,unclear,62,200,movie clips,discrete-4class,happy/sad/fear/neutral,unclear,public,not verified,not verified,not verified,not verified,not verified,not verified,differential entropy (DE; band/window details not captured),not verified,unclear,handcrafted-DE,deep-learning-adversarial-DA,BiHDM (bi-hemispheric discrepancy with domain discriminator),all other subjects,yes (domain discriminator uses unlabeled target; reconfirm),no,unclear,yes,LOSO,15,cross-subject,unclear,unclear,accuracy,69.03,8.66,not reported,unclear,not verified,DGCNN/DAN/BiDANN-S (RGNN Table II),not verified,no,mean,LOSO-domain-adversarial-transductive-leaning,transductive (domain discriminator),some-concerns,venue/year confirmed (IEEE TCDS vol13 2021); self-reported value,self-reported 69.03/8.66 (BiHDM full text) matches RGNN Table II,yes,yes,yes,verified-from-fulltext,2026-06-24 arXiv 1906.01704 ar5iv Table III
EEG-0014,"Li, Li, Pan, Wang",2021,Cross-Subject EEG Emotion Recognition With Self-Organized Graph Neural Network,Frontiers in Neuroscience,journal,10.3389/fnins.2021.611653,https://www.frontiersin.org/journals/neuroscience/articles/10.3389/fnins.2021.611653/full,none found,https://bcmi.sjtu.edu.cn/home/seed/seed.html,yes,SEED,15,unclear,62,200,film clips,discrete-3class,positive/neutral/negative,unclear,public,not verified,not verified,not verified,not verified,not verified,not verified,differential entropy (DE),not verified,unclear,DE features,GNN-self-organized-graph,none (inductive),14 other subjects,no,no,unclear,yes,LOSO,15,cross-subject,LOSO 14train/1val (from full text),unclear,accuracy,86.81,5.79,not reported,unclear,not verified,DGCNN/BiHDM/RGNN (paper comparison),not verified,no,mean,LOSO-inductive,none-evident (inductive LOSO; no target data),low-some,inductive LOSO confirmed from full text (no target subject data),clean inductive stratum entry,yes,yes,yes,verified-from-fulltext,2026-06-24 Frontiers full text
EEG-0014,"Li, Li, Pan, Wang",2021,Cross-Subject EEG Emotion Recognition With Self-Organized Graph Neural Network,Frontiers in Neuroscience,journal,10.3389/fnins.2021.611653,https://www.frontiersin.org/journals/neuroscience/articles/10.3389/fnins.2021.611653/full,none found,https://weilongzheng.github.io/datasets/seed-iv/,yes,SEED-IV,15,unclear,62,200,movie clips,discrete-4class,happy/sad/fear/neutral,unclear,public,not verified,not verified,not verified,not verified,not verified,not verified,differential entropy (DE),not verified,unclear,DE features,GNN-self-organized-graph,none (inductive),14 other subjects,no,no,unclear,yes,LOSO,15,cross-subject,LOSO 14train/1val (from full text),unclear,accuracy,75.27,8.19,not reported,unclear,not verified,DGCNN/BiHDM/RGNN (paper comparison),not verified,no,mean,LOSO-inductive,none-evident (inductive LOSO; no target data),low-some,inductive LOSO confirmed from full text,clean inductive stratum entry,yes,yes,yes,verified-from-fulltext,2026-06-24 Frontiers full text
EEG-0015,Yi Ding; Chengxuan Tong; Shuailei Zhang; Muyun Jiang; Yong Li; Kevin Lim Jun Liang; Cuntai Guan,2024,EmT: A Novel Transformer for Generalized Cross-subject EEG Emotion Recognition,IEEE Transactions on Neural Networks and Learning Systems,journal,10.1109/TNNLS.2025.3552603,https://doi.org/10.1109/TNNLS.2025.3552603,none found,https://bcmi.sjtu.edu.cn/home/seed/seed.html,yes,SEED,15,unclear,62,200,film clips,discrete-3class,positive/neutral/negative,unclear,public,not verified,not verified,not verified,not verified,not verified,not verified,transformer-based EEG representation learned by EmT/reported transformer model (input details not captured),not verified,unclear,deep-features,transformer,none (inductive),other subjects,no,no,unclear,yes,LOSO,15,cross-subject,subject-independent inductive (test subjects held out),unclear,accuracy,80.2,not captured,not reported,unclear,not verified,baselines in paper,not verified,yes,mean,LOSO-inductive,none-evident (inductive),low-some,inductive per full text; SD reported in source (0.029-0.117 range) but exact per-cell not captured,acc 0.802 (->80.2pct) F1 0.821; preprint,yes,yes,yes,verified-from-fulltext,2026-06-24 arXiv 2406.18345 ar5iv; published-version metadata updated 2026-06-28; source: Crossref DOI record
EEG-0015,Yi Ding; Chengxuan Tong; Shuailei Zhang; Muyun Jiang; Yong Li; Kevin Lim Jun Liang; Cuntai Guan,2024,EmT: A Novel Transformer for Generalized Cross-subject EEG Emotion Recognition,IEEE Transactions on Neural Networks and Learning Systems,journal,10.1109/TNNLS.2025.3552603,https://doi.org/10.1109/TNNLS.2025.3552603,none found,not verified,yes,FACED,unclear,unclear,not verified,not verified,video clips,fine-grained (class count reconfirm),fine-grained (reconfirm),unclear,public,not verified,not verified,not verified,not verified,not verified,not verified,transformer-based EEG representation learned by EmT/reported transformer model (input details not captured),not verified,unclear,deep-features,transformer,none (inductive),other subjects,no,no,unclear,yes,leave-n-subject-out (n=12),n/a,cross-subject,subject-independent inductive (LnSO n=12),unclear,accuracy,60.8,not captured,not reported,unclear,not verified,baselines in paper,not verified,yes,mean,LnSO-inductive,none-evident (inductive) but LnSO not strict LOSO,low-some,LnSO(n=12) not LOSO - separate stratum; SD reported range only,acc 0.608 F1 0.740; FACED subject/class counts to verify,no,yes,yes,verified-from-fulltext,2026-06-24 arXiv 2406.18345 ar5iv; published-version metadata updated 2026-06-28; source: Crossref DOI record
EEG-0016,"Liang, Zhou, Zhang, Li, Huang, Zhang, Ishii",2021,EEGFuseNet: Hybrid Unsupervised Deep Feature Characterization and Fusion for High-Dimensional EEG with An Application to Emotion Recognition,IEEE Transactions on Neural Systems and Rehabilitation Engineering (vol 29),journal,10.1109/tnsre.2021.3111689,https://arxiv.org/abs/2102.03777,not verified (repo may exist; not confirmed this session),http://eecs.qmul.ac.uk/mmv/datasets/deap/,yes,DEAP,32,1,32,128,music-video clips,dimensional,binary valence (median split),unclear,public,not verified,not verified,not verified,not verified,not verified,not verified,unsupervised deep features (CNN-RNN-GAN autoencoder) + hypergraph decoding,not verified,unclear,deep-unsupervised-features,deep-learning-CNN-RNN-GAN-autoencoder,none (unsupervised features + hypergraph clustering; inductive),other subjects,no,no,unclear,yes,LOSO,32,cross-subject,subject-level LOOCV subject-independent (Table I),unclear,accuracy,56.44,not reported,not reported,unclear,not verified,time/PSD/DE features; PCA+Kmeans/KNN/RCC/AGDL/simple-graph,not verified,no,mean,LOSO-inductive,confirm no window/trial leakage at full text (DEAP segmentation),some-concerns,CORRECTION: prior secondary 72.81 is NOT in paper; real DEAP subj-indep unsupervised LOSO acc V 56.44/A 58.55/D 61.71/Liking 65.89 (F1 70.83/72.00/74.32/78.46),Table I full text: DEAP subj-indep unsupervised valence acc 56.44 (F1 70.83); also SEED 3-class 59.06/2-class 80.83 (F1 82.03); MAHNOB-HCI V 60.64/A 62.06/D 67.08/Pred 74.63,yes,yes,yes,verified-from-fulltext,2026-06-24 IEEE TNSRE vol29 pp1913-1925 full text Tables I-III (root-folder PDF) - 72.81 NOT present anywhere
EEG-0017,"Li, Ren, Ge, et al.",2023,MTLFuseNet: A novel emotion recognition model based on deep latent feature fusion of EEG signals and multi-task learning,Knowledge-Based Systems (vol 276),journal,10.1016/j.knosys.2023.110756,https://www.sciencedirect.com/science/article/abs/pii/S0950705123005063,none found,https://doi.org/10.1109/JBHI.2017.2688239,yes,DREAMER,23,1,14,128,film clips,dimensional,binary valence (median split; DREAMER median=3),unclear,public,not verified,not verified,not verified,not verified,not verified,not verified,deep latent features (VAE spatio-temporal + GCN-GRU spatio-spectral),not verified,unclear,deep-features-fusion,deep-learning-multitask-fusion,none (subject-independent inductive),22 other subjects,no,no,unclear,yes,LOSO,23,cross-subject,subject-independent LOSOCV (leave-1-subject-out; 22 train),unclear,accuracy,80.43,8.01,not reported,yes (per-subject Fig 7),not verified,EEGNet/FBCNN/DGCNN/FBCNet/Tsception/STNet/MT-CNN/SSTD,76.81,yes,mean,LOSO-inductive,inductive subject-independent LOSOCV confirmed from full text,some-concerns,Table 4 full text: DREAMER valence 80.43/8.01 (best acc; SSTD baseline 76.81),valence task; mean+-std over 23 subjects,yes,yes,yes,verified-from-fulltext,2026-06-24 KBS vol276 110756 full text Table 4 (root-folder PDF)
EEG-0017,"Li, Ren, Ge, et al.",2023,MTLFuseNet: A novel emotion recognition model based on deep latent feature fusion of EEG signals and multi-task learning,Knowledge-Based Systems (vol 276),journal,10.1016/j.knosys.2023.110756,https://www.sciencedirect.com/science/article/abs/pii/S0950705123005063,none found,https://doi.org/10.1109/JBHI.2017.2688239,yes,DREAMER,23,1,14,128,film clips,dimensional,binary arousal (median split; DREAMER median=3),unclear,public,not verified,not verified,not verified,not verified,not verified,not verified,deep latent features (VAE spatio-temporal + GCN-GRU spatio-spectral),not verified,unclear,deep-features-fusion,deep-learning-multitask-fusion,none (subject-independent inductive),22 other subjects,no,no,unclear,yes,LOSO,23,cross-subject,subject-independent LOSOCV (leave-1-subject-out; 22 train),unclear,accuracy,83.33,11.24,not reported,yes (per-subject Fig 7),not verified,EEGNet/FBCNN/DGCNN/FBCNet/Tsception/STNet/MT-CNN/SSTD,81.64,yes,mean,LOSO-inductive,inductive subject-independent LOSOCV confirmed from full text,some-concerns,Table 4 full text: DREAMER arousal 83.33/11.24 (best acc; SSTD baseline 81.64),arousal task,yes,yes,yes,verified-from-fulltext,2026-06-24 KBS vol276 110756 full text Table 4 (root-folder PDF)
EEG-0017,"Li, Ren, Ge, et al.",2023,MTLFuseNet: A novel emotion recognition model based on deep latent feature fusion of EEG signals and multi-task learning,Knowledge-Based Systems (vol 276),journal,10.1016/j.knosys.2023.110756,https://www.sciencedirect.com/science/article/abs/pii/S0950705123005063,none found,http://eecs.qmul.ac.uk/mmv/datasets/deap/,yes,DEAP,32,1,32,128,music-video clips,dimensional,binary valence (median split; DEAP median=5),unclear,public,not verified,not verified,not verified,not verified,not verified,not verified,deep latent features (VAE spatio-temporal + GCN-GRU spatio-spectral),not verified,unclear,deep-features-fusion,deep-learning-multitask-fusion,none (subject-independent inductive),31 other subjects,no,no,unclear,yes,LOSO,32,cross-subject,subject-independent LOSOCV (leave-1-subject-out; 31 train),unclear,accuracy,71.33,5.24,not reported,yes (per-subject Fig 6),not verified,EEGNet/FBCNN/DGCNN/FBCNet/Tsception/STNet/MT-CNN/SSTD,68.4,yes,mean,LOSO-inductive,inductive subject-independent LOSOCV confirmed from full text,some-concerns,Table 3 full text: DEAP valence 71.33/5.24 (best acc; Tsception baseline 68.40),valence task,yes,yes,yes,verified-from-fulltext,2026-06-24 KBS vol276 110756 full text Table 3 (root-folder PDF)
EEG-0017,"Li, Ren, Ge, et al.",2023,MTLFuseNet: A novel emotion recognition model based on deep latent feature fusion of EEG signals and multi-task learning,Knowledge-Based Systems (vol 276),journal,10.1016/j.knosys.2023.110756,https://www.sciencedirect.com/science/article/abs/pii/S0950705123005063,none found,http://eecs.qmul.ac.uk/mmv/datasets/deap/,yes,DEAP,32,1,32,128,music-video clips,dimensional,binary arousal (median split; DEAP median=5),unclear,public,not verified,not verified,not verified,not verified,not verified,not verified,deep latent features (VAE spatio-temporal + GCN-GRU spatio-spectral),not verified,unclear,deep-features-fusion,deep-learning-multitask-fusion,none (subject-independent inductive),31 other subjects,no,no,unclear,yes,LOSO,32,cross-subject,subject-independent LOSOCV (leave-1-subject-out; 31 train),unclear,accuracy,73.28,7.74,not reported,yes (per-subject Fig 6),not verified,EEGNet/FBCNN/DGCNN/FBCNet/Tsception/STNet/MT-CNN/SSTD,67.34,yes,mean,LOSO-inductive,inductive subject-independent LOSOCV confirmed from full text,some-concerns,Table 3 full text: DEAP arousal 73.28/7.74 (best acc),arousal task,yes,yes,yes,verified-from-fulltext,2026-06-24 KBS vol276 110756 full text Table 3 (root-folder PDF)
EEG-0024,Rushuang Zhou; Weishan Ye; Zhiguo Zhang; Yanyang Luo; Li Zhang; Linling Li; Gan Huang; Yining Dong; Yuan-Ting Zhang; Zhen Liang,2023,EEGMatch: Learning with Incomplete Labels for Semi-Supervised EEG-based Cross-Subject Emotion Recognition,IEEE Transactions on Neural Networks and Learning Systems,journal,10.1109/TNNLS.2024.3493425,https://doi.org/10.1109/TNNLS.2024.3493425,https://github.com/KAZABANA/EEGMatch,https://bcmi.sjtu.edu.cn/home/seed/seed.html,yes,SEED,15,unclear,62,200,film clips,discrete-3class,positive/neutral/negative,unclear,public,not verified,not verified,not verified,not verified,not verified,not verified,differential entropy (DE; band/window details not captured),not verified,unclear,handcrafted-DE,deep-learning-semisupervised-DA,EEGMatch (FixMatch-style consistency + domain adaptation + pairwise learning),14 source subjects,yes (unlabeled target during training - transductive),no (target labels unknown),unclear,yes,LOSO,15,cross-subject,unclear,unclear,accuracy,91.35,7.03,not reported,unclear,not verified,DAN/DANN/DDC/DCORAL etc (reconfirm),not verified,yes,mean,UDA-transductive-semisupervised-LOSO,transductive/target-distribution (unlabeled target used) + semi-supervised source labels,some-concerns,"transductive by design; SEED acc averaged across labeled-source-trial counts N in {3,6,9,12}; pool only in transductive stratum and flag partial source labels",partial SOURCE labels (not target); not directly comparable to fully-supervised-source transductive LOSO,yes,yes,yes,verified-from-fulltext,2026-06-24 arXiv 2304.06496 ar5iv Table I; published-version metadata updated 2026-06-28; source: Crossref title/DOI record
EEG-0024,Rushuang Zhou; Weishan Ye; Zhiguo Zhang; Yanyang Luo; Li Zhang; Linling Li; Gan Huang; Yining Dong; Yuan-Ting Zhang; Zhen Liang,2023,EEGMatch: Learning with Incomplete Labels for Semi-Supervised EEG-based Cross-Subject Emotion Recognition,IEEE Transactions on Neural Networks and Learning Systems,journal,10.1109/TNNLS.2024.3493425,https://doi.org/10.1109/TNNLS.2024.3493425,https://github.com/KAZABANA/EEGMatch,https://weilongzheng.github.io/datasets/seed-iv/,yes,SEED-IV,15,unclear,62,200,movie clips,discrete-4class,happy/sad/fear/neutral,unclear,public,not verified,not verified,not verified,not verified,not verified,not verified,differential entropy (DE; band/window details not captured),not verified,unclear,handcrafted-DE,deep-learning-semisupervised-DA,EEGMatch (FixMatch-style consistency + domain adaptation + pairwise learning),14 source subjects,yes (unlabeled target during training - transductive),no (target labels unknown),unclear,yes,LOSO,15,cross-subject,unclear,unclear,accuracy,65.53,8.31,not reported,unclear,not verified,DAN/DANN/DDC/DCORAL etc (reconfirm),not verified,yes,mean,UDA-transductive-semisupervised-LOSO,transductive/target-distribution (unlabeled target used) + semi-supervised source labels,some-concerns,"transductive by design; SEED-IV acc averaged across labeled-source-trial counts N in {4,8,12,16,20}; pool only in transductive stratum and flag partial source labels",partial SOURCE labels (not target); not directly comparable to fully-supervised-source transductive LOSO,yes,yes,yes,verified-from-fulltext,2026-06-24 arXiv 2304.06496 ar5iv Table II; published-version metadata updated 2026-06-28; source: Crossref title/DOI record
EEG-0042,Rushuang Zhou; Zhiguo Zhang; Hong Fu; Li Zhang; Linling Li; Gan Huang; Yining Dong; Fali Li; Xin Yang; Zhen Liang,2022,PR-PL: A Novel Transfer Learning Framework with Prototypical Representation based Pairwise Learning for EEG-Based Emotion Recognition,IEEE Transactions on Affective Computing,journal,10.1109/TAFFC.2023.3288118,https://doi.org/10.1109/TAFFC.2023.3288118,https://github.com/KAZABANA/PR-PL,https://bcmi.sjtu.edu.cn/home/seed/seed.html,yes,SEED,15,multi-session,62,200,film clips,discrete-3class,positive/neutral/negative,unclear,public,not verified,not verified,not verified,not verified,not verified,not verified,differential entropy (DE; band/window details not captured),not verified,unclear,handcrafted-DE,deep-learning-adversarial-DA,PR-PL (prototypical representation + adaptive pseudo-label pairwise learning),source subjects,yes (unlabeled target data; adjudicated),no (unlabeled target only; adjudicated),unclear,yes,LOSO,15,cross-subject,unclear,unclear,accuracy,85.56,4.78,not reported,unclear,not verified,baselines in paper (reconfirm),not verified,yes,mean,B (transductive-UDA; adjudicated); duplicate-not-retained,none (transductive disclosed),some-concerns,"cross-subject cross-session setting (Table II); a single-session variant reports 93.06/5.12 (Table IV) - higher, protocol-ambiguity note; pool only in transductive stratum; Adjudicator: Table VI",single-session vs cross-session variants differ markedly (93.06 vs 85.56); Adjudicator decision=exclude-from-cross-subject-meta; Duplicate of EEG-0340 journal version; exclude this preprint row to avoid double counting. Values appear correct but not retained.,no,no,no,verified-from-fulltext,2026-06-24 arXiv 2202.06509 ar5iv Table II; published-version metadata updated 2026-06-28; source: Crossref DOI record; adjudicator decision applied 2026-07-04
EEG-0042,Rushuang Zhou; Zhiguo Zhang; Hong Fu; Li Zhang; Linling Li; Gan Huang; Yining Dong; Fali Li; Xin Yang; Zhen Liang,2022,PR-PL: A Novel Transfer Learning Framework with Prototypical Representation based Pairwise Learning for EEG-Based Emotion Recognition,IEEE Transactions on Affective Computing,journal,10.1109/TAFFC.2023.3288118,https://doi.org/10.1109/TAFFC.2023.3288118,https://github.com/KAZABANA/PR-PL,https://weilongzheng.github.io/datasets/seed-iv/,yes,SEED-IV,15,multi-session,62,200,movie clips,discrete-4class,happy/sad/fear/neutral,unclear,public,not verified,not verified,not verified,not verified,not verified,not verified,differential entropy (DE; band/window details not captured),not verified,unclear,handcrafted-DE,deep-learning-adversarial-DA,PR-PL (prototypical representation + adaptive pseudo-label pairwise learning),source subjects,yes (unlabeled target data; adjudicated),no (unlabeled target only; adjudicated),unclear,yes,LOSO,15,cross-subject,unclear,unclear,accuracy,74.92,7.92,not reported,unclear,not verified,baselines in paper (reconfirm),not verified,yes,mean,B (transductive-UDA; adjudicated); duplicate-not-retained,none (transductive disclosed),some-concerns,cross-subject cross-session setting (Table III); pool only in transductive stratum; Adjudicator: Table VII,SEED-IV cross-session variant; Adjudicator decision=exclude-from-cross-subject-meta; Duplicate of EEG-0340 journal version; exclude this preprint row to avoid double counting. Values appear correct but not retained.,no,no,no,verified-from-fulltext,2026-06-24 arXiv 2202.06509 ar5iv Table III; published-version metadata updated 2026-06-28; source: Crossref DOI record; adjudicator decision applied 2026-07-04
EEG-0044,Qingzhu Zhang; Jiani Zhong; Zongsheng Li; Xinke Shen; Quanying Liu,2025,Multi-dataset Joint Pre-training of Emotional EEG Enables Generalizable Affective Computing,NeurIPS 2025,conference,NA,https://openreview.net/forum?id=xaxuzubN31,https://github.com/ncclab-sustech/mdJPT_nips2025,not verified,yes,not stated (abstract),unclear,unclear,not verified,not verified,not stated,not stated,not stated,unclear,public,not verified,not verified,not verified,not verified,not verified,not verified,not stated,not verified,unclear,deep-pretrained-foundation,deep-learning-foundation-pretraining,multi-dataset joint pre-training (zero-shot + few-shot transfer),multiple source datasets,unclear,no (zero-shot) / few-shot fine-tune variant,unclear,yes,cross-dataset,n/a,cross-dataset,unclear,unclear,accuracy,not stated (abstract only),not reported,not reported,unclear,not verified,large-scale EEG models (reconfirm),not verified,yes,n/a,pretrain-foundation-crossdataset,cross-dataset zero-shot/few-shot - separate stratum (not poolable with LOSO),unclear,"abstract reports RELATIVE gains only: +11.92pct acc zero-shot, +4.57pct AUROC few-shot, +8.55pct vs single-dataset; no absolute accuracy in abstract",absolute numbers + datasets require full text; foundation/pretraining stratum (new),no,yes,no,abstract-verified-fulltext-pending,2026-06-24 arXiv 2510.22197 abstract; published-version metadata updated 2026-06-28; source: OpenReview NeurIPS 2025 accepted poster record
EEG-0045,Qile Liu; Weishan Ye; Lingli Zhang; Zhen Liang,2024,EEG-SCMM: Soft Contrastive Masked Modeling for Cross-Corpus EEG-Based Emotion Recognition,Proceedings of the 33rd ACM International Conference on Multimedia,conference,10.1145/3746027.3755798,https://doi.org/10.1145/3746027.3755798,https://github.com/Kyler-RL/SCMM,not verified,yes,SEED/SEED-IV/DEAP,unclear,unclear,not verified,not verified,not stated,mixed (3-class SEED / 4-class SEED-IV / binary DEAP),not stated,unclear,public,not verified,not verified,not verified,not verified,not verified,not verified,not stated,not verified,unclear,deep-contrastive-masked,deep-learning-self-supervised,soft contrastive masked modeling (cross-corpus transfer without retraining),source corpus,no (cross-corpus: train on one dataset apply to another),no,unclear,yes,cross-dataset,n/a,cross-corpus,unclear,unclear,accuracy,not stated (abstract only),not reported,not reported,unclear,not verified,second-best cross-corpus method (reconfirm),not verified,yes,n/a,cross-dataset-E,cross-corpus (stratum E) - separate stratum (not poolable with LOSO),unclear,abstract reports RELATIVE gain only: +4.26pct avg accuracy over second-best under same-class and different-class cross-corpus settings; no absolute numbers in abstract,absolute numbers require full text; adds cross-dataset/cross-corpus breadth,no,yes,no,abstract-verified-fulltext-pending,2026-06-24 arXiv 2408.09186 abstract; published-version metadata updated 2026-06-28; source: Crossref DOI record
EEG-0027,(authors not verified this pass),2024,What Causes Performance Degradation in Cross-Subject EEG Classification?,arXiv (published venue unverified),preprint,10.48550/arXiv.2410.03057,https://arxiv.org/abs/2410.03057,none found,not verified,unclear,not stated (abstract),unclear,unclear,not verified,not verified,not stated,n/a (methodological analysis),not stated,unclear,n/a,not verified,not verified,not verified,not verified,not verified,not verified,n/a,not verified,n/a,n/a,methodological-analysis,n/a (analysis of cross-subject degradation: inter-subject variability + shortcut learning),n/a,n/a,n/a,n/a,n/a,n/a,n/a,cross-subject (general),n/a,n/a,n/a,n/a (no benchmark result),not reported,not reported,n/a,not verified,n/a,n/a,no,n/a,methodological-reference,supports leakage/eval thesis (evaluation-protocol importance),n/a,key claims (abstract): cross-subject degradation driven by inter-subject variability (multi-class-per-subject tasks like emotion) vs shortcut learning (single-class tasks); emphasizes appropriate evaluation protocols,Discussion anchor for leakage/eval-pitfalls RQ; not a benchmark primary,no,yes,no,abstract-verified-fulltext-pending,2026-06-24 arXiv 2410.03057 abstract
EEG-0050,Javier Fdez; Nicholas Guttenberg; Olaf Witkowski; Antoine Pasquali,2021,Cross-Subject EEG-Based Emotion Recognition Through Neural Networks With Stratified Normalization,"Frontiers in Neuroscience, 2021, 15:626277",journal,10.3389/fnins.2021.626277,https://www.frontiersin.org/articles/10.3389/fnins.2021.626277/full,none found,https://bcmi.sjtu.edu.cn/home/seed/seed.html,yes,SEED,15,3,62,200,film clips,discrete-3class,positive/neutral/negative,unclear,public,not verified,not verified,not verified,not verified,not verified,not verified,DE / PSD / multitaper features (per text),stratified per-participant-per-session min-max (includes test subject),no - normalization computed using test-subject's own data (transductive/leakage),handcrafted,deep-learning-NN,none (but stratified normalization uses target stats),14 other subjects,yes (normalization statistics computed from test subject's own data),no,unclear,yes,LOSO,15,cross-subject,compromised (normalization touches test subject),unclear,accuracy,79.6,not reported,not reported,unclear,not verified,batch normalization (same model),67.1,yes,best (with stratified norm),LOSO-with-transductive-normalization,normalization-leakage (target-subject statistics) [type 7],high,stratified normalization computed per participant+session including the held-out TEST subject -> uses target-subject statistics; ternary acc 79.6 with stratified vs 67.1 with batch norm (+12.5pts) tracks the leakage; authors do not flag it,"transductive normalization, not pure inductive LOSO; not comparable to inductive methods; binary 91.6 vs batch 87.6",no,yes,yes,verified-from-fulltext,2026-06-24 Frontiers full text (10.3389/fnins.2021.626277)
EEG-0054,"Bhosale, Chakraborty, Kopparapu",2022,Calibration free meta learning based approach for subject independent EEG emotion recognition,Biomedical Signal Processing and Control (vol 72),journal,10.1016/j.bspc.2021.103289,https://www.sciencedirect.com/science/article/abs/pii/S1746809421008867,none found,http://eecs.qmul.ac.uk/mmv/datasets/deap/,yes,DEAP,32,1,32,128,music-video clips,dimensional,binary valence (median split at 5),unclear,public,bandpass 4-45 Hz,artifacts removed (per text),3 s pre-trial baseline,not verified,8 (8s segments; 4s overlap; 13 per 60s trial),4 s overlap,raw EEG -> 9x9x1024 matrix (10-20 spatial) + 3D-CNN + BiLSTM episodic embedding,per-segment min-max,unclear,deep-features,deep-learning-fewshot-metalearning,prototypical few-shot meta-learning (episodic; SI/SD/RS sampling),other subjects (Test Setup II: reference from subjects other than query),no (Test Setup II: support from OTHER subjects; query subject unseen),no (Test Setup II zero-calibration: no labeled samples from query subject),Adam lr 1e-3 (5-fold),yes,subject-split 70:20:10 (5-fold),5,cross-subject,yes (subjects split train/test/val at SUBJECT level - test subjects unseen),validation set (10pct subjects),accuracy,69.92,not separately tabulated (Table 7 deltas; per-setup SD ~1-2pct in Tables 2-6),not reported,no (mean over 5 folds; SD in Tables 2-6),not verified,VMD+DNN 62.50; Raw+Hierarchical-Attn 67.9; Raw+CapsNet 66.73,67.9,yes (+8.56 over prev best at 20-shot),best (best sampling combo),LOSO-inductive-fewshot (zero-calibration),none-evident (Test Setup II = no target-subject data; subject-level split),low-some,CORRECTION: secondary '98.09/98.06 on SEED/DEAP' is FABRICATED - NOT in paper. Paper is DEAP-ONLY; subject-level 70:20:10 split; honest 66-76pct; Table 7 Test Setup II valence 69.92 (zero-calibration cross-subject),Test Setup I (within-subject calibration) valence 76.46 = few-shot target calibration (separate stratum); Related Work attributes 72.81 to ref [32] pretrained-ResNet DEAP 68.60->72.81 median-filtered,yes,yes,yes,verified-from-fulltext,2026-06-24 BSPC vol72 103289 full text Tables 1-7 (root-folder PDF) - 98pct NOT present
EEG-0054,"Bhosale, Chakraborty, Kopparapu",2022,Calibration free meta learning based approach for subject independent EEG emotion recognition,Biomedical Signal Processing and Control (vol 72),journal,10.1016/j.bspc.2021.103289,https://www.sciencedirect.com/science/article/abs/pii/S1746809421008867,none found,http://eecs.qmul.ac.uk/mmv/datasets/deap/,yes,DEAP,32,1,32,128,music-video clips,dimensional,binary arousal (median split at 5),unclear,public,bandpass 4-45 Hz,artifacts removed (per text),3 s pre-trial baseline,not verified,8 (8s segments; 4s overlap; 13 per 60s trial),4 s overlap,raw EEG -> 9x9x1024 matrix (10-20 spatial) + 3D-CNN + BiLSTM episodic embedding,per-segment min-max,unclear,deep-features,deep-learning-fewshot-metalearning,prototypical few-shot meta-learning (episodic; SI/SD/RS sampling),other subjects (Test Setup II),no (Test Setup II: query subject unseen),no (Test Setup II zero-calibration),Adam lr 1e-3 (5-fold),yes,subject-split 70:20:10 (5-fold),5,cross-subject,yes (subject-level split; test subjects unseen),validation set (10pct subjects),accuracy,68.89,not separately tabulated (per-setup SD ~1-2pct in Tables 2-6),not reported,no,not verified,VMD+DNN 61.25; Raw+Hierarchical-Attn 66.5; Raw+CapsNet 68.28,68.28,yes (+0.61 over prev best at 20-shot),best,LOSO-inductive-fewshot (zero-calibration),none-evident (subject-level split; no target-subject data),low-some,clean inductive few-shot cross-subject; honest numbers; NOT a leakage case (secondary 98pct was fabricated),dominance Test Setup II 66.81 also reported,yes,yes,yes,verified-from-fulltext,2026-06-24 BSPC vol72 103289 full text Table 7 (root-folder PDF)
EEG-0053,"Wang, Tian, Zhou",2025,Cross-dataset EEG emotion recognition based on pre-trained Vision Transformer considering emotional sensitivity diversity,Expert Systems with Applications (vol 279),journal,10.1016/j.eswa.2025.127348,https://www.sciencedirect.com/science/article/abs/pii/S0957417425009704,https://github.com/fangwangeeg/PESD,https://bcmi.sjtu.edu.cn/home/seed/seed.html,yes,SEED,15,3,62,1000 raw / 200 downsampled,film clips,discrete-3class (standardized pos/neu/neg),positive/neutral/negative,unclear,public,not verified,not verified,not verified,not verified,1 (1 s segments),none,PSD (6 bands) -> 6x62 image + pretrained ViT encoder,not verified,unclear,PSD-features-ViT,deep-learning-pretrained-ViT-DA,PESD (pretrained ViT + Mixup + domain-adversarial + triplet alignment),high-sensitivity source subject; other subjects as target,yes (unlabeled target data; adjudicated),no (unlabeled target only; adjudicated),grid search tau=0.7 sigma=0.01 (from SEED),yes,LOOCV (leave-one-out all trials),unclear,cross-subject,transductive (target data used in adaptation),validation 20pct per domain,accuracy,87.02,4.36,not reported,yes (per-subject Fig 3/7),one-way ANOVA (sensitivity),DAN/DANN/DDC/DCORAL/MS-MDA/SDDA/GRU-MCC/DGCNN/RGNN/TANN/BiHDM/GMSS/FMLAN/VAE-CapsNet/SEDA-EEG,FMLAN 90.96,yes,mean,B (transductive-UDA; adjudicated),none (transductive disclosed),some-concerns,VERIFIED full text (root PDF): Table 2 cross-subject PESD SEED 87.02/4.36; corroborates RGNN 85.30/6.72 BiHDM 85.40/7.53 DGCNN 79.95/9.02 MS-MDA 89.63/6.79; Adjudicator: Table 2,Table 2 is a rich same-protocol cross-subject baseline source; SEED-IV cross-subject SD huge (25.89); Adjudicator decision=pool-with-cross-subject; pool-with-cross-subject,yes,yes,yes,verified-from-fulltext,2026-06-24 ESWA vol279 127348 full text Table 2 (root-folder PDF); adjudicator decision applied 2026-07-04
EEG-0053,"Wang, Tian, Zhou",2025,Cross-dataset EEG emotion recognition based on pre-trained Vision Transformer considering emotional sensitivity diversity,Expert Systems with Applications (vol 279),journal,10.1016/j.eswa.2025.127348,https://www.sciencedirect.com/science/article/abs/pii/S0957417425009704,https://github.com/fangwangeeg/PESD,http://eecs.qmul.ac.uk/mmv/datasets/deap/,yes,DEAP,32,1,32,512 raw / 128 downsampled / up-sampled to 62ch,music-video clips,dimensional->3class (standardized),3-category (valence/arousal mapped to pos/neu/neg),unclear,public,not verified,not verified,not verified,not verified,1 (1 s segments),none,PSD (6 bands) -> 6x62 image + pretrained ViT encoder,not verified,unclear,PSD-features-ViT,deep-learning-pretrained-ViT-DA,PESD (pretrained ViT + Mixup + domain-adversarial + triplet alignment),source subject; other subjects as target,yes (DA uses target-domain data),yes (adaptation uses target labels; reconfirm),tau=0.7 sigma=0.01,yes,LOOCV (all trials),unclear,cross-subject,transductive (target data used),validation 20pct per domain,accuracy,86.98,6.07,not reported,yes (Fig 3),one-way ANOVA,within-paper DA baselines,not verified,yes,mean,cross-subject-transductive-DA,transductive/target-distribution,some-concerns,DEAP cross-subject transductive DA 86.98/6.07; up-sampled 32->62 channels (channel-interpolation note); 3-class relabeling of dimensional DEAP,DEAP relabeled into 3 categories (not native binary) - cross-paper comparability caveat,yes,yes,yes,verified-from-fulltext,2026-06-24 ESWA vol279 127348 full text Table 2 (root-folder PDF)
EEG-0053,"Wang, Tian, Zhou",2025,Cross-dataset EEG emotion recognition based on pre-trained Vision Transformer considering emotional sensitivity diversity,Expert Systems with Applications (vol 279),journal,10.1016/j.eswa.2025.127348,https://www.sciencedirect.com/science/article/abs/pii/S0957417425009704,https://github.com/fangwangeeg/PESD,https://bcmi.sjtu.edu.cn/home/seed/seed.html,yes,SEED,15,3,62,1000 raw / 200 downsampled,film clips,discrete-3class,positive/neutral/negative,unclear,public,not verified,not verified,not verified,not verified,1 (1 s segments),none,PSD (6 bands) -> 6x62 image + pretrained ViT encoder,not verified,unclear,PSD-features-ViT,deep-learning-pretrained-ViT-DA,PESD cross-DATASET (pretrain on another dataset + target-data DA on SEED),pretrain on a different dataset; SEED as target,yes (cross-dataset DA uses SEED target data),yes (adaptation uses target labels; reconfirm),tau=0.7 sigma=0.01,yes,LOOCV (all trials),unclear,cross-dataset,transductive (target data used),validation 20pct,accuracy,93.14,5,not reported,yes (Fig 3),one-way ANOVA,within-paper,not verified,yes,best,cross-dataset-transductive-DA,benchmark-ambiguity + transductive (cross-dataset 93.14 uses target adaptation - NOT inductive zero-shot),some-concerns,INFLATION/AMBIGUITY exemplar: cross-dataset SEED 93.14 achieved WITH target adaptation (Mixup/adversary/triplet) + LOOCV; cf inductive cross-dataset SEED ~58-67pct (EEG-0011); same paper cross-subject SEED only 87.02,reading 93.14 as cross-dataset GENERALIZATION is inflated; it is transductive target-adaptive; documented in leakage_inflation_cases.md Case 3,no,yes,yes,verified-from-fulltext,2026-06-24 ESWA vol279 127348 full text Table 2 cross-dataset (root-folder PDF)
EEG-0053,"Wang, Tian, Zhou",2025,Cross-dataset EEG emotion recognition based on pre-trained Vision Transformer considering emotional sensitivity diversity,Expert Systems with Applications (vol 279),journal,10.1016/j.eswa.2025.127348,https://www.sciencedirect.com/science/article/abs/pii/S0957417425009704,https://github.com/fangwangeeg/PESD,http://eecs.qmul.ac.uk/mmv/datasets/deap/,yes,DEAP,32,1,32,512 raw / 128 / up-sampled 62ch,music-video clips,dimensional->3class,3-category (relabeled),unclear,public,not verified,not verified,not verified,not verified,1 (1 s segments),none,PSD (6 bands) -> 6x62 image + pretrained ViT encoder,not verified,unclear,PSD-features-ViT,deep-learning-pretrained-ViT-DA,PESD cross-DATASET (pretrain on another dataset + target-data DA on DEAP),pretrain on a different dataset; DEAP as target,yes (cross-dataset DA uses DEAP target data),yes (adaptation uses target labels; reconfirm),tau=0.7 sigma=0.01,yes,LOOCV (all trials),unclear,cross-dataset,transductive (target data used),validation 20pct,accuracy,93.53,4.32,not reported,yes (Fig 3),one-way ANOVA,within-paper,not verified,yes,best,cross-dataset-transductive-DA,benchmark-ambiguity + transductive (cross-dataset 93.53 uses target adaptation),some-concerns,INFLATION/AMBIGUITY exemplar: cross-dataset DEAP 93.53 with target adaptation + LOOCV + 3-class relabeling; not inductive zero-shot generalization,companion to SEED 93.14 row; documented in leakage_inflation_cases.md Case 3,no,yes,yes,verified-from-fulltext,2026-06-24 ESWA vol279 127348 full text Table 2 cross-dataset (root-folder PDF)
EEG-0057,Longbin Jin; Eun Yi Kim,2020,Interpretable Cross-Subject EEG-Based Emotion Recognition Using Channel-Wise Features,"Sensors, 2020, 20(23):6719",journal,10.3390/s20236719,https://pmc.ncbi.nlm.nih.gov/articles/PMC7727848/,none found,http://eecs.qmul.ac.uk/mmv/datasets/deap/,yes,DEAP,32,1,32,128,music-video clips,dimensional,binary valence,unclear,public,not verified,not verified,not verified,not verified,not verified,not verified,channel-wise features (E-EmotiConNet),not verified,no (10-fold random split; same subject+stimuli in train and test per paper),channel-wise features,deep-learning-CNN,none,n/a (random 10-fold over pooled subjects),yes (EFFECTIVE: same-subject data in train AND test - subject leakage),yes (same subject+stimuli in train and test - trial+subject leakage),unclear,CLAIMED yes / VIOLATED,10-fold random (sample/segment-level),10,cross-subject (claimed) / NOT subject-independent (actual),VIOLATED (same subject + same stimuli in train and test per paper),unclear,accuracy,98.93,not reported,not reported,no,not verified,within-paper variants,not verified,yes,best,PSEUDO-cross-subject (subject + trial leakage),subject-leakage + trial/stimulus-leakage (paper text: 'same subject and same stimuli could be both in training and testing'),high,FATAL leakage (paper's OWN words): '...same subject and same stimuli could be both in the training set and testing set' yet claims user-independent; near-ceiling DEAP V 98.93 / A 99.10 and SEED 99.63 = subject+trial leakage signature,claimed cross-subject but implementation is sample-level 10-fold with same subject+stimuli across folds; do NOT pool; exemplar for RQ leakage->inflation,no,yes,yes,verified-from-fulltext,2026-06-24 PMC7727848 full text methods - VERIFIED subject+trial leakage
EEG-0057,Longbin Jin; Eun Yi Kim,2020,Interpretable Cross-Subject EEG-Based Emotion Recognition Using Channel-Wise Features,"Sensors, 2020, 20(23):6719",journal,10.3390/s20236719,https://pmc.ncbi.nlm.nih.gov/articles/PMC7727848/,none found,http://eecs.qmul.ac.uk/mmv/datasets/deap/,yes,DEAP,32,1,32,128,music-video clips,dimensional,binary arousal,unclear,public,not verified,not verified,not verified,not verified,not verified,not verified,channel-wise features (E-EmotiConNet),not verified,no (10-fold random; same subject+stimuli in train and test),channel-wise features,deep-learning-CNN,none,n/a (random 10-fold),yes (EFFECTIVE subject leakage),yes (subject+trial leakage),unclear,CLAIMED yes / VIOLATED,10-fold random (sample/segment-level),10,cross-subject (claimed) / NOT subject-independent,VIOLATED,unclear,accuracy,99.1,not reported,not reported,no,not verified,within-paper variants,not verified,yes,best,PSEUDO-cross-subject (subject + trial leakage),subject-leakage + trial/stimulus-leakage,high,FATAL leakage: arousal 99.10 (near-ceiling); same subject+stimuli in train and test per paper,companion to valence 98.93 row,no,yes,yes,verified-from-fulltext,2026-06-24 PMC7727848 full text methods
EEG-0057,Longbin Jin; Eun Yi Kim,2020,Interpretable Cross-Subject EEG-Based Emotion Recognition Using Channel-Wise Features,"Sensors, 2020, 20(23):6719",journal,10.3390/s20236719,https://pmc.ncbi.nlm.nih.gov/articles/PMC7727848/,none found,https://bcmi.sjtu.edu.cn/home/seed/seed.html,yes,SEED,15,unclear,62,200,film clips,discrete-3class,positive/neutral/negative,unclear,public,not verified,not verified,not verified,not verified,not verified,not verified,channel-wise features (E-EmotiConNet),not verified,no (10-fold random; same subject+stimuli in train and test),channel-wise features,deep-learning-CNN,none,n/a (random 10-fold),yes (EFFECTIVE subject leakage),yes (subject+trial leakage),unclear,CLAIMED yes / VIOLATED,10-fold random (sample/segment-level),10,cross-subject (claimed) / NOT subject-independent,VIOLATED,unclear,accuracy,99.63,not reported,not reported,no,not verified,within-paper variants,not verified,yes,best,PSEUDO-cross-subject (subject + trial leakage),subject-leakage + trial/stimulus-leakage,high,"FATAL leakage: SEED 3-class 99.63 (near-ceiling, vs honest LOSO ~80-86); same subject+stimuli in train and test per paper",strongest leakage-inflation exemplar in corpus (SEED LOSO honest range 76-89),no,yes,yes,verified-from-fulltext,2026-06-24 PMC7727848 full text methods
EEG-0020,"Shen, Liu, Hu, Zhang, Song",2022,Contrastive Learning of Subject-Invariant EEG Representations for Cross-Subject Emotion Recognition,IEEE Transactions on Affective Computing (vol 14),journal,10.1109/TAFFC.2022.3164516,https://arxiv.org/abs/2109.09559,none found,https://bcmi.sjtu.edu.cn/home/seed/seed.html,yes,SEED,15,3,62,200,film clips,discrete-3class,positive/neutral/negative,unclear,public,bandpass 4-47 Hz,ICA + NoiseTools denoising,not verified,common average,1,none,DE features from trained CNN base encoder (contrastive learning),stratified-norm (train) + online adaptive z-score using test-subject data (predict),no - prediction normalization uses test-subject statistics online (transductive),deep-contrastive-features,deep-learning-contrastive-CNN,CLISA (contrastive inter-subject alignment) + online feature normalization,all other training subjects,yes (online test-subject normalization in prediction; same-stimuli contrastive design),no,unclear,yes,LOSO,15,cross-subject,LOSO (test subject held out); generic cross-subject CV,early stopping on validation accuracy,accuracy,86.4,6.4,not reported,unclear,paired t-test Bonferroni (vs baselines),DE+MLP/SA/CorrCA/SeqCLR/DResNet/PPDA,DResNet 85.3 / PPDA 86.7,yes,mean,UDA-transductive-LOSO,"normalization/test-time-adaptation uses target-subject statistics (online, disclosed) [type 7-adjacent]",some-concerns,prediction uses online adaptive feature normalization updated with test-subject data (decay 0.99) + stratified normalization in training -> transductive; disclosed as a feature not hidden,THU-EP (80 subj) main dataset is non-public/out-of-scope; SEED new-stimuli generalizability test 77.4/13.4; CLISA requires same-stimuli temporal synchronization (structural constraint),yes,yes,yes,verified-from-fulltext,2026-06-24 IEEE TAC 2022 vol14 no3 pp2496-2511 full text Table 5 (PDF via arXiv 2109.09559)
EEG-0009,Jiahao Tang; Youjun Li; Xiangting Fan; Yangxuan Zheng; Siyuan Lu; Xueping Li; Peng Fang; Chenxi Li; Zi-Gang Huang,2025,SDC-Net: A Domain Adaptation Framework with Semantic-Dynamic Consistency for Cross-Subject EEG Emotion Recognition,arXiv preprint 2507.17524 (submitted to IEEE; not yet published),preprint,10.48550/arXiv.2507.17524,https://arxiv.org/abs/2507.17524,https://github.com/XuanSuTrum/SDC-Net,https://bcmi.sjtu.edu.cn/home/seed/seed.html,unclear,SEED,15,3,62,200,film clips,discrete-3class,positive/neutral/negative,unclear,public,not verified,not verified,not verified,not verified,not verified,not verified,differential entropy (DE; band/window details not captured),not verified,unclear,handcrafted-DE,deep-learning-domain-adaptation,SDC-Net (SS-Mix augmentation + dynamic distribution alignment in RKHS + dual-stream similarity consistency + confidence-aware pseudo-labeling),source subjects,"yes (unlabeled target during adaptation - transductive, label-free)",no,unclear,yes,LOSO,15,cross-subject (single-session),cross-subject single-session LOSO,unclear,accuracy,91.85,5.98,not reported,unclear,not verified,RGNN/BiHDM/MS-MDA/CLISA/PR-PL/SDDA/CU-GCN/JDA-Net (Table II same-protocol),SDDA 91.08,yes,mean,UDA-transductive-LOSO,transductive/target-distribution (unlabeled target used by design),some-concerns,transductive label-free DA (unlabeled target + pseudo-labels); single-session cross-subject LOSO; code github.com/XuanSuTrum/SDC-Net (to be released),"Table II/III same-protocol cluster EXACTLY corroborates RGNN 85.30/6.72, BiHDM 85.40/7.53, MS-MDA SEED-IV 59.34/5.48, CLISA 86.40/6.40; cross-session SEED 82.22/4.68 SEED-IV 68.84/8.05 out of cross-subject scope",yes,yes,yes,verified-from-fulltext,2026-06-24 arXiv 2507.17524 full text Table II (PDF)
EEG-0009,Jiahao Tang; Youjun Li; Xiangting Fan; Yangxuan Zheng; Siyuan Lu; Xueping Li; Peng Fang; Chenxi Li; Zi-Gang Huang,2025,SDC-Net: A Domain Adaptation Framework with Semantic-Dynamic Consistency for Cross-Subject EEG Emotion Recognition,arXiv preprint 2507.17524 (submitted to IEEE; not yet published),preprint,10.48550/arXiv.2507.17524,https://arxiv.org/abs/2507.17524,https://github.com/XuanSuTrum/SDC-Net,https://weilongzheng.github.io/datasets/seed-iv/,unclear,SEED-IV,15,3,62,200,movie clips,discrete-4class,happy/sad/fear/neutral,unclear,public,not verified,not verified,not verified,not verified,not verified,not verified,differential entropy (DE; band/window details not captured),not verified,unclear,handcrafted-DE,deep-learning-domain-adaptation,SDC-Net (SS-Mix + dynamic distribution alignment in RKHS + dual-stream similarity consistency + confidence-aware pseudo-labeling),source subjects,"yes (unlabeled target during adaptation - transductive, label-free)",no,unclear,yes,LOSO,15,cross-subject (single-session),cross-subject single-session LOSO,unclear,accuracy,74.88,10.47,not reported,unclear,not verified,DGCNN/MS-MDA/JDA-Net/ST-SCGCN/CU-GCN/DAPLP/MSFR-GCN (Table III same-protocol),ST-SCGCN 76.37,yes,mean,UDA-transductive-LOSO,transductive/target-distribution (unlabeled target used by design),some-concerns,transductive label-free DA; SEED-IV single-session cross-subject LOSO 74.88/10.47,Table III corroborates DGCNN 68.73/8.34 and MS-MDA 59.34/5.48 under one protocol,yes,yes,yes,verified-from-fulltext,2026-06-24 arXiv 2507.17524 full text Table III (PDF)
EEG-0011,Md Niaz Imtiaz; Naimul Khan,2025,Towards Practical Emotion Recognition: An Unsupervised Source-Free Approach for EEG Domain Adaptation,arXiv preprint 2504.03707 (under review),preprint,10.48550/arXiv.2504.03707,https://arxiv.org/abs/2504.03707,none found,https://bcmi.sjtu.edu.cn/home/seed/seed.html,unclear,SEED,15,unclear,62,200,not stated,dimensional/discrete (binarized),binary (positive/negative),unclear,public,not verified,not verified,not verified,not verified,not verified,not verified,not stated,not verified,unclear,deep-features,deep-learning-source-free-DA,source-free UDA (pre-trained model adapted on unlabeled target; source data inaccessible at adaptation),pretrain on one dataset; other dataset as target,yes (unlabeled target used - source-free transductive),no,unclear,yes (cross-dataset),cross-dataset,n/a,DEAP->SEED,cross-dataset (train on one apply to other),unclear,accuracy,65.84,not reported,not reported,no,not verified,within-paper DA baselines,not verified,yes,best,cross-dataset-source-free-UDA,transductive (source-free uses unlabeled target by design),some-concerns,source-free UDA cross-dataset DEAP->SEED 2-class 65.84; no SD/dispersion reported -> narrative only,"corroborates realistic cross-dataset generalization ~58-67% (cf transductive target-supervised cross-dataset PESD 93+, EEG-0053); no absolute SD",no,yes,yes,abstract+results-verified,2026-06-24 arXiv 2504.03707 results (web extraction)
EEG-0011,Md Niaz Imtiaz; Naimul Khan,2025,Towards Practical Emotion Recognition: An Unsupervised Source-Free Approach for EEG Domain Adaptation,arXiv preprint 2504.03707 (under review),preprint,10.48550/arXiv.2504.03707,https://arxiv.org/abs/2504.03707,none found,http://eecs.qmul.ac.uk/mmv/datasets/deap/,unclear,DEAP,32,unclear,32,128,not stated,dimensional/discrete (binarized),binary (positive/negative),unclear,public,not verified,not verified,not verified,not verified,not verified,not verified,not stated,not verified,unclear,deep-features,deep-learning-source-free-DA,source-free UDA (pre-trained model adapted on unlabeled target; source data inaccessible at adaptation),pretrain on one dataset; other dataset as target,yes (unlabeled target used - source-free transductive),no,unclear,yes (cross-dataset),cross-dataset,n/a,SEED->DEAP,cross-dataset (train on one apply to other),unclear,accuracy,58.99,not reported,not reported,no,not verified,within-paper DA baselines,not verified,yes,best,cross-dataset-source-free-UDA,transductive (source-free uses unlabeled target by design),some-concerns,source-free UDA cross-dataset SEED->DEAP 2-class 58.99; no SD/dispersion reported -> narrative only,"corroborates realistic cross-dataset generalization ~58-67% (cf transductive target-supervised cross-dataset PESD 93+, EEG-0053); no absolute SD",no,yes,yes,abstract+results-verified,2026-06-24 arXiv 2504.03707 results (web extraction)
EEG-0010,Qiang Wang; Liying Yang; Jiayun Song; Yifan Bai; Jingtao Du,2025,HEDN: A Hard-Easy Dual Network with Source Reliability Assessment for Cross-Subject EEG Emotion Recognition,arXiv preprint 2511.06782 (submitted to IEEE; not yet published),preprint,10.48550/arxiv.2511.06782,https://arxiv.org/abs/2511.06782,not stated,https://bcmi.sjtu.edu.cn/home/seed/seed.html,unclear,SEED,15,3,62,200,film/movie/music-video clips,discrete-3class,positive/neutral/negative,unclear,public,not verified,not verified,not verified,not verified,1,none (non-overlapping),"differential entropy (DE, 5 bands) + LDS smoothing",not verified,unclear,handcrafted-DE,deep-learning-multisource-DA,HEDN (hard-easy dual network + source reliability assessment (SRA) + prototype pseudo-labels + cross-network consistency),multiple source subjects (SRA-routed hard/easy),yes (unlabeled target available during training - transductive),no,RMSprop lr 1e-3; seed 42,yes,LOSO,15,cross-subject,LOSO (test subject held out),best checkpoint vs final reported (stability analysis),accuracy,94,7.05,not reported,yes (per-subject Fig 5),not verified,DANN/UDDA/MS-MDA/MSDA-SFE/S2A2-MSDA/Gusa/ADANN/PR-PL/TT-CDAN/GDDN/DBPM (Table II/III same-protocol),DBPM 94.86 (SEED),yes,mean,UDA-transductive-LOSO,transductive/target-distribution (unlabeled target + pseudo-labels),some-concerns,transductive LOSO; SEED 3-class 94.00/7.05; Table II reproduces MS-MDA SEED 89.63/6.79 & SEED-IV 59.34/5.48 EXACTLY (3rd corroboration); PR-PL single-session 93.06 (parens=best session) confirmed,high-end transductive (2025); careful 5-seed stability analysis; () in tables = best-session not LOSO mean; no public code,yes,yes,yes,verified-from-fulltext,2026-06-24 arXiv 2511.06782 full text Tables II-III (PDF)
EEG-0010,Qiang Wang; Liying Yang; Jiayun Song; Yifan Bai; Jingtao Du,2025,HEDN: A Hard-Easy Dual Network with Source Reliability Assessment for Cross-Subject EEG Emotion Recognition,arXiv preprint 2511.06782 (submitted to IEEE; not yet published),preprint,10.48550/arxiv.2511.06782,https://arxiv.org/abs/2511.06782,not stated,https://weilongzheng.github.io/datasets/seed-iv/,unclear,SEED-IV,15,3,62,200,film/movie/music-video clips,discrete-4class,happy/sad/fear/neutral,unclear,public,not verified,not verified,not verified,not verified,4,none (non-overlapping),"differential entropy (DE, 5 bands) + LDS smoothing",not verified,unclear,handcrafted-DE,deep-learning-multisource-DA,HEDN (hard-easy dual network + source reliability assessment (SRA) + prototype pseudo-labels + cross-network consistency),multiple source subjects (SRA-routed hard/easy),yes (unlabeled target available during training - transductive),no,RMSprop lr 1e-3; seed 42,yes,LOSO,15,cross-subject,LOSO (test subject held out),best checkpoint vs final reported (stability analysis),accuracy,79.36,9.62,not reported,yes (per-subject Fig 5),not verified,DANN/UDDA/MS-MDA/MSDA-SFE/S2A2-MSDA/Gusa/ADANN/PR-PL/TT-CDAN/GDDN/DBPM (Table II/III same-protocol),DBPM 94.86 (SEED),yes,mean,UDA-transductive-LOSO,transductive/target-distribution (unlabeled target + pseudo-labels),some-concerns,transductive LOSO; SEED-IV 4-class 79.36/9.62; Table II reproduces MS-MDA SEED 89.63/6.79 & SEED-IV 59.34/5.48 EXACTLY (3rd corroboration); PR-PL single-session 93.06 (parens=best session) confirmed,high-end transductive (2025); careful 5-seed stability analysis; () in tables = best-session not LOSO mean; no public code,yes,yes,yes,verified-from-fulltext,2026-06-24 arXiv 2511.06782 full text Tables II-III (PDF)
EEG-0010,Qiang Wang; Liying Yang; Jiayun Song; Yifan Bai; Jingtao Du,2025,HEDN: A Hard-Easy Dual Network with Source Reliability Assessment for Cross-Subject EEG Emotion Recognition,arXiv preprint 2511.06782 (submitted to IEEE; not yet published),preprint,10.48550/arxiv.2511.06782,https://arxiv.org/abs/2511.06782,not stated,http://eecs.qmul.ac.uk/mmv/datasets/deap/,unclear,DEAP,32,1,32,128,film/movie/music-video clips,dimensional,binary valence (split at 5),unclear,public,not verified,not verified,not verified,not verified,1,none (non-overlapping),"differential entropy (DE, 5 bands) + LDS smoothing",not verified,unclear,handcrafted-DE,deep-learning-multisource-DA,HEDN (hard-easy dual network + source reliability assessment (SRA) + prototype pseudo-labels + cross-network consistency),multiple source subjects (SRA-routed hard/easy),yes (unlabeled target available during training - transductive),no,RMSprop lr 1e-3; seed 42,yes,LOSO,32,cross-subject,LOSO (test subject held out),best checkpoint vs final reported (stability analysis),accuracy,73.07,5.01,not reported,yes (per-subject Fig 5),not verified,DANN/UDDA/MS-MDA/MSDA-SFE/S2A2-MSDA/Gusa/ADANN/PR-PL/TT-CDAN/GDDN/DBPM (Table II/III same-protocol),DBPM 94.86 (SEED),yes,mean,UDA-transductive-LOSO,transductive/target-distribution (unlabeled target + pseudo-labels),some-concerns,transductive LOSO; DEAP binary valence 73.07/5.01; Table II reproduces MS-MDA SEED 89.63/6.79 & SEED-IV 59.34/5.48 EXACTLY (3rd corroboration); PR-PL single-session 93.06 (parens=best session) confirmed,high-end transductive (2025); careful 5-seed stability analysis; () in tables = best-session not LOSO mean; no public code,yes,yes,yes,verified-from-fulltext,2026-06-24 arXiv 2511.06782 full text Tables II-III (PDF)
EEG-0010,Qiang Wang; Liying Yang; Jiayun Song; Yifan Bai; Jingtao Du,2025,HEDN: A Hard-Easy Dual Network with Source Reliability Assessment for Cross-Subject EEG Emotion Recognition,arXiv preprint 2511.06782 (submitted to IEEE; not yet published),preprint,10.48550/arxiv.2511.06782,https://arxiv.org/abs/2511.06782,not stated,http://eecs.qmul.ac.uk/mmv/datasets/deap/,unclear,DEAP,32,1,32,128,film/movie/music-video clips,dimensional,binary arousal (split at 5),unclear,public,not verified,not verified,not verified,not verified,1,none (non-overlapping),"differential entropy (DE, 5 bands) + LDS smoothing",not verified,unclear,handcrafted-DE,deep-learning-multisource-DA,HEDN (hard-easy dual network + source reliability assessment (SRA) + prototype pseudo-labels + cross-network consistency),multiple source subjects (SRA-routed hard/easy),yes (unlabeled target available during training - transductive),no,RMSprop lr 1e-3; seed 42,yes,LOSO,32,cross-subject,LOSO (test subject held out),best checkpoint vs final reported (stability analysis),accuracy,73.2,8.97,not reported,yes (per-subject Fig 5),not verified,DANN/UDDA/MS-MDA/MSDA-SFE/S2A2-MSDA/Gusa/ADANN/PR-PL/TT-CDAN/GDDN/DBPM (Table II/III same-protocol),DBPM 94.86 (SEED),yes,mean,UDA-transductive-LOSO,transductive/target-distribution (unlabeled target + pseudo-labels),some-concerns,transductive LOSO; DEAP binary arousal 73.20/8.97; Table II reproduces MS-MDA SEED 89.63/6.79 & SEED-IV 59.34/5.48 EXACTLY (3rd corroboration); PR-PL single-session 93.06 (parens=best session) confirmed,high-end transductive (2025); careful 5-seed stability analysis; () in tables = best-session not LOSO mean; no public code,yes,yes,yes,verified-from-fulltext,2026-06-24 arXiv 2511.06782 full text Tables II-III (PDF)
EEG-0043,Fo Hu; Can Wang; Qinxu Zheng; Xusheng Yang; Bin Zhou; Gang Li; Yu Sun; Wen-an Zhang,2025,DAMSDAN: Distribution-Aware Multi-Source Domain Adaptation Network for Cross-Domain EEG Emotion Recognition,arXiv preprint 2510.17475,preprint,10.48550/arxiv.2510.17475,https://arxiv.org/abs/2510.17475,https://github.com/ZJUTofBrainIntelligence/DAMSDAN,https://bcmi.sjtu.edu.cn/home/seed/seed.html,unclear,SEED,15,3,62,200,film/movie/video clips,discrete-3class,positive/neutral/negative,unclear,public,bandpass 0.3-50 Hz,ICA,not verified,not verified,1,none (non-overlapping),"differential entropy (DE, 5 bands) + LDS smoothing",not verified,unclear,handcrafted-DE,deep-learning-multisource-DA,DAMSDAN (distribution-aware multi-source DA + structure-aware pseudo-label collaboration (DPLC) + prototype-guided conditional alignment (PGCA)),14 source subjects (SEED/SEED-IV) / 10 source subjects (FACED),yes (unlabeled target during adaptation - transductive),no,Adam lr 2e-4; batch 256,yes,LOSO,15,cross-subject,LOSO (test subject held out),unclear,accuracy,94.86,4.87,not reported,yes (per-subject Fig 5),not verified,JDA/MIMD/MS-STM/GFHF/SA/CORAL/GFK/TKL/TCA/SVM/TPT/MEDA; PR-PL/UDDA/ADANN/EPNNE/DAN/MS-MDA/MS-ADA/DGCNN/DCCA/CLISA/MSMRA (Table II/III/IV),"PR-PL 93.06 (SEED, second-best)",yes,mean,UDA-transductive-LOSO,transductive/target-distribution (unlabeled target + pseudo-labels),some-concerns,transductive LOSO; SEED 3-class 94.86/4.87; Table IV corroborates CLISA FACED 75.10/3.50; NOTE Table II reproduces MS-MDA SEED at 81.43/10.17 (vs primary 89.63/6.79) - baseline-reproduction divergence worth citing,high-end transductive (2025); code verified (github.com/ZJUTofBrainIntelligence/DAMSDAN); FACED is binary pos/neg (9-class grouped); within-subject cross-session SEED 95.12 reported separately (out of scope),yes,yes,yes,verified-from-fulltext,2026-06-24 arXiv 2510.17475 full text Tables II-IV (PDF)
EEG-0043,Fo Hu; Can Wang; Qinxu Zheng; Xusheng Yang; Bin Zhou; Gang Li; Yu Sun; Wen-an Zhang,2025,DAMSDAN: Distribution-Aware Multi-Source Domain Adaptation Network for Cross-Domain EEG Emotion Recognition,arXiv preprint 2510.17475,preprint,10.48550/arxiv.2510.17475,https://arxiv.org/abs/2510.17475,https://github.com/ZJUTofBrainIntelligence/DAMSDAN,https://weilongzheng.github.io/datasets/seed-iv/,unclear,SEED-IV,15,3,62,200,film/movie/video clips,discrete-4class,happy/sad/fear/neutral,unclear,public,bandpass 0.3-50 Hz,ICA,not verified,not verified,4,none (non-overlapping),"differential entropy (DE, 5 bands) + LDS smoothing",not verified,unclear,handcrafted-DE,deep-learning-multisource-DA,DAMSDAN (distribution-aware multi-source DA + structure-aware pseudo-label collaboration (DPLC) + prototype-guided conditional alignment (PGCA)),14 source subjects (SEED/SEED-IV) / 10 source subjects (FACED),yes (unlabeled target during adaptation - transductive),no,Adam lr 2e-4; batch 256,yes,LOSO,15,cross-subject,LOSO (test subject held out),unclear,accuracy,82.48,8.02,not reported,yes (per-subject Fig 5),not verified,JDA/MIMD/MS-STM/GFHF/SA/CORAL/GFK/TKL/TCA/SVM/TPT/MEDA; PR-PL/UDDA/ADANN/EPNNE/DAN/MS-MDA/MS-ADA/DGCNN/DCCA/CLISA/MSMRA (Table II/III/IV),"PR-PL 93.06 (SEED, second-best)",yes,mean,UDA-transductive-LOSO,transductive/target-distribution (unlabeled target + pseudo-labels),some-concerns,transductive LOSO; SEED-IV 4-class 82.48/8.02; Table IV corroborates CLISA FACED 75.10/3.50; NOTE Table II reproduces MS-MDA SEED at 81.43/10.17 (vs primary 89.63/6.79) - baseline-reproduction divergence worth citing,high-end transductive (2025); code verified (github.com/ZJUTofBrainIntelligence/DAMSDAN); FACED is binary pos/neg (9-class grouped); within-subject cross-session SEED 95.12 reported separately (out of scope),yes,yes,yes,verified-from-fulltext,2026-06-24 arXiv 2510.17475 full text Tables II-IV (PDF)
EEG-0043,Fo Hu; Can Wang; Qinxu Zheng; Xusheng Yang; Bin Zhou; Gang Li; Yu Sun; Wen-an Zhang,2025,DAMSDAN: Distribution-Aware Multi-Source Domain Adaptation Network for Cross-Domain EEG Emotion Recognition,arXiv preprint 2510.17475,preprint,10.48550/arxiv.2510.17475,https://arxiv.org/abs/2510.17475,https://github.com/ZJUTofBrainIntelligence/DAMSDAN,not verified,unclear,FACED,123,1,32,not verified,film/movie/video clips,discrete-binary (pos/neg from 9 classes),binary positive/negative,unclear,public,bandpass 0.3-50 Hz,ICA,not verified,not verified,1,none (non-overlapping),"differential entropy (DE, 5 bands) + LDS smoothing",not verified,unclear,handcrafted-DE,deep-learning-multisource-DA,DAMSDAN (distribution-aware multi-source DA + structure-aware pseudo-label collaboration (DPLC) + prototype-guided conditional alignment (PGCA)),14 source subjects (SEED/SEED-IV) / 10 source subjects (FACED),yes (unlabeled target during adaptation - transductive),no,Adam lr 2e-4; batch 256,yes,LOSO,123,cross-subject,LOSO (test subject held out),unclear,accuracy,82.88,7.71,not reported,yes (per-subject Fig 5),not verified,JDA/MIMD/MS-STM/GFHF/SA/CORAL/GFK/TKL/TCA/SVM/TPT/MEDA; PR-PL/UDDA/ADANN/EPNNE/DAN/MS-MDA/MS-ADA/DGCNN/DCCA/CLISA/MSMRA (Table II/III/IV),"PR-PL 93.06 (SEED, second-best)",yes,mean,UDA-transductive-LOSO,transductive/target-distribution (unlabeled target + pseudo-labels),some-concerns,transductive LOSO; FACED binary 82.88/7.71; Table IV corroborates CLISA FACED 75.10/3.50; NOTE Table II reproduces MS-MDA SEED at 81.43/10.17 (vs primary 89.63/6.79) - baseline-reproduction divergence worth citing,high-end transductive (2025); code verified (github.com/ZJUTofBrainIntelligence/DAMSDAN); FACED is binary pos/neg (9-class grouped); within-subject cross-session SEED 95.12 reported separately (out of scope),yes,yes,yes,verified-from-fulltext,2026-06-24 arXiv 2510.17475 full text Tables II-IV (PDF)
EEG-0035,Tao Xu; Wang Dang; Jiabao Wang; Yun Zhou,2022,DAGAM: A Domain Adversarial Graph Attention Model for Subject Independent EEG-Based Emotion Recognition,Journal of Neural Engineering,journal,10.1088/1741-2552/acae06,https://doi.org/10.1088/1741-2552/acae06,not stated,https://bcmi.sjtu.edu.cn/home/seed/seed.html,yes,SEED,15,3,62,200,film/movie clips,discrete-3class,positive/neutral/negative,unclear,public,bandpass 1-75 Hz,not verified,not verified,not verified,not verified,not verified,"differential entropy (DE, 5 bands)",not verified,unclear,handcrafted-DE,deep-learning-adversarial-graph,DAGAM (graph self-attention pooling + domain-adversarial on the graph + KL-divergence classifier loss),source subjects,yes (unlabeled target during adversarial training - transductive; domain label src=0/tgt=1),no,Adam lr 1e-3; GCN L=3; k=0.5,yes,LOOCV,15,cross-subject,LOOCV (test subject held out),unclear,accuracy,92.59,3.21,not reported,yes (confusion matrices),not verified,KLIEP/ULSIF/STM/SVM/TCA/SA/GFK/A-LSTM/T-SVM/DANN/DGCNN/DAN/BiDANN-S/BiHDM/RGNN/WGAN-DA/TDANN (Table 1),TDANN 87.90 / WGAN-DA 87.07 (SEED),yes,mean,UDA-transductive-LOSO,transductive/target-distribution (unlabeled target used by design),some-concerns,"transductive LOOCV; SEED 92.59/3.21 SEED-IV 80.74/4.14; Table 1 corroborates DGCNN 79.95/9.02, BiDANN-S 84.14/6.87, BiHDM 85.40/7.53, RGNN 85.30/6.72",no public code; authors/venue unverified; high-end transductive (2022),yes,yes,yes,verified-from-fulltext,2026-06-24 arXiv 2202.12948 full text Table 1 (PDF); published-version metadata updated 2026-06-28; source: Crossref DOI record
EEG-0035,Tao Xu; Wang Dang; Jiabao Wang; Yun Zhou,2022,DAGAM: A Domain Adversarial Graph Attention Model for Subject Independent EEG-Based Emotion Recognition,Journal of Neural Engineering,journal,10.1088/1741-2552/acae06,https://doi.org/10.1088/1741-2552/acae06,not stated,https://weilongzheng.github.io/datasets/seed-iv/,yes,SEED-IV,15,3,62,200,film/movie clips,discrete-4class,happy/sad/fear/neutral,unclear,public,bandpass 1-75 Hz,not verified,not verified,not verified,not verified,not verified,"differential entropy (DE, 5 bands)",not verified,unclear,handcrafted-DE,deep-learning-adversarial-graph,DAGAM (graph self-attention pooling + domain-adversarial on the graph + KL-divergence classifier loss),source subjects,yes (unlabeled target during adversarial training - transductive; domain label src=0/tgt=1),no,Adam lr 1e-3; GCN L=3; k=0.5,yes,LOOCV,15,cross-subject,LOOCV (test subject held out),unclear,accuracy,80.74,4.14,not reported,yes (confusion matrices),not verified,KLIEP/ULSIF/STM/SVM/TCA/SA/GFK/A-LSTM/T-SVM/DANN/DGCNN/DAN/BiDANN-S/BiHDM/RGNN/WGAN-DA/TDANN (Table 1),TDANN 87.90 / WGAN-DA 87.07 (SEED),yes,mean,UDA-transductive-LOSO,transductive/target-distribution (unlabeled target used by design),some-concerns,"transductive LOOCV; SEED 92.59/3.21 SEED-IV 80.74/4.14; Table 1 corroborates DGCNN 79.95/9.02, BiDANN-S 84.14/6.87, BiHDM 85.40/7.53, RGNN 85.30/6.72",no public code; authors/venue unverified; high-end transductive (2022),yes,yes,yes,verified-from-fulltext,2026-06-24 arXiv 2202.12948 full text Table 1 (PDF); published-version metadata updated 2026-06-28; source: Crossref DOI record
EEG-0022,Weiwei Wu; Yueyang Li; Yuhu Shi; Weiming Zeng; Lang Qin; Yang Yang; Ke Zhou; Zhiguo Zhang; Wai Ting Siok; Nizhuan Wang,2026,Region-aware Spatiotemporal Modeling with Collaborative Domain Generalization for Cross-Subject EEG Emotion Recognition (RSM-CoDG),arXiv preprint 2601.15615,preprint,10.48550/arxiv.2601.15615,https://arxiv.org/abs/2601.15615,https://github.com/RyanLi-X/RSM-CoDG,https://bcmi.sjtu.edu.cn/home/seed/seed.html,unclear,SEED,15,3,62,200,video-induced clips,discrete-3class,positive/neutral/negative,unclear,public,bandpass 0-75 Hz,not verified,not verified,not verified,not verified (sliding-window episodes),not verified,"differential entropy (DE, 5 bands; 310-d) + region-aware spatiotemporal modeling",min-max normalization,unclear,handcrafted-DE,deep-learning-domain-generalization,RSM-CoDG (region-aware spatiotemporal modeling + collaborative DG: MMD + contrastive-attention + orthogonal constraint),all source subjects (NO target data used),no (domain generalization - no target data in training),no,Adam lr 1e-4; 120 epochs; seed 3,yes,LOSO,15,cross-subject,LOSO (test subject fully unseen; no target data),early stopping,accuracy,86.35,7.17,not reported,yes (per-subject Figs 5-7),not verified,SVM/KNN/RF/GFK/SA/TCA/CORAL/KPCA; DAN/DANN/BiDANN/MS-MDA/DMMR; DGCNN/RGNN/R2G-STNN/EmT/AMDET/MAS-DGAT (Tables 2-4),R2G-STNN 84.16 (SEED) / DMMR (no-target),yes,mean,DG-no-target-inductive,none-evident (domain generalization; explicitly NO target data used in training),low-some,INDUCTIVE DG (stratum K) - first in corpus; paper states 'does not utilize any target domain data during training'; SEED 86.35/7.17 matches transductive CLISA 86.4/RGNN 85.3 (key thesis point),its Tables 2-4 reproduce MS-MDA SEED at 81.43/10.17 (no-target setting) vs MS-MDA primary 89.63 (transductive) = ~8pt PROTOCOL effect on same method; RGNN reproduced at 79.00/14.80 here (divergence); SEED-V is 5-class 16-subj (new dataset),yes,yes,yes,verified-from-fulltext,2026-06-24 arXiv 2601.15615 full text Tables 2-4 (PDF)
EEG-0022,Weiwei Wu; Yueyang Li; Yuhu Shi; Weiming Zeng; Lang Qin; Yang Yang; Ke Zhou; Zhiguo Zhang; Wai Ting Siok; Nizhuan Wang,2026,Region-aware Spatiotemporal Modeling with Collaborative Domain Generalization for Cross-Subject EEG Emotion Recognition (RSM-CoDG),arXiv preprint 2601.15615,preprint,10.48550/arxiv.2601.15615,https://arxiv.org/abs/2601.15615,https://github.com/RyanLi-X/RSM-CoDG,https://weilongzheng.github.io/datasets/seed-iv/,unclear,SEED-IV,15,3,62,200,video-induced clips,discrete-4class,happy/sad/fear/neutral,unclear,public,bandpass 0-75 Hz,not verified,not verified,not verified,not verified (sliding-window episodes),not verified,"differential entropy (DE, 5 bands; 310-d) + region-aware spatiotemporal modeling",min-max normalization,unclear,handcrafted-DE,deep-learning-domain-generalization,RSM-CoDG (region-aware spatiotemporal modeling + collaborative DG: MMD + contrastive-attention + orthogonal constraint),all source subjects (NO target data used),no (domain generalization - no target data in training),no,Adam lr 1e-4; 120 epochs; seed 3,yes,LOSO,15,cross-subject,LOSO (test subject fully unseen; no target data),early stopping,accuracy,71.59,9.78,not reported,yes (per-subject Figs 5-7),not verified,SVM/KNN/RF/GFK/SA/TCA/CORAL/KPCA; DAN/DANN/BiDANN/MS-MDA/DMMR; DGCNN/RGNN/R2G-STNN/EmT/AMDET/MAS-DGAT (Tables 2-4),R2G-STNN 84.16 (SEED) / DMMR (no-target),yes,mean,DG-no-target-inductive,none-evident (domain generalization; explicitly NO target data used in training),low-some,INDUCTIVE DG (stratum K) - first in corpus; paper states 'does not utilize any target domain data during training'; SEED 86.35/7.17 matches transductive CLISA 86.4/RGNN 85.3 (key thesis point),its Tables 2-4 reproduce MS-MDA SEED at 81.43/10.17 (no-target setting) vs MS-MDA primary 89.63 (transductive) = ~8pt PROTOCOL effect on same method; RGNN reproduced at 79.00/14.80 here (divergence); SEED-V is 5-class 16-subj (new dataset),yes,yes,yes,verified-from-fulltext,2026-06-24 arXiv 2601.15615 full text Tables 2-4 (PDF)
EEG-0022,Weiwei Wu; Yueyang Li; Yuhu Shi; Weiming Zeng; Lang Qin; Yang Yang; Ke Zhou; Zhiguo Zhang; Wai Ting Siok; Nizhuan Wang,2026,Region-aware Spatiotemporal Modeling with Collaborative Domain Generalization for Cross-Subject EEG Emotion Recognition (RSM-CoDG),arXiv preprint 2601.15615,preprint,10.48550/arxiv.2601.15615,https://arxiv.org/abs/2601.15615,https://github.com/RyanLi-X/RSM-CoDG,https://bcmi.sjtu.edu.cn/home/seed/seed-v.html,unclear,SEED-V,16,3,62,200,video-induced clips,discrete-5class,discrete-5class,unclear,public,bandpass 0-75 Hz,not verified,not verified,not verified,not verified (sliding-window episodes),not verified,"differential entropy (DE, 5 bands; 310-d) + region-aware spatiotemporal modeling",min-max normalization,unclear,handcrafted-DE,deep-learning-domain-generalization,RSM-CoDG (region-aware spatiotemporal modeling + collaborative DG: MMD + contrastive-attention + orthogonal constraint),all source subjects (NO target data used),no (domain generalization - no target data in training),no,Adam lr 1e-4; 120 epochs; seed 3,yes,LOSO,16,cross-subject,LOSO (test subject fully unseen; no target data),early stopping,accuracy,62.77,8.86,not reported,yes (per-subject Figs 5-7),not verified,SVM/KNN/RF/GFK/SA/TCA/CORAL/KPCA; DAN/DANN/BiDANN/MS-MDA/DMMR; DGCNN/RGNN/R2G-STNN/EmT/AMDET/MAS-DGAT (Tables 2-4),R2G-STNN 84.16 (SEED) / DMMR (no-target),yes,mean,DG-no-target-inductive,none-evident (domain generalization; explicitly NO target data used in training),low-some,INDUCTIVE DG (stratum K) - first in corpus; paper states 'does not utilize any target domain data during training'; SEED 86.35/7.17 matches transductive CLISA 86.4/RGNN 85.3 (key thesis point),its Tables 2-4 reproduce MS-MDA SEED at 81.43/10.17 (no-target setting) vs MS-MDA primary 89.63 (transductive) = ~8pt PROTOCOL effect on same method; RGNN reproduced at 79.00/14.80 here (divergence); SEED-V is 5-class 16-subj (new dataset),yes,yes,yes,verified-from-fulltext,2026-06-24 arXiv 2601.15615 full text Tables 2-4 (PDF)
EEG-0033,Zheng Zhou; Isabella McEvoy; Camilo E. Valderrama,2026,Local-Global Feature Fusion for Subject-Independent EEG Emotion Recognition (LGF/MAET),arXiv preprint 2601.08094,preprint,10.48550/arXiv.2601.08094,https://arxiv.org/abs/2601.08094,https://github.com/Danielz-z/LGF-EEG-Emotion,https://bcmi.sjtu.edu.cn/home/seed/,unclear,SEED-VII,not verified (SEED-VII),not verified,62,not verified,video clips,discrete-7class,disgust/fear/sad/neutral/happy/anger/surprise,unclear,public,not verified,not verified,not verified,not verified,not verified,not verified,channel-wise DE/spectral/time-domain/multifractal (local 558-d) + trial-level global (25-d),subject-wise z-score on TRAINING subjects only (fallback = mean of training stats),yes (normalization computed on training subjects only - inductive),handcrafted-multi,deep-learning-transformer-MAET,MAET dual-branch transformer (local+global fusion) + GRL domain-adversarial over SOURCE subjects (domain generalization),training subjects (no target data),no,no,not verified,yes,LOSO,not verified,cross-subject,LOSO (subject-wise norm on training only),R=3 seeds averaged,accuracy,40.1,not reported,not reported,yes (per-subject Fig 5; per-class Fig 4),not verified,MAET (EEG310 DE) baseline 36.4; classical SVM/LogReg/MLP/RF (Table III),MAET-DE 36.4 / MLP 25.7,yes,mean,DG-no-target-inductive,none-evident (inductive; subject-wise norm on training only; adversarial over source subjects),low-some,INDUCTIVE 7-class SEED-VII LOSO 40.1 Acc / 38.7 Macro-F1; NO SD reported -> include_meta=no (narrative); shows fine-grained inductive cross-subject is hard (40% on 7 classes); SEED-VII new dataset,Macro-F1 38.7; SEED-VII = 6 emotions + neutral (7-class); n_subjects not stated in paper excerpt,no,yes,yes,verified-from-fulltext,2026-06-24 arXiv 2601.08094 full text Table I (PDF)
EEG-0021,Haiqi Liu; C. L. Philip Chen; Tong Zhang,2025,FACE: Few-shot Adapter with Cross-view Fusion for Cross-subject EEG Emotion Recognition,arXiv preprint 2503.18998 (under review),preprint,10.48550/arXiv.2503.18998,https://arxiv.org/abs/2503.18998,not stated,https://bcmi.sjtu.edu.cn/home/seed/seed.html,unclear,SEED,15,3,62,200,film/video clips,discrete-3class,positive/neutral/negative,unclear,public,not verified,not verified,not verified,not verified,"1 (SEED) / 4 (SEED-IV,SEED-V) s",none (non-overlapping),"differential entropy (DE, 5 bands) + DGCN/Conv3 backbone",not verified,unclear,handcrafted-DE,deep-learning-fewshot-metalearning-MAML,FACE (few-shot adapter + cross-view fusion + MAML bi-level meta-learning),source subjects + K labeled target samples/class,labeled+unlabeled target (few-shot/target-label; adjudicated),yes (limited target labels; adjudicated),MAML inner lr 0.01 / outer 0.001; repeated 200x,yes,LOSO + few-shot,15,cross-subject,LOSO (target subject) + K-shot calibration,meta-train on source; 5-shot base,accuracy,96.72,1.81,not reported,yes (per-subject),paired t-test,IAG/GMSS/PGCN; SDDA/SSML/FSA-TSP; MS-MDA/UDDA/Grop; GMoE/MOGE/GDDN/Ugan; MetaBaseline/MMR/MAML-EEG/SIML,FSA-TSP 93.55 (SEED 5-shot region),yes,mean (5-shot primary),F (few-shot/target-label; adjudicated),none (target-label use disclosed),some-concerns,few-shot WITH target labels (disclosed); 5-shot primary; 10-shot reaches 96.72; uses target-subject labeled samples by design -> most permissive protocol; Adjudicator: Table I,"shot-dependent: 1/3/5/10-shot reported; 5-shot is the paper's base setting; protocol ladder exhibit (inductive~86 -> unsup-transductive~94 -> few-shot-labeled 93.96/10-shot 96.72); Adjudicator decision=reclassify; Uses labeled target samples; valid few-shot/target-label result, but not comparable with no-target LOSO or unlabeled UDA. reclassify to few-shot/target-label stratum",yes,yes,yes,verified-from-fulltext,2026-06-24 arXiv 2503.18998 full text Tables I-II (PDF); adjudicator decision applied 2026-07-04
EEG-0021,Haiqi Liu; C. L. Philip Chen; Tong Zhang,2025,FACE: Few-shot Adapter with Cross-view Fusion for Cross-subject EEG Emotion Recognition,arXiv preprint 2503.18998 (under review),preprint,10.48550/arXiv.2503.18998,https://arxiv.org/abs/2503.18998,not stated,https://weilongzheng.github.io/datasets/seed-iv/,unclear,SEED-IV,15,3,62,200,film/video clips,discrete-4class,happy/sad/fear/neutral,unclear,public,not verified,not verified,not verified,not verified,"1 (SEED) / 4 (SEED-IV,SEED-V) s",none (non-overlapping),"differential entropy (DE, 5 bands) + DGCN/Conv3 backbone",not verified,unclear,handcrafted-DE,deep-learning-fewshot-metalearning-MAML,FACE (few-shot adapter + cross-view fusion + MAML bi-level meta-learning),source subjects + K labeled target samples/class,labeled+unlabeled target (few-shot/target-label; adjudicated),yes (limited target labels; adjudicated),MAML inner lr 0.01 / outer 0.001; repeated 200x,yes,LOSO + few-shot,15,cross-subject,LOSO (target subject) + K-shot calibration,meta-train on source; 5-shot base,accuracy,95.95,1.47,not reported,yes (per-subject),paired t-test,IAG/GMSS/PGCN; SDDA/SSML/FSA-TSP; MS-MDA/UDDA/Grop; GMoE/MOGE/GDDN/Ugan; MetaBaseline/MMR/MAML-EEG/SIML,FSA-TSP 93.55 (SEED 5-shot region),yes,mean (5-shot primary),F (few-shot/target-label; adjudicated),none (target-label use disclosed),some-concerns,few-shot WITH target labels (disclosed); 5-shot primary; 10-shot reaches 95.95; uses target-subject labeled samples by design -> most permissive protocol; Adjudicator: Table I,"shot-dependent: 1/3/5/10-shot reported; 5-shot is the paper's base setting; protocol ladder exhibit (inductive~86 -> unsup-transductive~94 -> few-shot-labeled 89.51/10-shot 95.95); Adjudicator decision=reclassify; Uses labeled target samples; valid few-shot/target-label result, but not comparable with no-target LOSO or unlabeled UDA. reclassify to few-shot/target-label stratum",yes,yes,yes,verified-from-fulltext,2026-06-24 arXiv 2503.18998 full text Tables I-II (PDF); adjudicator decision applied 2026-07-04
EEG-0021,Haiqi Liu; C. L. Philip Chen; Tong Zhang,2025,FACE: Few-shot Adapter with Cross-view Fusion for Cross-subject EEG Emotion Recognition,arXiv preprint 2503.18998 (under review),preprint,10.48550/arXiv.2503.18998,https://arxiv.org/abs/2503.18998,not stated,https://bcmi.sjtu.edu.cn/home/seed/seed-v.html,unclear,SEED-V,16,3,62,not verified,film/video clips,discrete-5class,discrete-5class,unclear,public,not verified,not verified,not verified,not verified,"1 (SEED) / 4 (SEED-IV,SEED-V) s",none (non-overlapping),"differential entropy (DE, 5 bands) + DGCN/Conv3 backbone",not verified,unclear,handcrafted-DE,deep-learning-fewshot-metalearning-MAML,FACE (few-shot adapter + cross-view fusion + MAML bi-level meta-learning),source subjects + K labeled target samples/class,labeled+unlabeled target (few-shot/target-label; adjudicated),yes (limited target labels; adjudicated),MAML inner lr 0.01 / outer 0.001; repeated 200x,yes,LOSO + few-shot,16,cross-subject,LOSO (target subject) + K-shot calibration,meta-train on source; 5-shot base,accuracy,98.95,0.36,not reported,yes (per-subject),paired t-test,IAG/GMSS/PGCN; SDDA/SSML/FSA-TSP; MS-MDA/UDDA/Grop; GMoE/MOGE/GDDN/Ugan; MetaBaseline/MMR/MAML-EEG/SIML,FSA-TSP 93.55 (SEED 5-shot region),yes,mean (5-shot primary),F (few-shot/target-label; adjudicated),none (target-label use disclosed),some-concerns,few-shot WITH target labels (disclosed); 5-shot primary; 10-shot reaches 98.95; uses target-subject labeled samples by design -> most permissive protocol; Adjudicator: Table II,"shot-dependent: 1/3/5/10-shot reported; 5-shot is the paper's base setting; protocol ladder exhibit (inductive~86 -> unsup-transductive~94 -> few-shot-labeled 95.20/10-shot 98.95); Adjudicator decision=reclassify; Uses labeled target samples; valid few-shot/target-label result, but not comparable with no-target LOSO or unlabeled UDA. reclassify to few-shot/target-label stratum",yes,yes,yes,verified-from-fulltext,2026-06-24 arXiv 2503.18998 full text Tables I-II (PDF); adjudicator decision applied 2026-07-04
EEG-0030,Yijin Zhou; Fu Li; Yang Li; Youshuo Ji; Lijian Zhang; Yuanfang Chen; Wenming Zheng; Guangming Shi,2023,E2STN: EEG-based Emotion Style Transfer Network for Cross-dataset Emotion Recognition,arXiv preprint 2308.05767,preprint,10.48550/arxiv.2308.05767,https://arxiv.org/abs/2308.05767,not stated,https://bcmi.sjtu.edu.cn/home/seed/seed.html,unclear,SEED,15,3,62,200,film/video clips,discrete-3class,neutral/joy/sad,unclear,public,not verified,not verified,not verified,not verified,1 s,none (non-overlapping),"differential entropy (DE, 5 bands) / STFT (MPED)",not verified,unclear,handcrafted-DE,deep-learning-style-transfer-transformer,E2STN (emotional style transfer: Transformer decoder transfers target-domain style to source + dynamic GCN discriminative head),source dataset; target dataset style,yes (target-domain style/unlabeled test data used - transductive),no,not verified,yes,cross-dataset,n/a,MPED->SEED,cross-dataset (labeled source + unlabeled target),unclear,accuracy,73.51,7.23,not reported,no,S-W + paired t-test,SVM/A-LSTM/IAG/GECNN/BiDANN/TANN (Table 2),TANN (cross-dataset),yes,best,cross-dataset-transductive-style,"cross-dataset transductive style transfer (uses target style, NO target labels); each direction a singleton -> narrative",some-concerns,"cross-dataset MPED->SEED 3-class 73.51/7.23; uses target-domain style (unlabeled), not target labels; MPED is a new dataset (4-modal, EEG-only here)",8 cross-dataset directions across SEED/SEED-IV/MPED (3-cat) + 2 (4-cat); recording representative directions; include_meta=no (singletons),no,yes,yes,verified-from-fulltext,2026-06-24 arXiv 2308.05767 full text Table 2 (PDF)
EEG-0030,Yijin Zhou; Fu Li; Yang Li; Youshuo Ji; Lijian Zhang; Yuanfang Chen; Wenming Zheng; Guangming Shi,2023,E2STN: EEG-based Emotion Style Transfer Network for Cross-dataset Emotion Recognition,arXiv preprint 2308.05767,preprint,10.48550/arxiv.2308.05767,https://arxiv.org/abs/2308.05767,not stated,https://bcmi.sjtu.edu.cn/home/seed/seed.html,unclear,SEED,15,3,62,200,film/video clips,discrete-3class,neutral/happy/sad,unclear,public,not verified,not verified,not verified,not verified,1 s,none (non-overlapping),"differential entropy (DE, 5 bands) / STFT (MPED)",not verified,unclear,handcrafted-DE,deep-learning-style-transfer-transformer,E2STN (emotional style transfer: Transformer decoder transfers target-domain style to source + dynamic GCN discriminative head),source dataset; target dataset style,yes (target-domain style/unlabeled test data used - transductive),no,not verified,yes,cross-dataset,n/a,SEED-IV->SEED,cross-dataset (labeled source + unlabeled target),unclear,accuracy,60.51,5.41,not reported,no,S-W + paired t-test,SVM/A-LSTM/IAG/GECNN/BiDANN/TANN (Table 2),TANN (cross-dataset),yes,best,cross-dataset-transductive-style,"cross-dataset transductive style transfer (uses target style, NO target labels); each direction a singleton -> narrative",some-concerns,"cross-dataset SEED-IV->SEED 3-class 60.51/5.41; uses target-domain style (unlabeled), not target labels; MPED is a new dataset (4-modal, EEG-only here)",8 cross-dataset directions across SEED/SEED-IV/MPED (3-cat) + 2 (4-cat); recording representative directions; include_meta=no (singletons),no,yes,yes,verified-from-fulltext,2026-06-24 arXiv 2308.05767 full text Table 2 (PDF)
EEG-0030,Yijin Zhou; Fu Li; Yang Li; Youshuo Ji; Lijian Zhang; Yuanfang Chen; Wenming Zheng; Guangming Shi,2023,E2STN: EEG-based Emotion Style Transfer Network for Cross-dataset Emotion Recognition,arXiv preprint 2308.05767,preprint,10.48550/arxiv.2308.05767,https://arxiv.org/abs/2308.05767,not stated,https://ieeexplore.ieee.org/document/8758906,unclear,MPED,not verified,not verified,62,200,film/video clips,discrete-3class,neutral/joy/sad,unclear,public,not verified,not verified,not verified,not verified,1 s,none (non-overlapping),"differential entropy (DE, 5 bands) / STFT (MPED)",not verified,unclear,handcrafted-DE,deep-learning-style-transfer-transformer,E2STN (emotional style transfer: Transformer decoder transfers target-domain style to source + dynamic GCN discriminative head),source dataset; target dataset style,yes (target-domain style/unlabeled test data used - transductive),no,not verified,yes,cross-dataset,n/a,SEED->MPED,cross-dataset (labeled source + unlabeled target),unclear,accuracy,45.56,4.78,not reported,no,S-W + paired t-test,SVM/A-LSTM/IAG/GECNN/BiDANN/TANN (Table 2),TANN (cross-dataset),yes,best,cross-dataset-transductive-style,"cross-dataset transductive style transfer (uses target style, NO target labels); each direction a singleton -> narrative",some-concerns,"cross-dataset SEED->MPED 3-class 45.56/4.78; uses target-domain style (unlabeled), not target labels; MPED is a new dataset (4-modal, EEG-only here)",8 cross-dataset directions across SEED/SEED-IV/MPED (3-cat) + 2 (4-cat); recording representative directions; include_meta=no (singletons),no,yes,yes,verified-from-fulltext,2026-06-24 arXiv 2308.05767 full text Table 2 (PDF)
EEG-0047,Md Niaz Imtiaz; Naimul Khan,2024,Enhanced Cross-Dataset EEG Emotion Recognition using Unsupervised Domain Adaptation,Computers in Biology and Medicine,journal,10.1016/j.compbiomed.2024.109394,https://doi.org/10.1016/j.compbiomed.2024.109394,not stated,https://bcmi.sjtu.edu.cn/home/seed/seed.html,yes,SEED,15,3,62,200,music-video/film clips,binary (positive/negative),positive/negative,unclear,public,bandpass 4-45 Hz (DEAP) / 0-75 Hz (SEED),not verified,not verified,not verified,2 s (1 s step),1 s overlap,"power spectral density (PSD, 5 bands; 160-d on 32 common channels)","min-max [-1,1]",unclear,handcrafted-PSD,deep-learning-source-free-DA,GPTDS (gradual proximity-guided target data selection) + group-DRO pretrain + PC-TTA (prediction-confidence test-time augmentation),source dataset; unlabeled target,yes (unlabeled target selected + test-time augmentation - transductive),no,"Adam lr 1e-3; 34,288 params",yes (cross-dataset),cross-dataset,n/a,DEAP->SEED,cross-dataset (labeled source + unlabeled target),unclear,accuracy,67.44,not reported,not reported,no (boxplots only),paired t-test,Ni et al/Gu et al + 6 DA methods (Li/Chen/Sagawa/Huang/Jimenez/Zhi) (Table 2),Chen et al 64.72 (DEAP->SEED),yes,mean,cross-dataset-transductive-UDA,"cross-dataset transductive UDA (unlabeled target, no target labels); 2-class; no SD reported -> narrative",some-concerns,cross-dataset DEAP->SEED 2-class 67.44; CORROBORATES EEG-0011 source-free (DEAP->SEED 65.84/SEED->DEAP 58.99) - two independent unsupervised cross-dataset studies converge ~59-67% vs target-supervised PESD 93%,no SD (Table 2 point accuracy; boxplots only); 32 common channels DEAP/SEED; binary pos/neg,no,yes,yes,verified-from-fulltext,2026-06-24 arXiv 2411.12852 full text Table 2 (PDF); published-version metadata updated 2026-06-28; source: ACM/Elsevier DOI landing page and PubMed record
EEG-0047,Md Niaz Imtiaz; Naimul Khan,2024,Enhanced Cross-Dataset EEG Emotion Recognition using Unsupervised Domain Adaptation,Computers in Biology and Medicine,journal,10.1016/j.compbiomed.2024.109394,https://doi.org/10.1016/j.compbiomed.2024.109394,not stated,http://eecs.qmul.ac.uk/mmv/datasets/deap/,yes,DEAP,32,1,32,128,music-video/film clips,binary (positive/negative),positive/negative,unclear,public,bandpass 4-45 Hz (DEAP) / 0-75 Hz (SEED),not verified,not verified,not verified,2 s (1 s step),1 s overlap,"power spectral density (PSD, 5 bands; 160-d on 32 common channels)","min-max [-1,1]",unclear,handcrafted-PSD,deep-learning-source-free-DA,GPTDS (gradual proximity-guided target data selection) + group-DRO pretrain + PC-TTA (prediction-confidence test-time augmentation),source dataset; unlabeled target,yes (unlabeled target selected + test-time augmentation - transductive),no,"Adam lr 1e-3; 34,288 params",yes (cross-dataset),cross-dataset,n/a,SEED->DEAP,cross-dataset (labeled source + unlabeled target),unclear,accuracy,59.68,not reported,not reported,no (boxplots only),paired t-test,Ni et al/Gu et al + 6 DA methods (Li/Chen/Sagawa/Huang/Jimenez/Zhi) (Table 2),Chen et al 64.72 (DEAP->SEED),yes,mean,cross-dataset-transductive-UDA,"cross-dataset transductive UDA (unlabeled target, no target labels); 2-class; no SD reported -> narrative",some-concerns,cross-dataset SEED->DEAP 2-class 59.68; CORROBORATES EEG-0011 source-free (DEAP->SEED 65.84/SEED->DEAP 58.99) - two independent unsupervised cross-dataset studies converge ~59-67% vs target-supervised PESD 93%,no SD (Table 2 point accuracy; boxplots only); 32 common channels DEAP/SEED; binary pos/neg,no,yes,yes,verified-from-fulltext,2026-06-24 arXiv 2411.12852 full text Table 2 (PDF); published-version metadata updated 2026-06-28; source: ACM/Elsevier DOI landing page and PubMed record
EEG-0058,An et al.,2024,Cross-Subject EEG Emotion Recognition Based on Interconnected Dynamic Domain Adaptation,ICASSP 2024,conference,10.1109/ICASSP48485.2024.10446957,https://doi.org/10.1109/ICASSP48485.2024.10446957,none found,NA,yes,SEED,15,unclear,62,200,film clips,discrete-3class,positive/neutral/negative,not reported,public,not verified,not verified,not verified,not verified,not verified,not verified,differential entropy (DE) or entropy EEG features (band/window details not captured),not verified,unclear,DE,domain-adversarial,dynamic DA (Emo-DD) + multi-source selection,distribution-distance source-subject selection,yes,no,not verified,yes,LOSO,15,none,not verified,unclear,accuracy,85.75,8.11,not reported,unclear,not verified,"DGCNN/DAN/BiDANN-S (reproduced 79.95/9.02, 84.14/6.87)",not verified,yes,mean,B (unsupervised-transductive),none (transductive disclosed),some-concerns,"LOSO; uses unlabeled target + pseudo-labels (transductive, disclosed); mean+SD reported (Table 1)","proposed-row SD now transcribed from Table 1 (IDDA 85.75/8.11, 72.36/9.43); upgraded to meta",yes,yes,yes,verified-from-fulltext,2026-06-24 root-folder PDF (sweep 11)
EEG-0058,An et al.,2024,Cross-Subject EEG Emotion Recognition Based on Interconnected Dynamic Domain Adaptation,ICASSP 2024,conference,10.1109/ICASSP48485.2024.10446957,https://doi.org/10.1109/ICASSP48485.2024.10446957,none found,NA,yes,SEED-IV,15,unclear,62,200,movie clips,discrete-4class,happy/sad/fear/neutral,not reported,public,not verified,not verified,not verified,not verified,not verified,not verified,differential entropy (DE) or entropy EEG features (band/window details not captured),not verified,unclear,DE,domain-adversarial,dynamic DA (Emo-DD) + multi-source selection,distribution-distance source-subject selection,yes,no,not verified,yes,LOSO,15,none,not verified,unclear,accuracy,72.36,9.43,not reported,unclear,not verified,"DGCNN/DAN/BiDANN-S (reproduced 79.95/9.02, 84.14/6.87)",not verified,yes,mean,B (unsupervised-transductive),none (transductive disclosed),some-concerns,"LOSO; uses unlabeled target + pseudo-labels (transductive, disclosed); mean+SD reported (Table 1)","proposed-row SD now transcribed from Table 1 (IDDA 85.75/8.11, 72.36/9.43); upgraded to meta",yes,yes,no,verified-from-fulltext,2026-06-24 root-folder PDF (sweep 11)
EEG-0059,"He, Zhong, et al.",2022,An Adversarial Discriminative Temporal Convolutional Network for EEG-Based Cross-Domain Emotion Recognition,Computers in Biology and Medicine 141:105048,journal,10.1016/j.compbiomed.2021.105048,https://doi.org/10.1016/j.compbiomed.2021.105048,none found,NA,yes,DEAP,32,unclear,32,128,music-video clips,dimensional,binary valence,not reported,public,not verified,not verified,not verified,not verified,not verified,not verified,learned EEG representation from domain-adversarial (exact input features not captured),not verified,unclear,learned deep EEG features,domain-adversarial,AD-TCN adversarial discriminative UDA,none,yes,no,not verified,yes,LOSO,32,none,not verified,unclear,accuracy,64.33,7.06,not reported,yes,paired t-test p<0.05,SVM/RF/XGBoost/HMM/TSVM/TCA/KPCA/TPT,not verified,yes,mean,B (unsupervised-transductive),none (transductive disclosed),low,"LOSO, unlabeled target only; realistic numbers; per-subject + t-test reported","Scopus row 85131251175 = ICASSP precursor (DOI 10.1109/ICASSP43922.2022.9746600), not double-counted; self-recorded 13-subj set omitted (non-public)",yes,yes,yes,verified-from-fulltext,2026-06-24 root-folder PDF (sweep 11)
EEG-0059,"He, Zhong, et al.",2022,An Adversarial Discriminative Temporal Convolutional Network for EEG-Based Cross-Domain Emotion Recognition,Computers in Biology and Medicine 141:105048,journal,10.1016/j.compbiomed.2021.105048,https://doi.org/10.1016/j.compbiomed.2021.105048,none found,NA,yes,DEAP,32,unclear,32,128,music-video clips,dimensional,binary arousal,not reported,public,not verified,not verified,not verified,not verified,not verified,not verified,learned EEG representation from domain-adversarial (exact input features not captured),not verified,unclear,learned deep EEG features,domain-adversarial,AD-TCN adversarial discriminative UDA,none,yes,no,not verified,yes,LOSO,32,none,not verified,unclear,accuracy,63.25,4.62,not reported,yes,paired t-test p<0.05,SVM/RF/XGBoost/HMM/TSVM/TCA/KPCA/TPT,not verified,yes,mean,B (unsupervised-transductive),none (transductive disclosed),low,"LOSO, unlabeled target only; realistic numbers; per-subject + t-test reported","Scopus row 85131251175 = ICASSP precursor (DOI 10.1109/ICASSP43922.2022.9746600), not double-counted; self-recorded 13-subj set omitted (non-public)",yes,yes,no,verified-from-fulltext,2026-06-24 root-folder PDF (sweep 11)
EEG-0059,"He, Zhong, et al.",2022,An Adversarial Discriminative Temporal Convolutional Network for EEG-Based Cross-Domain Emotion Recognition,Computers in Biology and Medicine 141:105048,journal,10.1016/j.compbiomed.2021.105048,https://doi.org/10.1016/j.compbiomed.2021.105048,none found,NA,yes,DREAMER,23,unclear,14,128,film clips,dimensional,binary valence,not reported,public,not verified,not verified,not verified,not verified,not verified,not verified,learned EEG representation from domain-adversarial (exact input features not captured),not verified,unclear,learned deep EEG features,domain-adversarial,AD-TCN adversarial discriminative UDA,none,yes,no,not verified,yes,LOSO,23,none,not verified,unclear,accuracy,66.56,not reported,not reported,yes,paired t-test p<0.05,SVM/RF/XGBoost/HMM/TSVM/TCA/KPCA/TPT,not verified,yes,mean,B (unsupervised-transductive),none (transductive disclosed),low,"LOSO, unlabeled target only; realistic numbers; per-subject + t-test reported","Scopus row 85131251175 = ICASSP precursor (DOI 10.1109/ICASSP43922.2022.9746600), not double-counted; self-recorded 13-subj set omitted (non-public)",no,yes,no,verified-from-fulltext,2026-06-24 root-folder PDF (sweep 11)
EEG-0059,"He, Zhong, et al.",2022,An Adversarial Discriminative Temporal Convolutional Network for EEG-Based Cross-Domain Emotion Recognition,Computers in Biology and Medicine 141:105048,journal,10.1016/j.compbiomed.2021.105048,https://doi.org/10.1016/j.compbiomed.2021.105048,none found,NA,yes,DREAMER,23,unclear,14,128,film clips,dimensional,binary arousal,not reported,public,not verified,not verified,not verified,not verified,not verified,not verified,learned EEG representation from domain-adversarial (exact input features not captured),not verified,unclear,learned deep EEG features,domain-adversarial,AD-TCN adversarial discriminative UDA,none,yes,no,not verified,yes,LOSO,23,none,not verified,unclear,accuracy,63.69,not reported,not reported,yes,paired t-test p<0.05,SVM/RF/XGBoost/HMM/TSVM/TCA/KPCA/TPT,not verified,yes,mean,B (unsupervised-transductive),none (transductive disclosed),low,"LOSO, unlabeled target only; realistic numbers; per-subject + t-test reported","Scopus row 85131251175 = ICASSP precursor (DOI 10.1109/ICASSP43922.2022.9746600), not double-counted; self-recorded 13-subj set omitted (non-public)",no,yes,no,verified-from-fulltext,2026-06-24 root-folder PDF (sweep 11)
EEG-0060,"Liu, Luo, Zhu, Yu, Yu, Xiao, Wu",2025,Enhancing EEG-Based Cross-Subject Emotion Recognition via Adaptive Source Joint Domain Adaptation,IEEE Transactions on Affective Computing 16(3):1419-1430,journal,10.1109/TAFFC.2024.3514635,https://doi.org/10.1109/TAFFC.2024.3514635,https://github.com/Pam098/ASJDA,NA,yes,SEED,15,unclear,62,200,film clips,discrete-3class,positive/neutral/negative,not reported,public,not verified,not verified,not verified,not verified,not verified,not verified,differential entropy (DE) or entropy EEG features (band/window details not captured),not verified,unclear,DE,domain-adversarial,ASJDA joint MMD + local-subdomain + category-level DA,JSD adaptive source selection (unsupervised),yes,no,not verified,yes,LOSO,15,none,not verified,unclear,accuracy,93.75,11.39,not reported,unclear,not verified,DAN/UDDA/MS-MDA/PR-PL (reproduced MS-MDA SEED 79.65),PR-PL SEED 89.95 / DEAP-A 71.95,yes,mean,B (unsupervised-transductive),none (transductive disclosed),low,LOSO; unsupervised source selection (no target labels); SD reported; code public,headline abstract uses session2 best (96.81/89.69); meta uses 3-session mean,yes,yes,yes,verified-from-fulltext,2026-06-24 root-folder PDF (sweep 11)
EEG-0060,"Liu, Luo, Zhu, Yu, Yu, Xiao, Wu",2025,Enhancing EEG-Based Cross-Subject Emotion Recognition via Adaptive Source Joint Domain Adaptation,IEEE Transactions on Affective Computing 16(3):1419-1430,journal,10.1109/TAFFC.2024.3514635,https://doi.org/10.1109/TAFFC.2024.3514635,https://github.com/Pam098/ASJDA,NA,yes,SEED-IV,15,unclear,62,200,movie clips,discrete-4class,happy/sad/fear/neutral,not reported,public,not verified,not verified,not verified,not verified,not verified,not verified,differential entropy (DE) or entropy EEG features (band/window details not captured),not verified,unclear,DE,domain-adversarial,ASJDA joint MMD + local-subdomain + category-level DA,JSD adaptive source selection (unsupervised),yes,no,not verified,yes,LOSO,15,none,not verified,unclear,accuracy,80.29,19.44,not reported,unclear,not verified,DAN/UDDA/MS-MDA/PR-PL (reproduced MS-MDA SEED 79.65),PR-PL SEED 89.95 / DEAP-A 71.95,yes,mean,B (unsupervised-transductive),none (transductive disclosed),low,LOSO; unsupervised source selection (no target labels); SD reported; code public,headline abstract uses session2 best (96.81/89.69); meta uses 3-session mean,yes,yes,no,verified-from-fulltext,2026-06-24 root-folder PDF (sweep 11)
EEG-0060,"Liu, Luo, Zhu, Yu, Yu, Xiao, Wu",2025,Enhancing EEG-Based Cross-Subject Emotion Recognition via Adaptive Source Joint Domain Adaptation,IEEE Transactions on Affective Computing 16(3):1419-1430,journal,10.1109/TAFFC.2024.3514635,https://doi.org/10.1109/TAFFC.2024.3514635,https://github.com/Pam098/ASJDA,NA,yes,DEAP,32,unclear,32,128,music-video clips,dimensional,binary valence,not reported,public,not verified,not verified,not verified,not verified,not verified,not verified,differential entropy (DE) or entropy EEG features (band/window details not captured),not verified,unclear,DE,domain-adversarial,ASJDA joint MMD + local-subdomain + category-level DA,JSD adaptive source selection (unsupervised),yes,no,not verified,yes,LOSO,32,none,not verified,unclear,accuracy,68.3,8.93,not reported,unclear,not verified,DAN/UDDA/MS-MDA/PR-PL (reproduced MS-MDA SEED 79.65),PR-PL SEED 89.95 / DEAP-A 71.95,yes,mean,B (unsupervised-transductive),none (transductive disclosed),low,LOSO; unsupervised source selection (no target labels); SD reported; code public,headline abstract uses session2 best (96.81/89.69); meta uses 3-session mean,yes,yes,no,verified-from-fulltext,2026-06-24 root-folder PDF (sweep 11)
EEG-0060,"Liu, Luo, Zhu, Yu, Yu, Xiao, Wu",2025,Enhancing EEG-Based Cross-Subject Emotion Recognition via Adaptive Source Joint Domain Adaptation,IEEE Transactions on Affective Computing 16(3):1419-1430,journal,10.1109/TAFFC.2024.3514635,https://doi.org/10.1109/TAFFC.2024.3514635,https://github.com/Pam098/ASJDA,NA,yes,DEAP,32,unclear,32,128,music-video clips,dimensional,binary arousal,not reported,public,not verified,not verified,not verified,not verified,not verified,not verified,differential entropy (DE) or entropy EEG features (band/window details not captured),not verified,unclear,DE,domain-adversarial,ASJDA joint MMD + local-subdomain + category-level DA,JSD adaptive source selection (unsupervised),yes,no,not verified,yes,LOSO,32,none,not verified,unclear,accuracy,69.31,11.26,not reported,unclear,not verified,DAN/UDDA/MS-MDA/PR-PL (reproduced MS-MDA SEED 79.65),PR-PL SEED 89.95 / DEAP-A 71.95,yes,mean,B (unsupervised-transductive),none (transductive disclosed),low,LOSO; unsupervised source selection (no target labels); SD reported; code public,headline abstract uses session2 best (96.81/89.69); meta uses 3-session mean,yes,yes,no,verified-from-fulltext,2026-06-24 root-folder PDF (sweep 11)
EEG-0060,"Liu, Luo, Zhu, Yu, Yu, Xiao, Wu",2025,Enhancing EEG-Based Cross-Subject Emotion Recognition via Adaptive Source Joint Domain Adaptation,IEEE Transactions on Affective Computing 16(3):1419-1430,journal,10.1109/TAFFC.2024.3514635,https://doi.org/10.1109/TAFFC.2024.3514635,https://github.com/Pam098/ASJDA,NA,yes,SEED,15,unclear,62,200,film clips,discrete-3class,positive/neutral/negative,not reported,public,not verified,not verified,not verified,not verified,not verified,not verified,differential entropy (DE) or entropy EEG features (band/window details not captured),not verified,unclear,DE,domain-adversarial,ASJDA joint MMD + local-subdomain + category-level DA,JSD adaptive source selection (unsupervised),yes,no,not verified,yes,LOSO,15,cross-session (all-session merged),not verified,unclear,accuracy,97.78,7.15,not reported,unclear,not verified,DAN/UDDA/MS-MDA/PR-PL (reproduced MS-MDA SEED 79.65),PR-PL SEED 89.95 / DEAP-A 71.95,yes,mean,B (unsupervised-transductive),none (transductive disclosed),low,LOSO; unsupervised source selection (no target labels); SD reported; code public,all-session protocol (merges 3 target sessions) - not pooled with single-session row,no,yes,no,verified-from-fulltext,2026-06-24 root-folder PDF (sweep 11)
EEG-0060,"Liu, Luo, Zhu, Yu, Yu, Xiao, Wu",2025,Enhancing EEG-Based Cross-Subject Emotion Recognition via Adaptive Source Joint Domain Adaptation,IEEE Transactions on Affective Computing 16(3):1419-1430,journal,10.1109/TAFFC.2024.3514635,https://doi.org/10.1109/TAFFC.2024.3514635,https://github.com/Pam098/ASJDA,NA,yes,SEED-IV,15,unclear,62,200,movie clips,discrete-4class,happy/sad/fear/neutral,not reported,public,not verified,not verified,not verified,not verified,not verified,not verified,differential entropy (DE) or entropy EEG features (band/window details not captured),not verified,unclear,DE,domain-adversarial,ASJDA joint MMD + local-subdomain + category-level DA,JSD adaptive source selection (unsupervised),yes,no,not verified,yes,LOSO,15,cross-session (all-session merged),not verified,unclear,accuracy,91.67,15.53,not reported,unclear,not verified,DAN/UDDA/MS-MDA/PR-PL (reproduced MS-MDA SEED 79.65),PR-PL SEED 89.95 / DEAP-A 71.95,yes,mean,B (unsupervised-transductive),none (transductive disclosed),low,LOSO; unsupervised source selection (no target labels); SD reported; code public,headline abstract uses session2 best (96.81/89.69); meta uses 3-session mean,no,yes,no,verified-from-fulltext,2026-06-24 root-folder PDF (sweep 11)
EEG-0063,Yang et al.,2026,FDDGNet: An Information Bottleneck-Inspired Feature Disentanglement Network for Cross-Subject EEG-Based Emotion Recognition,Neurocomputing 668:132368,journal,10.1016/j.neucom.2025.132368,https://doi.org/10.1016/j.neucom.2025.132368,https://github.com/yyk90/FDDGNet,NA,yes,AMIGOS,not verified,unclear,14,Emotiv,not verified,dimensional,binary valence,not reported,public,not verified,not verified,not verified,not verified,not verified,not verified,differential entropy (DE) or entropy EEG features (band/window details not captured),not verified,unclear,DE,domain-generalization,feature disentanglement (information bottleneck) DG,none,no,no,not verified,yes,LOSO,not verified,none,not verified,unclear,accuracy,74.66,5.3,not reported,unclear,not verified,IRM/ERM/BioDG/DResNet/IFNet/EEG-DG/GPRO/NSAL_DGAT,GPRO AMIGOS 0.6803 / DREAMER 0.6885,yes,mean,"K (domain-generalization, no target)","none (inductive, no target data)",low,DG explicitly uses no target data; LOSO; SD reported; code public,2nd independent AMIGOS cross-subject EEG-only source (corroborates EEG-0078),yes,yes,yes,verified-from-fulltext,2026-06-24 root-folder PDF (sweep 11)
EEG-0063,Yang et al.,2026,FDDGNet: An Information Bottleneck-Inspired Feature Disentanglement Network for Cross-Subject EEG-Based Emotion Recognition,Neurocomputing 668:132368,journal,10.1016/j.neucom.2025.132368,https://doi.org/10.1016/j.neucom.2025.132368,https://github.com/yyk90/FDDGNet,NA,yes,DREAMER,23,unclear,14,Emotiv,film clips,dimensional,binary valence,not reported,public,not verified,not verified,not verified,not verified,not verified,not verified,differential entropy (DE) or entropy EEG features (band/window details not captured),not verified,unclear,DE,domain-generalization,feature disentanglement (information bottleneck) DG,none,no,no,not verified,yes,LOSO,not verified,none,not verified,unclear,accuracy,75.07,4.09,not reported,unclear,not verified,IRM/ERM/BioDG/DResNet/IFNet/EEG-DG/GPRO/NSAL_DGAT,GPRO AMIGOS 0.6803 / DREAMER 0.6885,yes,mean,"K (domain-generalization, no target)","none (inductive, no target data)",low,DG explicitly uses no target data; LOSO; SD reported; code public,2nd independent AMIGOS cross-subject EEG-only source (corroborates EEG-0078),yes,yes,no,verified-from-fulltext,2026-06-24 root-folder PDF (sweep 11)
EEG-0064,Aadam et al.,2026,EEG-Based Emotion Classification Using Deep Capsule Networks for Subject-Independent and Dependent Scenarios,IEEE Transactions on Affective Computing 17(2):1907-1922,journal,10.1109/TAFFC.2026.3674037,https://doi.org/10.1109/TAFFC.2026.3674037,none found,NA,yes,DEAP,32,unclear,32,128,music-video clips,dimensional,binary valence,not reported,public,not verified,not verified,not verified,not verified,1,not verified,differential entropy (DE) or entropy EEG features (band/window details not captured),not verified,unclear,DE (theta/alpha/beta/gamma),capsule-network,none,none,no,no,not verified,yes,k-fold-subject,10,none,not verified,unclear,accuracy,91.8,not reported,not reported,unclear,not verified,DBN+SVM/H-ATT-BGRU/AI-VAE/HATCN/ScalingNet (subject-independent cluster),not verified,yes,mean,grouped-k-fold-by-subject (not LOSO),leakage-suspect (undisclosed normalization / 1s-segment fold),high,"stated 10-fold-by-subject split, but DEAP binary 91-93% is implausible vs LOSO ~57-65 (Li2018 59.06)","4-class VA 84.88, 8-class VAD 91.67 also reported; subject-dependent V98.74/A98.79/D98.78; numbers recorded but NOT meta-pooled (suspect)",no,yes,yes,verified-from-fulltext,2026-06-24 root-folder PDF (sweep 11)
EEG-0064,Aadam et al.,2026,EEG-Based Emotion Classification Using Deep Capsule Networks for Subject-Independent and Dependent Scenarios,IEEE Transactions on Affective Computing 17(2):1907-1922,journal,10.1109/TAFFC.2026.3674037,https://doi.org/10.1109/TAFFC.2026.3674037,none found,NA,yes,DEAP,32,unclear,32,128,music-video clips,dimensional,binary arousal,not reported,public,not verified,not verified,not verified,not verified,1,not verified,differential entropy (DE) or entropy EEG features (band/window details not captured),not verified,unclear,DE (theta/alpha/beta/gamma),capsule-network,none,none,no,no,not verified,yes,k-fold-subject,10,none,not verified,unclear,accuracy,93.43,not reported,not reported,unclear,not verified,DBN+SVM/H-ATT-BGRU/AI-VAE/HATCN/ScalingNet (subject-independent cluster),not verified,yes,mean,grouped-k-fold-by-subject (not LOSO),leakage-suspect (undisclosed normalization / 1s-segment fold),high,"stated 10-fold-by-subject split, but DEAP binary 91-93% is implausible vs LOSO ~57-65 (Li2018 59.06)","4-class VA 84.88, 8-class VAD 91.67 also reported; subject-dependent V98.74/A98.79/D98.78; numbers recorded but NOT meta-pooled (suspect)",no,yes,no,verified-from-fulltext,2026-06-24 root-folder PDF (sweep 11)
EEG-0064,Aadam et al.,2026,EEG-Based Emotion Classification Using Deep Capsule Networks for Subject-Independent and Dependent Scenarios,IEEE Transactions on Affective Computing 17(2):1907-1922,journal,10.1109/TAFFC.2026.3674037,https://doi.org/10.1109/TAFFC.2026.3674037,none found,NA,yes,DEAP,32,unclear,32,128,music-video clips,dimensional,binary dominance,not reported,public,not verified,not verified,not verified,not verified,1,not verified,differential entropy (DE) or entropy EEG features (band/window details not captured),not verified,unclear,DE (theta/alpha/beta/gamma),capsule-network,none,none,no,no,not verified,yes,k-fold-subject,10,none,not verified,unclear,accuracy,92.53,not reported,not reported,unclear,not verified,DBN+SVM/H-ATT-BGRU/AI-VAE/HATCN/ScalingNet (subject-independent cluster),not verified,yes,mean,grouped-k-fold-by-subject (not LOSO),leakage-suspect (undisclosed normalization / 1s-segment fold),high,"stated 10-fold-by-subject split, but DEAP binary 91-93% is implausible vs LOSO ~57-65 (Li2018 59.06)","4-class VA 84.88, 8-class VAD 91.67 also reported; subject-dependent V98.74/A98.79/D98.78; numbers recorded but NOT meta-pooled (suspect)",no,yes,no,verified-from-fulltext,2026-06-24 root-folder PDF (sweep 11)
EEG-0065,"Li, Hu, et al.",2023,STSNet: A Novel Spatio-Temporal-Spectral Network for Subject-Independent EEG-Based Emotion Recognition,Health Information Science and Systems 11:25,journal,10.1007/s13755-023-00226-x,https://doi.org/10.1007/s13755-023-00226-x,none found,NA,yes,DEAP,32,unclear,32,128,music-video clips,dimensional,binary valence,not reported,public,not verified,not verified,not verified,not verified,not verified,not verified,temporal or spatiotemporal EEG representation learned by ManifoldNet+BiLSTM (exact input features not captured),not verified,unclear,ManifoldNet + BiLSTM deep features,ManifoldNet+BiLSTM,none,none,no,no,not verified,yes,LOSO,not verified,none,not verified,unclear,accuracy,69.38,not reported,not reported,unclear,not verified,not verified,not verified,yes,mean,A (inductive LOSO),none (inductive),some-concerns,LOSO inductive; no SD reported (Acc/F1/ROC-AUC); DREAMER recall ~0.92-1.0 -> class imbalance,DREAMER binary likely imbalance-aided (high recall); no SD -> narrative,no,yes,yes,verified-from-fulltext,2026-06-24 root-folder PDF (sweep 11)
EEG-0065,"Li, Hu, et al.",2023,STSNet: A Novel Spatio-Temporal-Spectral Network for Subject-Independent EEG-Based Emotion Recognition,Health Information Science and Systems 11:25,journal,10.1007/s13755-023-00226-x,https://doi.org/10.1007/s13755-023-00226-x,none found,NA,yes,DEAP,32,unclear,32,128,music-video clips,dimensional,binary arousal,not reported,public,not verified,not verified,not verified,not verified,not verified,not verified,temporal or spatiotemporal EEG representation learned by ManifoldNet+BiLSTM (exact input features not captured),not verified,unclear,ManifoldNet + BiLSTM deep features,ManifoldNet+BiLSTM,none,none,no,no,not verified,yes,LOSO,not verified,none,not verified,unclear,accuracy,71.88,not reported,not reported,unclear,not verified,not verified,not verified,yes,mean,A (inductive LOSO),none (inductive),some-concerns,LOSO inductive; no SD reported (Acc/F1/ROC-AUC); DREAMER recall ~0.92-1.0 -> class imbalance,DREAMER binary likely imbalance-aided (high recall); no SD -> narrative,no,yes,no,verified-from-fulltext,2026-06-24 root-folder PDF (sweep 11)
EEG-0065,"Li, Hu, et al.",2023,STSNet: A Novel Spatio-Temporal-Spectral Network for Subject-Independent EEG-Based Emotion Recognition,Health Information Science and Systems 11:25,journal,10.1007/s13755-023-00226-x,https://doi.org/10.1007/s13755-023-00226-x,none found,NA,yes,DREAMER,23,unclear,14,128,film clips,dimensional,binary valence,not reported,public,not verified,not verified,not verified,not verified,not verified,not verified,temporal or spatiotemporal EEG representation learned by ManifoldNet+BiLSTM (exact input features not captured),not verified,unclear,ManifoldNet + BiLSTM deep features,ManifoldNet+BiLSTM,none,none,no,no,not verified,yes,LOSO,not verified,none,not verified,unclear,accuracy,78.26,not reported,not reported,unclear,not verified,not verified,not verified,yes,mean,A (inductive LOSO),none (inductive),some-concerns,LOSO inductive; no SD reported (Acc/F1/ROC-AUC); DREAMER recall ~0.92-1.0 -> class imbalance,DREAMER binary likely imbalance-aided (high recall); no SD -> narrative,no,yes,no,verified-from-fulltext,2026-06-24 root-folder PDF (sweep 11)
EEG-0065,"Li, Hu, et al.",2023,STSNet: A Novel Spatio-Temporal-Spectral Network for Subject-Independent EEG-Based Emotion Recognition,Health Information Science and Systems 11:25,journal,10.1007/s13755-023-00226-x,https://doi.org/10.1007/s13755-023-00226-x,none found,NA,yes,DREAMER,23,unclear,14,128,film clips,dimensional,binary arousal,not reported,public,not verified,not verified,not verified,not verified,not verified,not verified,temporal or spatiotemporal EEG representation learned by ManifoldNet+BiLSTM (exact input features not captured),not verified,unclear,ManifoldNet + BiLSTM deep features,ManifoldNet+BiLSTM,none,none,no,no,not verified,yes,LOSO,not verified,none,not verified,unclear,accuracy,82.37,not reported,not reported,unclear,not verified,not verified,not verified,yes,mean,A (inductive LOSO),none (inductive),some-concerns,LOSO inductive; no SD reported (Acc/F1/ROC-AUC); DREAMER recall ~0.92-1.0 -> class imbalance,DREAMER binary likely imbalance-aided (high recall); no SD -> narrative,no,yes,no,verified-from-fulltext,2026-06-24 root-folder PDF (sweep 11)
EEG-0066,Hua et al.,2021,Manifold Feature Fusion with Dynamical Feature Selection for Cross-Subject Emotion Recognition,Brain Sciences 11(11):1392,journal,10.3390/brainsci11111392,https://doi.org/10.3390/brainsci11111392,none found,NA,yes,DEAP,32,unclear,32,128,music-video clips,discrete-3class-per-dimension,3-class valence,not reported,public,not verified,not verified,not verified,not verified,not verified,not verified,differential entropy (DE) or entropy EEG features (band/window details not captured),not verified,unclear,handcrafted + DE,manifold-align + ensemble-ML,GFK manifold DA + dynamical feature selection (MF-DFS),none,yes,no,not verified,yes,LOSO,not verified,none,not verified,unclear,accuracy,49.84,10.4,not reported,unclear,not verified,not verified,not verified,yes,mean,B (unsupervised-transductive),"none (GFK unlabeled target, disclosed)",some-concerns,LOSO; GFK uses unlabeled target features (transductive); weak non-deep method; SDs in tables,3-class per affective dimension; values are best-classifier MF-DFS; SDs vary (not all transcribed),no,yes,yes,verified-from-fulltext,2026-06-24 Europe PMC PMC8615971 full-text XML (sweep 10)
EEG-0066,Hua et al.,2021,Manifold Feature Fusion with Dynamical Feature Selection for Cross-Subject Emotion Recognition,Brain Sciences 11(11):1392,journal,10.3390/brainsci11111392,https://doi.org/10.3390/brainsci11111392,none found,NA,yes,DEAP,32,unclear,32,128,music-video clips,discrete-3class-per-dimension,3-class arousal,not reported,public,not verified,not verified,not verified,not verified,not verified,not verified,differential entropy (DE) or entropy EEG features (band/window details not captured),not verified,unclear,handcrafted + DE,manifold-align + ensemble-ML,GFK manifold DA + dynamical feature selection (MF-DFS),none,yes,no,not verified,yes,LOSO,not verified,none,not verified,unclear,accuracy,51.66,1.3,not reported,unclear,not verified,not verified,not verified,yes,mean,B (unsupervised-transductive),"none (GFK unlabeled target, disclosed)",some-concerns,LOSO; GFK uses unlabeled target features (transductive); weak non-deep method; SDs in tables,3-class per affective dimension; values are best-classifier MF-DFS; SDs vary (not all transcribed),no,yes,no,verified-from-fulltext,2026-06-24 Europe PMC PMC8615971 full-text XML (sweep 10)
EEG-0066,Hua et al.,2021,Manifold Feature Fusion with Dynamical Feature Selection for Cross-Subject Emotion Recognition,Brain Sciences 11(11):1392,journal,10.3390/brainsci11111392,https://doi.org/10.3390/brainsci11111392,none found,NA,yes,MAHNOB-HCI,27,unclear,32,256,video clips,discrete-3class-per-dimension,3-class valence,not reported,public,not verified,not verified,not verified,not verified,not verified,not verified,differential entropy (DE) or entropy EEG features (band/window details not captured),not verified,unclear,handcrafted + DE,manifold-align + ensemble-ML,GFK manifold DA + dynamical feature selection (MF-DFS),none,yes,no,not verified,yes,LOSO,not verified,none,not verified,unclear,accuracy,53.8,9.07,not reported,unclear,not verified,not verified,not verified,yes,mean,B (unsupervised-transductive),"none (GFK unlabeled target, disclosed)",some-concerns,LOSO; GFK uses unlabeled target features (transductive); weak non-deep method; SDs in tables,3-class per affective dimension; values are best-classifier MF-DFS; SDs vary (not all transcribed),no,yes,no,verified-from-fulltext,2026-06-24 Europe PMC PMC8615971 full-text XML (sweep 10)
EEG-0066,Hua et al.,2021,Manifold Feature Fusion with Dynamical Feature Selection for Cross-Subject Emotion Recognition,Brain Sciences 11(11):1392,journal,10.3390/brainsci11111392,https://doi.org/10.3390/brainsci11111392,none found,NA,yes,MAHNOB-HCI,27,unclear,32,256,video clips,discrete-3class-per-dimension,3-class arousal,not reported,public,not verified,not verified,not verified,not verified,not verified,not verified,differential entropy (DE) or entropy EEG features (band/window details not captured),not verified,unclear,handcrafted + DE,manifold-align + ensemble-ML,GFK manifold DA + dynamical feature selection (MF-DFS),none,yes,no,not verified,yes,LOSO,not verified,none,not verified,unclear,accuracy,47.55,6.8,not reported,unclear,not verified,not verified,not verified,yes,mean,B (unsupervised-transductive),"none (GFK unlabeled target, disclosed)",some-concerns,LOSO; GFK uses unlabeled target features (transductive); weak non-deep method; SDs in tables,3-class per affective dimension; values are best-classifier MF-DFS; SDs vary (not all transcribed),no,yes,no,verified-from-fulltext,2026-06-24 Europe PMC PMC8615971 full-text XML (sweep 10)
EEG-0066,Hua et al.,2021,Manifold Feature Fusion with Dynamical Feature Selection for Cross-Subject Emotion Recognition,Brain Sciences 11(11):1392,journal,10.3390/brainsci11111392,https://doi.org/10.3390/brainsci11111392,none found,NA,yes,SEED,15,unclear,62,200,film clips,discrete-3class-per-dimension,3-class valence-dim,not reported,public,not verified,not verified,not verified,not verified,not verified,not verified,differential entropy (DE) or entropy EEG features (band/window details not captured),not verified,unclear,handcrafted + DE,manifold-align + ensemble-ML,GFK manifold DA + dynamical feature selection (MF-DFS),none,yes,no,not verified,yes,LOSO,not verified,none,not verified,unclear,accuracy,40.37,3.11,not reported,unclear,not verified,not verified,not verified,yes,mean,B (unsupervised-transductive),"none (GFK unlabeled target, disclosed)",some-concerns,LOSO; GFK uses unlabeled target features (transductive); weak non-deep method; SDs in tables,3-class per affective dimension; values are best-classifier MF-DFS; SDs vary (not all transcribed),no,yes,no,verified-from-fulltext,2026-06-24 Europe PMC PMC8615971 full-text XML (sweep 10)
EEG-0067,Bagherzadeh et al.,2024,A Subject-Independent Portable Emotion Recognition System Using Synchrosqueezing Wavelet Transform Maps of EEG Signals and ResNet-18,Biomedical Signal Processing and Control 90:105875,journal,10.1016/j.bspc.2023.105875,https://doi.org/10.1016/j.bspc.2023.105875,none found,NA,yes,SEED-IV,15,unclear,2 (best-channel),200,movie clips,discrete-4class,4-class,not reported,public,not verified,not verified,not verified,not verified,not verified,not verified,synchrosqueezing wavelet EEG maps/features (parameters not captured),not verified,unclear,synchrosqueezing wavelet maps,ResNet-18,none,none,no,no,not verified,yes,LOSO,not verified,none,not verified,unclear,accuracy,76.66,not reported,not reported,unclear,not verified,not verified,not verified,yes,mean,A (inductive LOSO),selection/window leakage suspected (unverified),high,SEED-V 5-class 78.12 implausible vs inductive norm (RSM-CoDG 62.77); 2-channel + cross-database channel selection,abstract-level extraction; full results table not read; SD not transcribed,no,yes,yes,verified-from-fulltext,2026-06-24 root-folder PDF (sweep 11)
EEG-0067,Bagherzadeh et al.,2024,A Subject-Independent Portable Emotion Recognition System Using Synchrosqueezing Wavelet Transform Maps of EEG Signals and ResNet-18,Biomedical Signal Processing and Control 90:105875,journal,10.1016/j.bspc.2023.105875,https://doi.org/10.1016/j.bspc.2023.105875,none found,NA,yes,SEED-V,16,unclear,2 (best-channel),not verified,not verified,not verified,5-class,not reported,public,not verified,not verified,not verified,not verified,not verified,not verified,synchrosqueezing wavelet EEG maps/features (parameters not captured),not verified,unclear,synchrosqueezing wavelet maps,ResNet-18,none,none,no,no,not verified,yes,LOSO,not verified,none,not verified,unclear,accuracy,78.12,not reported,not reported,unclear,not verified,not verified,not verified,yes,mean,A (inductive LOSO),selection/window leakage suspected (unverified),high,SEED-V 5-class 78.12 implausible vs inductive norm (RSM-CoDG 62.77); 2-channel + cross-database channel selection,FLAG: 5-class 78.12 implausibly high for inductive cross-subject (cf RSM-CoDG 62.77),no,yes,no,verified-from-fulltext,2026-06-24 root-folder PDF (sweep 11)
EEG-0068,"Hilali, Alla, et al.",2025,CMHFE-DAN: A Transformer-Based Feature Extractor with Domain Adaptation for EEG-Based Emotion Recognition,Information (Switzerland) 16(7):560,journal,10.3390/info16070560,https://doi.org/10.3390/info16070560,none found,NA,yes,DEAP,32,unclear,32,128,music-video clips,dimensional,binary valence,not reported,public,not verified,not verified,not verified,not verified,not verified,not verified,domain-aligned or transfer-learned EEG representation learned by transformer+DANN (exact signal features not captured),not verified,unclear,transformer deep features,transformer+DANN,DANN gradient reversal (domain-invariant),none,yes,no,not verified,yes,LOSO,not verified,none,not verified,unclear,accuracy,78.2,not reported,not reported,unclear,not verified,not verified,not verified,yes,mean,B (unsupervised-transductive),none (DANN unlabeled target),some-concerns,LOSO; DANN transductive; no SD on SI; DEAP SI recall ~92% -> imbalance-aided,DEAP/DREAMER-arousal SI numbers likely imbalance-aided; subject-dependent (Table4) not used,no,yes,yes,verified-from-fulltext,2026-06-24 root-folder PDF (sweep 11)
EEG-0068,"Hilali, Alla, et al.",2025,CMHFE-DAN: A Transformer-Based Feature Extractor with Domain Adaptation for EEG-Based Emotion Recognition,Information (Switzerland) 16(7):560,journal,10.3390/info16070560,https://doi.org/10.3390/info16070560,none found,NA,yes,DEAP,32,unclear,32,128,music-video clips,dimensional,binary arousal,not reported,public,not verified,not verified,not verified,not verified,not verified,not verified,domain-aligned or transfer-learned EEG representation learned by transformer+DANN (exact signal features not captured),not verified,unclear,transformer deep features,transformer+DANN,DANN gradient reversal (domain-invariant),none,yes,no,not verified,yes,LOSO,not verified,none,not verified,unclear,accuracy,79.91,not reported,not reported,unclear,not verified,not verified,not verified,yes,mean,B (unsupervised-transductive),none (DANN unlabeled target),some-concerns,LOSO; DANN transductive; no SD on SI; DEAP SI recall ~92% -> imbalance-aided,DEAP/DREAMER-arousal SI numbers likely imbalance-aided; subject-dependent (Table4) not used,no,yes,no,verified-from-fulltext,2026-06-24 root-folder PDF (sweep 11)
EEG-0068,"Hilali, Alla, et al.",2025,CMHFE-DAN: A Transformer-Based Feature Extractor with Domain Adaptation for EEG-Based Emotion Recognition,Information (Switzerland) 16(7):560,journal,10.3390/info16070560,https://doi.org/10.3390/info16070560,none found,NA,yes,DREAMER,23,unclear,14,128,film clips,dimensional,binary valence,not reported,public,not verified,not verified,not verified,not verified,not verified,not verified,domain-aligned or transfer-learned EEG representation learned by transformer+DANN (exact signal features not captured),not verified,unclear,transformer deep features,transformer+DANN,DANN gradient reversal (domain-invariant),none,yes,no,not verified,yes,LOSO,not verified,none,not verified,unclear,accuracy,64.73,not reported,not reported,unclear,not verified,not verified,not verified,yes,mean,B (unsupervised-transductive),none (DANN unlabeled target),some-concerns,LOSO; DANN transductive; no SD on SI; DEAP SI recall ~92% -> imbalance-aided,DEAP/DREAMER-arousal SI numbers likely imbalance-aided; subject-dependent (Table4) not used,no,yes,no,verified-from-fulltext,2026-06-24 root-folder PDF (sweep 11)
EEG-0068,"Hilali, Alla, et al.",2025,CMHFE-DAN: A Transformer-Based Feature Extractor with Domain Adaptation for EEG-Based Emotion Recognition,Information (Switzerland) 16(7):560,journal,10.3390/info16070560,https://doi.org/10.3390/info16070560,none found,NA,yes,DREAMER,23,unclear,14,128,film clips,dimensional,binary arousal,not reported,public,not verified,not verified,not verified,not verified,not verified,not verified,domain-aligned or transfer-learned EEG representation learned by transformer+DANN (exact signal features not captured),not verified,unclear,transformer deep features,transformer+DANN,DANN gradient reversal (domain-invariant),none,yes,no,not verified,yes,LOSO,not verified,none,not verified,unclear,accuracy,79.91,not reported,not reported,unclear,not verified,not verified,not verified,yes,mean,B (unsupervised-transductive),none (DANN unlabeled target),some-concerns,LOSO; DANN transductive; no SD on SI; DEAP SI recall ~92% -> imbalance-aided,DEAP/DREAMER-arousal SI numbers likely imbalance-aided; subject-dependent (Table4) not used,no,yes,no,verified-from-fulltext,2026-06-24 root-folder PDF (sweep 11)
EEG-0070,Cen et al.,2025,A Convolution and Attention-Based Conditional Adversarial Domain Adaptation Neural Network for Emotion Recognition Using EEG,Biomedical Signal Processing and Control 100:106957,journal,10.1016/j.bspc.2024.106957,https://doi.org/10.1016/j.bspc.2024.106957,none found,NA,yes,SEED,15,unclear,62,200,film clips,discrete-3class,positive/neutral/negative,not reported,public,not verified,not verified,not verified,not verified,not verified,not verified,graph/spatial EEG representation learned by conv+attention conditional-adversarial-DA (input feature details not captured),not verified,unclear,graph/deep spatial features,conv+attention conditional-adversarial-DA,conditional adversarial DA (CA2DANet),none,yes,no,not verified,yes,LOSO,not verified,none,not verified,unclear,accuracy,81.05,9.32,not reported,unclear,not verified,not verified,not verified,yes,mean,B (unsupervised-transductive),none (test=target unlabeled for DA),some-concerns,"SEED LOSO; transductive (test data used as target for DA); mean+SD reported (Table 6, across subjects)","across-subject SD 9.32 from Table 6 comparison (baselines DGCNN 79.95/9.02, RGNN 85.30/6.72 match corpus); Table 5 per-session 1.14 not used; upgraded to meta",yes,yes,yes,verified-from-fulltext,2026-06-24 root-folder PDF (sweep 11)
EEG-0071,"Li, Wang, et al.",2023,SSTD: A Novel Spatio-Temporal Demographic Network for EEG-Based Emotion Recognition,IEEE Transactions on Computational Social Systems 10(1):376-387,journal,10.1109/TCSS.2022.3188891,https://doi.org/10.1109/TCSS.2022.3188891,none found,NA,yes,DEAP,32,unclear,32,128,music-video clips,dimensional,binary valence,not reported,public,not verified,not verified,not verified,not verified,not verified,not verified,temporal or spatiotemporal EEG representation learned by cov-spatio-temporal + GRU (exact input features not captured),not verified,unclear,spatio-temporal + demographic fusion,cov-spatio-temporal + GRU,none (demographic metadata fusion),none,no,no,not verified,yes,LOSO,not verified,none,not verified,unclear,accuracy,68.28,not reported,not reported,unclear,not verified,not verified,not verified,yes,mean,A (inductive LOSO),none (inductive; demographic metadata only),some-concerns,authors explicitly adopt LOSOCV to avoid subject leakage; no clear SD -> narrative; DREAMER imbalance,uses age/gender demographic metadata (not target EEG); baseline cited by MTLFuseNet EEG-0017,no,yes,yes,verified-from-fulltext,2026-06-24 root-folder PDF (sweep 11)
EEG-0071,"Li, Wang, et al.",2023,SSTD: A Novel Spatio-Temporal Demographic Network for EEG-Based Emotion Recognition,IEEE Transactions on Computational Social Systems 10(1):376-387,journal,10.1109/TCSS.2022.3188891,https://doi.org/10.1109/TCSS.2022.3188891,none found,NA,yes,DEAP,32,unclear,32,128,music-video clips,dimensional,binary arousal,not reported,public,not verified,not verified,not verified,not verified,not verified,not verified,temporal or spatiotemporal EEG representation learned by cov-spatio-temporal + GRU (exact input features not captured),not verified,unclear,spatio-temporal + demographic fusion,cov-spatio-temporal + GRU,none (demographic metadata fusion),none,no,no,not verified,yes,LOSO,not verified,none,not verified,unclear,accuracy,71.48,not reported,not reported,unclear,not verified,not verified,not verified,yes,mean,A (inductive LOSO),none (inductive; demographic metadata only),some-concerns,authors explicitly adopt LOSOCV to avoid subject leakage; no clear SD -> narrative; DREAMER imbalance,uses age/gender demographic metadata (not target EEG); baseline cited by MTLFuseNet EEG-0017,no,yes,no,verified-from-fulltext,2026-06-24 root-folder PDF (sweep 11)
EEG-0071,"Li, Wang, et al.",2023,SSTD: A Novel Spatio-Temporal Demographic Network for EEG-Based Emotion Recognition,IEEE Transactions on Computational Social Systems 10(1):376-387,journal,10.1109/TCSS.2022.3188891,https://doi.org/10.1109/TCSS.2022.3188891,none found,NA,yes,DREAMER,23,unclear,14,128,film clips,dimensional,binary valence,not reported,public,not verified,not verified,not verified,not verified,not verified,not verified,temporal or spatiotemporal EEG representation learned by cov-spatio-temporal + GRU (exact input features not captured),not verified,unclear,spatio-temporal + demographic fusion,cov-spatio-temporal + GRU,none (demographic metadata fusion),none,no,no,not verified,yes,LOSO,not verified,none,not verified,unclear,accuracy,76.81,not reported,not reported,unclear,not verified,not verified,not verified,yes,mean,A (inductive LOSO),none (inductive; demographic metadata only),some-concerns,authors explicitly adopt LOSOCV to avoid subject leakage; no clear SD -> narrative; DREAMER imbalance,uses age/gender demographic metadata (not target EEG); baseline cited by MTLFuseNet EEG-0017,no,yes,no,verified-from-fulltext,2026-06-24 root-folder PDF (sweep 11)
EEG-0071,"Li, Wang, et al.",2023,SSTD: A Novel Spatio-Temporal Demographic Network for EEG-Based Emotion Recognition,IEEE Transactions on Computational Social Systems 10(1):376-387,journal,10.1109/TCSS.2022.3188891,https://doi.org/10.1109/TCSS.2022.3188891,none found,NA,yes,DREAMER,23,unclear,14,128,film clips,dimensional,binary arousal,not reported,public,not verified,not verified,not verified,not verified,not verified,not verified,temporal or spatiotemporal EEG representation learned by cov-spatio-temporal + GRU (exact input features not captured),not verified,unclear,spatio-temporal + demographic fusion,cov-spatio-temporal + GRU,none (demographic metadata fusion),none,no,no,not verified,yes,LOSO,not verified,none,not verified,unclear,accuracy,81.64,not reported,not reported,unclear,not verified,not verified,not verified,yes,mean,A (inductive LOSO),none (inductive; demographic metadata only),some-concerns,authors explicitly adopt LOSOCV to avoid subject leakage; no clear SD -> narrative; DREAMER imbalance,uses age/gender demographic metadata (not target EEG); baseline cited by MTLFuseNet EEG-0017,no,yes,no,verified-from-fulltext,2026-06-24 root-folder PDF (sweep 11)
EEG-0073,Yan et al.,2024,Bridge Graph Attention Based Graph Convolution Network with Multi-Scale Transformer for EEG Emotion Recognition,IEEE Transactions on Affective Computing 15(4):2042-2054,journal,10.1109/TAFFC.2024.3394873,https://doi.org/10.1109/TAFFC.2024.3394873,none found,NA,yes,SEED,15,unclear,62,200,film clips,discrete-3class,positive/neutral/negative,not reported,public,not verified,not verified,not verified,not verified,not verified,not verified,differential entropy (DE) or entropy EEG features (band/window details not captured),not verified,unclear,DE (PSD ablation),graph-attention + transformer,none (subject-invariant architecture),none,no,no,not verified,yes,LOSO,15,none,not verified,unclear,accuracy,89.66,4.72,not reported,unclear,not verified,DGCNN/RGNN/BiDANN/BiHDM/PR-PL/UDDA (beats transductive PR-PL/UDDA),not verified,yes,mean,A (inductive LOSO),"none (inductive, no target)",low,inductive LOSO; SEED SD reported; beats transductive baselines -> strong inductive result,DREAMER evaluated by leave-one-TRIAL-out (within-subject) -> not a cross-subject row,yes,yes,yes,verified-from-fulltext,2026-06-24 root-folder PDF (sweep 11)
EEG-0073,Yan et al.,2024,Bridge Graph Attention Based Graph Convolution Network with Multi-Scale Transformer for EEG Emotion Recognition,IEEE Transactions on Affective Computing 15(4):2042-2054,journal,10.1109/TAFFC.2024.3394873,https://doi.org/10.1109/TAFFC.2024.3394873,none found,NA,yes,SEED-IV,15,unclear,62,200,movie clips,discrete-4class,happy/sad/fear/neutral,not reported,public,not verified,not verified,not verified,not verified,not verified,not verified,differential entropy (DE) or entropy EEG features (band/window details not captured),not verified,unclear,DE (PSD ablation),graph-attention + transformer,none (subject-invariant architecture),none,no,no,not verified,yes,LOSO,15,none,not verified,unclear,accuracy,75.78,not reported,not reported,unclear,not verified,DGCNN/RGNN/BiDANN/BiHDM/PR-PL/UDDA (beats transductive PR-PL/UDDA),not verified,yes,mean,A (inductive LOSO),"none (inductive, no target)",low,inductive LOSO; SEED SD reported; beats transductive baselines -> strong inductive result,DREAMER evaluated by leave-one-TRIAL-out (within-subject) -> not a cross-subject row,no,yes,no,verified-from-fulltext,2026-06-24 root-folder PDF (sweep 11)
EEG-0074,Xu et al.,2026,EEG Emotion Recognition with Uncertainty-Aware Contrastive Learning and Frequency-Aware Self-Attention,IEEE Transactions on Cybernetics 56(4):1845-1858,journal,10.1109/TCYB.2026.3665442,https://doi.org/10.1109/TCYB.2026.3665442,none found,NA,yes,SEED,15,unclear,62,200,film clips,discrete-3class,positive/neutral/negative,not reported,public,not verified,not verified,not verified,not verified,not verified,not verified,contrastive EEG representation learned by the reported contrastive model (input details not captured),not verified,unclear,contrastive deep features,contrastive + transformer,uncertainty-aware contrastive learning,none,unclear,no,not verified,yes,LOSO (stated),not verified,none,not verified,unclear,accuracy,94.88,3.86,not reported,unclear,not verified,not verified,not verified,yes,mean,unclear (Table II labeled 'cross-validation'),protocol-ambiguous; possible subject-mixed CV mislabel,high,"DEAP~98/DREAMER~99/FACED~99 near-ceiling, not credible cross-subject LOSO; SEED 94.88 plausible",DEAP 98.10/DREAMER 99.11/FACED 99.28 reported but NOT asserted as cross-subject (implausible); only SEED 94.88 recorded (with caution),no,yes,yes,verified-from-fulltext,2026-06-24 root-folder PDF (sweep 11)
EEG-0077,"Li, Wang, et al.",2023,A Bi-Stream Hybrid Model with MLPBlocks and Self-Attention Mechanism for EEG-Based Emotion Recognition,Biomedical Signal Processing and Control 86:105223,journal,10.1016/j.bspc.2023.105223,https://doi.org/10.1016/j.bspc.2023.105223,none found,NA,yes,DEAP,32,unclear,32,128,music-video clips,dimensional,binary valence,not reported,public,not verified,not verified,not verified,not verified,not verified,not verified,attention/transformer EEG representation learned by MLPBlocks + self-attention (input feature details not captured),not verified,unclear,learned attention/transformer features,MLPBlocks + self-attention,none,none,no,no,not verified,yes,LOSO,not verified,none,not verified,unclear,accuracy,63.1,not reported,not reported,unclear,not verified,not verified,not verified,yes,mean,A (inductive LOSO),none (inductive),some-concerns,inductive LOSO; realistic numbers (61-64%); no clear SD -> narrative,credible inductive cross-subject (contrast EEG-0064/0074 inflation),no,yes,yes,verified-from-fulltext,2026-06-24 root-folder PDF (sweep 11)
EEG-0077,"Li, Wang, et al.",2023,A Bi-Stream Hybrid Model with MLPBlocks and Self-Attention Mechanism for EEG-Based Emotion Recognition,Biomedical Signal Processing and Control 86:105223,journal,10.1016/j.bspc.2023.105223,https://doi.org/10.1016/j.bspc.2023.105223,none found,NA,yes,DEAP,32,unclear,32,128,music-video clips,dimensional,binary arousal,not reported,public,not verified,not verified,not verified,not verified,not verified,not verified,attention/transformer EEG representation learned by MLPBlocks + self-attention (input feature details not captured),not verified,unclear,learned attention/transformer features,MLPBlocks + self-attention,none,none,no,no,not verified,yes,LOSO,not verified,none,not verified,unclear,accuracy,61.89,not reported,not reported,unclear,not verified,not verified,not verified,yes,mean,A (inductive LOSO),none (inductive),some-concerns,inductive LOSO; realistic numbers (61-64%); no clear SD -> narrative,credible inductive cross-subject (contrast EEG-0064/0074 inflation),no,yes,no,verified-from-fulltext,2026-06-24 root-folder PDF (sweep 11)
EEG-0077,"Li, Wang, et al.",2023,A Bi-Stream Hybrid Model with MLPBlocks and Self-Attention Mechanism for EEG-Based Emotion Recognition,Biomedical Signal Processing and Control 86:105223,journal,10.1016/j.bspc.2023.105223,https://doi.org/10.1016/j.bspc.2023.105223,none found,NA,yes,DREAMER,23,unclear,14,128,film clips,dimensional,binary valence,not reported,public,not verified,not verified,not verified,not verified,not verified,not verified,attention/transformer EEG representation learned by MLPBlocks + self-attention (input feature details not captured),not verified,unclear,learned attention/transformer features,MLPBlocks + self-attention,none,none,no,no,not verified,yes,LOSO,not verified,none,not verified,unclear,accuracy,61.88,not reported,not reported,unclear,not verified,not verified,not verified,yes,mean,A (inductive LOSO),none (inductive),some-concerns,inductive LOSO; realistic numbers (61-64%); no clear SD -> narrative,credible inductive cross-subject (contrast EEG-0064/0074 inflation),no,yes,no,verified-from-fulltext,2026-06-24 root-folder PDF (sweep 11)
EEG-0077,"Li, Wang, et al.",2023,A Bi-Stream Hybrid Model with MLPBlocks and Self-Attention Mechanism for EEG-Based Emotion Recognition,Biomedical Signal Processing and Control 86:105223,journal,10.1016/j.bspc.2023.105223,https://doi.org/10.1016/j.bspc.2023.105223,none found,NA,yes,DREAMER,23,unclear,14,128,film clips,dimensional,binary arousal,not reported,public,not verified,not verified,not verified,not verified,not verified,not verified,attention/transformer EEG representation learned by MLPBlocks + self-attention (input feature details not captured),not verified,unclear,learned attention/transformer features,MLPBlocks + self-attention,none,none,no,no,not verified,yes,LOSO,not verified,none,not verified,unclear,accuracy,64.25,not reported,not reported,unclear,not verified,not verified,not verified,yes,mean,A (inductive LOSO),none (inductive),some-concerns,inductive LOSO; realistic numbers (61-64%); no clear SD -> narrative,credible inductive cross-subject (contrast EEG-0064/0074 inflation),no,yes,no,verified-from-fulltext,2026-06-24 root-folder PDF (sweep 11)
EEG-0079,Priyasad et al.,2022,Affect Recognition from Scalp-EEG Using Channel-Wise Encoder Networks Coupled with Geometric Deep Learning and Multi-Channel Feature Fusion,Knowledge-Based Systems 250:109038,journal,10.1016/j.knosys.2022.109038,https://doi.org/10.1016/j.knosys.2022.109038,none found,NA,yes,DEAP,32,unclear,32,128,music-video clips,dimensional,binary valence,not reported,public,not verified,not verified,not verified,not verified,not verified,not verified,channel-wise encoder features coupled with geometric deep learning (exact input representation not captured),not verified,unclear,channel-wise encoder + geometric DL,CNN + geometric-DL,none,none,no,no,not verified,yes,LOSO,not verified,none,not verified,unclear,accuracy,69.43,not reported,not reported,unclear,not verified,not verified,not verified,yes,mean,A (inductive LOSO),none (inductive),some-concerns,"LOSO inductive; realistic 62-71%; 10-fold CV 88% (subject-mixed, disclosed, not cross-subject)",10CV-vs-LOSO gap (~88 vs ~64-70) is a disclosed within-vs-cross illustration,no,yes,yes,verified-from-fulltext,2026-06-24 root-folder PDF (sweep 11)
EEG-0079,Priyasad et al.,2022,Affect Recognition from Scalp-EEG Using Channel-Wise Encoder Networks Coupled with Geometric Deep Learning and Multi-Channel Feature Fusion,Knowledge-Based Systems 250:109038,journal,10.1016/j.knosys.2022.109038,https://doi.org/10.1016/j.knosys.2022.109038,none found,NA,yes,DEAP,32,unclear,32,128,music-video clips,dimensional,binary arousal,not reported,public,not verified,not verified,not verified,not verified,not verified,not verified,channel-wise encoder features coupled with geometric deep learning (exact input representation not captured),not verified,unclear,channel-wise encoder + geometric DL,CNN + geometric-DL,none,none,no,no,not verified,yes,LOSO,not verified,none,not verified,unclear,accuracy,69.72,not reported,not reported,unclear,not verified,not verified,not verified,yes,mean,A (inductive LOSO),none (inductive),some-concerns,"LOSO inductive; realistic 62-71%; 10-fold CV 88% (subject-mixed, disclosed, not cross-subject)",10CV-vs-LOSO gap (~88 vs ~64-70) is a disclosed within-vs-cross illustration,no,yes,no,verified-from-fulltext,2026-06-24 root-folder PDF (sweep 11)
EEG-0079,Priyasad et al.,2022,Affect Recognition from Scalp-EEG Using Channel-Wise Encoder Networks Coupled with Geometric Deep Learning and Multi-Channel Feature Fusion,Knowledge-Based Systems 250:109038,journal,10.1016/j.knosys.2022.109038,https://doi.org/10.1016/j.knosys.2022.109038,none found,NA,yes,DEAP,32,unclear,32,128,music-video clips,dimensional,binary dominance,not reported,public,not verified,not verified,not verified,not verified,not verified,not verified,channel-wise encoder features coupled with geometric deep learning (exact input representation not captured),not verified,unclear,channel-wise encoder + geometric DL,CNN + geometric-DL,none,none,no,no,not verified,yes,LOSO,not verified,none,not verified,unclear,accuracy,70.72,not reported,not reported,unclear,not verified,not verified,not verified,yes,mean,A (inductive LOSO),none (inductive),some-concerns,"LOSO inductive; realistic 62-71%; 10-fold CV 88% (subject-mixed, disclosed, not cross-subject)",10CV-vs-LOSO gap (~88 vs ~64-70) is a disclosed within-vs-cross illustration,no,yes,no,verified-from-fulltext,2026-06-24 root-folder PDF (sweep 11)
EEG-0079,Priyasad et al.,2022,Affect Recognition from Scalp-EEG Using Channel-Wise Encoder Networks Coupled with Geometric Deep Learning and Multi-Channel Feature Fusion,Knowledge-Based Systems 250:109038,journal,10.1016/j.knosys.2022.109038,https://doi.org/10.1016/j.knosys.2022.109038,none found,NA,yes,DREAMER,23,unclear,14,128,film clips,dimensional,binary valence,not reported,public,not verified,not verified,not verified,not verified,not verified,not verified,channel-wise encoder features coupled with geometric deep learning (exact input representation not captured),not verified,unclear,channel-wise encoder + geometric DL,CNN + geometric-DL,none,none,no,no,not verified,yes,LOSO,not verified,none,not verified,unclear,accuracy,64.98,not reported,not reported,unclear,not verified,not verified,not verified,yes,mean,A (inductive LOSO),none (inductive),some-concerns,"LOSO inductive; realistic 62-71%; 10-fold CV 88% (subject-mixed, disclosed, not cross-subject)",10CV-vs-LOSO gap (~88 vs ~64-70) is a disclosed within-vs-cross illustration,no,yes,no,verified-from-fulltext,2026-06-24 root-folder PDF (sweep 11)
EEG-0079,Priyasad et al.,2022,Affect Recognition from Scalp-EEG Using Channel-Wise Encoder Networks Coupled with Geometric Deep Learning and Multi-Channel Feature Fusion,Knowledge-Based Systems 250:109038,journal,10.1016/j.knosys.2022.109038,https://doi.org/10.1016/j.knosys.2022.109038,none found,NA,yes,DREAMER,23,unclear,14,128,film clips,dimensional,binary arousal,not reported,public,not verified,not verified,not verified,not verified,not verified,not verified,channel-wise encoder features coupled with geometric deep learning (exact input representation not captured),not verified,unclear,channel-wise encoder + geometric DL,CNN + geometric-DL,none,none,no,no,not verified,yes,LOSO,not verified,none,not verified,unclear,accuracy,63.71,not reported,not reported,unclear,not verified,not verified,not verified,yes,mean,A (inductive LOSO),none (inductive),some-concerns,"LOSO inductive; realistic 62-71%; 10-fold CV 88% (subject-mixed, disclosed, not cross-subject)",10CV-vs-LOSO gap (~88 vs ~64-70) is a disclosed within-vs-cross illustration,no,yes,no,verified-from-fulltext,2026-06-24 root-folder PDF (sweep 11)
EEG-0079,Priyasad et al.,2022,Affect Recognition from Scalp-EEG Using Channel-Wise Encoder Networks Coupled with Geometric Deep Learning and Multi-Channel Feature Fusion,Knowledge-Based Systems 250:109038,journal,10.1016/j.knosys.2022.109038,https://doi.org/10.1016/j.knosys.2022.109038,none found,NA,yes,DREAMER,23,unclear,14,128,film clips,dimensional,binary dominance,not reported,public,not verified,not verified,not verified,not verified,not verified,not verified,channel-wise encoder features coupled with geometric deep learning (exact input representation not captured),not verified,unclear,channel-wise encoder + geometric DL,CNN + geometric-DL,none,none,no,no,not verified,yes,LOSO,not verified,none,not verified,unclear,accuracy,61.81,not reported,not reported,unclear,not verified,not verified,not verified,yes,mean,A (inductive LOSO),none (inductive),some-concerns,"LOSO inductive; realistic 62-71%; 10-fold CV 88% (subject-mixed, disclosed, not cross-subject)",10CV-vs-LOSO gap (~88 vs ~64-70) is a disclosed within-vs-cross illustration,no,yes,no,verified-from-fulltext,2026-06-24 root-folder PDF (sweep 11)
EEG-0078,Bendrich et al.,2022,Feature Selection for Continuous Within- and Cross-User EEG-Based Emotion Recognition,Sensors 22(23):9282,journal,10.3390/s22239282,https://doi.org/10.3390/s22239282,none found,NA,yes,AMIGOS,not verified,unclear,14,not verified,not verified,dimensional,binary valence,not reported,public,not verified,not verified,not verified,not verified,not verified,not verified,handcrafted or selected EEG feature set (exact list not captured),not verified,unclear,handcrafted (SFS/SBS feature selection),LDA/SVM/CLSTM,none,none,no,no,not verified,yes,LOPO (leave-one-person-out),not verified,none,not verified,unclear,macro-F1,0.741,not reported,not reported,unclear,not verified,not verified,not verified,yes,mean,A (inductive LOSO/LOPO),none (inductive),some-concerns,AMIGOS EEG-only LOPO (subject-independent); F1 metric; no SD; long variable stimuli,closes AMIGOS gap (1st source); LOPMO (subject+stimulus-indep) valence F1 0.639/arousal 0.686,no,yes,yes,verified-from-fulltext,2026-06-24 Europe PMC PMC9737269 full-text XML (sweep 10)
EEG-0078,Bendrich et al.,2022,Feature Selection for Continuous Within- and Cross-User EEG-Based Emotion Recognition,Sensors 22(23):9282,journal,10.3390/s22239282,https://doi.org/10.3390/s22239282,none found,NA,yes,AMIGOS,not verified,unclear,14,not verified,not verified,dimensional,binary arousal,not reported,public,not verified,not verified,not verified,not verified,not verified,not verified,handcrafted or selected EEG feature set (exact list not captured),not verified,unclear,handcrafted (SFS/SBS feature selection),LDA/SVM/CLSTM,none,none,no,no,not verified,yes,LOPO (leave-one-person-out),not verified,none,not verified,unclear,macro-F1,0.699,not reported,not reported,unclear,not verified,not verified,not verified,yes,mean,A (inductive LOSO/LOPO),none (inductive),some-concerns,AMIGOS EEG-only LOPO (subject-independent); F1 metric; no SD; long variable stimuli,closes AMIGOS gap (1st source); LOPMO (subject+stimulus-indep) valence F1 0.639/arousal 0.686,no,yes,no,verified-from-fulltext,2026-06-24 Europe PMC PMC9737269 full-text XML (sweep 10)
EEG-0081,Paredes Ocaranza et al.,2025,Traditional Machine Learning Outperforms EEGNet for Consumer-Grade EEG Emotion Recognition: ... Cross-Dataset Validation,Sensors 25(23):7262,journal,10.3390/s25237262,https://doi.org/10.3390/s25237262,none found,NA,yes,DREAMER->SEED-VII,not verified,unclear,not verified,not verified,not verified,dimensional,binary valence,not reported,public,not verified,not verified,not verified,not verified,not verified,not verified,"handcrafted statistical, frequency, and connectivity EEG features (exact list not captured)",not verified,unclear,handcrafted (stat/freq/connectivity),random-forest + CORAL/TCA,progressive DA (channel-map + CORAL + TCA),none,yes,no,not verified,yes,cross-dataset,not verified,cross-dataset (DREAMER->SEED-VII),not verified,unclear,macro-F1,0.619,not reported,not reported,unclear,not verified,not verified,not verified,yes,mean,E (cross-dataset transductive),"none (cross-dataset, unlabeled target)",some-concerns,"cross-dataset transductive DA F1 0.619; within-dataset 5-fold (0.945) is subject-MIXED, not cross-subject",within-dataset DREAMER 5-fold F1 0.945 excluded (subject-mixed); new pair DREAMER->SEED-VII,no,yes,yes,verified-from-fulltext,2026-06-24 Europe PMC PMC12693886 full-text XML (sweep 10)
EEG-0084,Chen et al.,2026,A Multi-Task EEG Emotion Recognition Method Based on Emotion-Dimension Coupling Constraints (MLT-EDCC),Scientific Reports 16(1),journal,10.1038/s41598-025-34211-z,https://doi.org/10.1038/s41598-025-34211-z,none found,NA,yes,DEAP,32,unclear,32,128,music-video clips,dimensional,binary valence,not reported,public,not verified,not verified,not verified,not verified,not verified,not verified,learned EEG representation from multi-task CNN (coupling constraints) (exact input features not captured),not verified,unclear,learned deep EEG features,multi-task CNN (coupling constraints),none,none,no,no,not verified,yes,LOSO (LOSOCV),not verified,none,not verified,unclear,accuracy,69.18,not reported,not reported,unclear,not verified,not verified,not verified,yes,mean,A (inductive LOSO),none for LOSOCV row (10-fold row is subject-mixed eval-inflation),some-concerns,"LOSOCV cross-subject ~67-71%; abstract headline 96-98% is 10-fold subject-MIXED (eval inflation, disclosed in Table 9)","10-fold subject-mixed DEAP 97.68/97.74/97.41, DREAMER 96.16/95.78/95.96 = ~27pt inflation vs LOSOCV (leakage_inflation_cases Case 5); no SD on LOSOCV",no,yes,yes,verified-from-fulltext,2026-06-24 Europe PMC PMC12859010 full-text XML (sweep 10)
EEG-0084,Chen et al.,2026,A Multi-Task EEG Emotion Recognition Method Based on Emotion-Dimension Coupling Constraints (MLT-EDCC),Scientific Reports 16(1),journal,10.1038/s41598-025-34211-z,https://doi.org/10.1038/s41598-025-34211-z,none found,NA,yes,DEAP,32,unclear,32,128,music-video clips,dimensional,binary arousal,not reported,public,not verified,not verified,not verified,not verified,not verified,not verified,learned EEG representation from multi-task CNN (coupling constraints) (exact input features not captured),not verified,unclear,learned deep EEG features,multi-task CNN (coupling constraints),none,none,no,no,not verified,yes,LOSO (LOSOCV),not verified,none,not verified,unclear,accuracy,70.86,not reported,not reported,unclear,not verified,not verified,not verified,yes,mean,A (inductive LOSO),none for LOSOCV row (10-fold row is subject-mixed eval-inflation),some-concerns,"LOSOCV cross-subject ~67-71%; abstract headline 96-98% is 10-fold subject-MIXED (eval inflation, disclosed in Table 9)","10-fold subject-mixed DEAP 97.68/97.74/97.41, DREAMER 96.16/95.78/95.96 = ~27pt inflation vs LOSOCV (leakage_inflation_cases Case 5); no SD on LOSOCV",no,yes,no,verified-from-fulltext,2026-06-24 Europe PMC PMC12859010 full-text XML (sweep 10)
EEG-0084,Chen et al.,2026,A Multi-Task EEG Emotion Recognition Method Based on Emotion-Dimension Coupling Constraints (MLT-EDCC),Scientific Reports 16(1),journal,10.1038/s41598-025-34211-z,https://doi.org/10.1038/s41598-025-34211-z,none found,NA,yes,DEAP,32,unclear,32,128,music-video clips,dimensional,binary dominance,not reported,public,not verified,not verified,not verified,not verified,not verified,not verified,learned EEG representation from multi-task CNN (coupling constraints) (exact input features not captured),not verified,unclear,learned deep EEG features,multi-task CNN (coupling constraints),none,none,no,no,not verified,yes,LOSO (LOSOCV),not verified,none,not verified,unclear,accuracy,70.42,not reported,not reported,unclear,not verified,not verified,not verified,yes,mean,A (inductive LOSO),none for LOSOCV row (10-fold row is subject-mixed eval-inflation),some-concerns,"LOSOCV cross-subject ~67-71%; abstract headline 96-98% is 10-fold subject-MIXED (eval inflation, disclosed in Table 9)","10-fold subject-mixed DEAP 97.68/97.74/97.41, DREAMER 96.16/95.78/95.96 = ~27pt inflation vs LOSOCV (leakage_inflation_cases Case 5); no SD on LOSOCV",no,yes,no,verified-from-fulltext,2026-06-24 Europe PMC PMC12859010 full-text XML (sweep 10)
EEG-0084,Chen et al.,2026,A Multi-Task EEG Emotion Recognition Method Based on Emotion-Dimension Coupling Constraints (MLT-EDCC),Scientific Reports 16(1),journal,10.1038/s41598-025-34211-z,https://doi.org/10.1038/s41598-025-34211-z,none found,NA,yes,DREAMER,23,unclear,14,128,film clips,dimensional,binary valence,not reported,public,not verified,not verified,not verified,not verified,not verified,not verified,learned EEG representation from multi-task CNN (coupling constraints) (exact input features not captured),not verified,unclear,learned deep EEG features,multi-task CNN (coupling constraints),none,none,no,no,not verified,yes,LOSO (LOSOCV),not verified,none,not verified,unclear,accuracy,67.53,not reported,not reported,unclear,not verified,not verified,not verified,yes,mean,A (inductive LOSO),none for LOSOCV row (10-fold row is subject-mixed eval-inflation),some-concerns,"LOSOCV cross-subject ~67-71%; abstract headline 96-98% is 10-fold subject-MIXED (eval inflation, disclosed in Table 9)","10-fold subject-mixed DEAP 97.68/97.74/97.41, DREAMER 96.16/95.78/95.96 = ~27pt inflation vs LOSOCV (leakage_inflation_cases Case 5); no SD on LOSOCV",no,yes,no,verified-from-fulltext,2026-06-24 Europe PMC PMC12859010 full-text XML (sweep 10)
EEG-0084,Chen et al.,2026,A Multi-Task EEG Emotion Recognition Method Based on Emotion-Dimension Coupling Constraints (MLT-EDCC),Scientific Reports 16(1),journal,10.1038/s41598-025-34211-z,https://doi.org/10.1038/s41598-025-34211-z,none found,NA,yes,DREAMER,23,unclear,14,128,film clips,dimensional,binary arousal,not reported,public,not verified,not verified,not verified,not verified,not verified,not verified,learned EEG representation from multi-task CNN (coupling constraints) (exact input features not captured),not verified,unclear,learned deep EEG features,multi-task CNN (coupling constraints),none,none,no,no,not verified,yes,LOSO (LOSOCV),not verified,none,not verified,unclear,accuracy,67.24,not reported,not reported,unclear,not verified,not verified,not verified,yes,mean,A (inductive LOSO),none for LOSOCV row (10-fold row is subject-mixed eval-inflation),some-concerns,"LOSOCV cross-subject ~67-71%; abstract headline 96-98% is 10-fold subject-MIXED (eval inflation, disclosed in Table 9)","10-fold subject-mixed DEAP 97.68/97.74/97.41, DREAMER 96.16/95.78/95.96 = ~27pt inflation vs LOSOCV (leakage_inflation_cases Case 5); no SD on LOSOCV",no,yes,no,verified-from-fulltext,2026-06-24 Europe PMC PMC12859010 full-text XML (sweep 10)
EEG-0084,Chen et al.,2026,A Multi-Task EEG Emotion Recognition Method Based on Emotion-Dimension Coupling Constraints (MLT-EDCC),Scientific Reports 16(1),journal,10.1038/s41598-025-34211-z,https://doi.org/10.1038/s41598-025-34211-z,none found,NA,yes,DREAMER,23,unclear,14,128,film clips,dimensional,binary dominance,not reported,public,not verified,not verified,not verified,not verified,not verified,not verified,learned EEG representation from multi-task CNN (coupling constraints) (exact input features not captured),not verified,unclear,learned deep EEG features,multi-task CNN (coupling constraints),none,none,no,no,not verified,yes,LOSO (LOSOCV),not verified,none,not verified,unclear,accuracy,66.88,not reported,not reported,unclear,not verified,not verified,not verified,yes,mean,A (inductive LOSO),none for LOSOCV row (10-fold row is subject-mixed eval-inflation),some-concerns,"LOSOCV cross-subject ~67-71%; abstract headline 96-98% is 10-fold subject-MIXED (eval inflation, disclosed in Table 9)","10-fold subject-mixed DEAP 97.68/97.74/97.41, DREAMER 96.16/95.78/95.96 = ~27pt inflation vs LOSOCV (leakage_inflation_cases Case 5); no SD on LOSOCV",no,yes,no,verified-from-fulltext,2026-06-24 Europe PMC PMC12859010 full-text XML (sweep 10)
EEG-0086,Sha Zhao; Yitian Liu; Shijian Li; Gang Pan,2026,Cross-Subject EEG-Based Emotion Recognition Leveraging Multi-Source Domain Adaptation with Curriculum Learning Strategy,Neurocomputing (2026) 134158,journal,10.1016/j.neucom.2026.134158,https://doi.org/10.1016/j.neucom.2026.134158,none found,NA,yes,DEAP,32,unclear,32,128,music-video clips,dimensional,binary valence,not reported,public,not verified,not verified,not verified,not verified,not verified,not verified,domain-aligned or transfer-learned EEG representation learned by multi-source domain-adaptation (exact signal features not captured),not verified,unclear,domain-adaptation/transfer-learned features,multi-source domain-adaptation,multi-source DA + curriculum learning (multi-armed bandit target selection),curriculum progressive target-sample selection,yes,no,not verified,yes,LOSO,not verified,none,not verified,unclear,accuracy,62.99,5.72,not reported,unclear,not verified,EEGFuseNet (DEAP 56.50) + others,not verified,yes,mean,B (unsupervised-transductive),"none (transductive, unlabeled target)",low,"LOSO; SD reported; conservative numbers (harder/cleaner setup, baselines also low)",user-supplied bonus (not in Scopus sweep); SEED 64.16 low = harder eval setup,yes,yes,yes,verified-from-fulltext,"2026-06-24 root-folder PDF (sweep 11, bonus)"
EEG-0086,Sha Zhao; Yitian Liu; Shijian Li; Gang Pan,2026,Cross-Subject EEG-Based Emotion Recognition Leveraging Multi-Source Domain Adaptation with Curriculum Learning Strategy,Neurocomputing (2026) 134158,journal,10.1016/j.neucom.2026.134158,https://doi.org/10.1016/j.neucom.2026.134158,none found,NA,yes,SEED,15,unclear,62,200,film clips,discrete-3class,positive/neutral/negative,not reported,public,not verified,not verified,not verified,not verified,not verified,not verified,domain-aligned or transfer-learned EEG representation learned by multi-source domain-adaptation (exact signal features not captured),not verified,unclear,domain-adaptation/transfer-learned features,multi-source domain-adaptation,multi-source DA + curriculum learning (multi-armed bandit target selection),curriculum progressive target-sample selection,yes,no,not verified,yes,LOSO,not verified,none,not verified,unclear,accuracy,64.16,8.29,not reported,unclear,not verified,EEGFuseNet (DEAP 56.50) + others,not verified,yes,mean,B (unsupervised-transductive),"none (transductive, unlabeled target)",low,"LOSO; SD reported; conservative numbers (harder/cleaner setup, baselines also low)",user-supplied bonus (not in Scopus sweep); SEED 64.16 low = harder eval setup,yes,yes,no,verified-from-fulltext,"2026-06-24 root-folder PDF (sweep 11, bonus)"
EEG-0087,"Su, Zhu, Song, Chang",2023,Subject-Independent EEG Emotion Recognition Based on Genetically Optimized Projection Dictionary Pair Learning,Brain Sciences 13(7):977,journal,10.3390/brainsci13070977,https://doi.org/10.3390/brainsci13070977,none found,NA,yes,SEED,15,unclear,62,200,film clips,discrete-3class,positive/neutral/negative,not reported,public,not verified,not verified,not verified,not verified,not verified,not verified,differential entropy (DE) or entropy EEG features (band/window details not captured),not verified,unclear,DE,projection dictionary-pair learning (GA-PDPL),genetically-optimized dictionary pair,none,no,no,not verified,yes,LOSO,15,none,not verified,unclear,accuracy,69.89,14.39,"[59.52, 76.78]",yes,95% CI reported,KLIEP/ULSIF/STM/SVM/KPCA/TCA/SA/DANN/A-LSTM,not verified,yes,mean,A (inductive LOSO),none (inductive; verify dictionary-pair target usage),some-concerns,"LOSO subject-independent; mean+SD+95%CI+SEM reported; non-deep method, honest low numbers; target usage = no (dictionary learned on source)",GAMEEMO and MPED add dataset breadth; numbers are credibly low for hard multi-class cross-subject,yes,yes,no,verified-from-fulltext,2026-06-25 Europe PMC full-text XML (dataset-breadth pass)
EEG-0087,"Su, Zhu, Song, Chang",2023,Subject-Independent EEG Emotion Recognition Based on Genetically Optimized Projection Dictionary Pair Learning,Brain Sciences 13(7):977,journal,10.3390/brainsci13070977,https://doi.org/10.3390/brainsci13070977,none found,NA,yes,MPED,23,unclear,62,not verified,not verified,discrete-7class,7 emotions,not reported,public,not verified,not verified,not verified,not verified,not verified,not verified,differential entropy (DE) or entropy EEG features (band/window details not captured),not verified,unclear,DE,projection dictionary-pair learning (GA-PDPL),genetically-optimized dictionary pair,none,no,no,not verified,yes,LOSO,23,none,not verified,unclear,accuracy,24.87,5.83,not reported,yes,95% CI reported,KLIEP/ULSIF/STM/SVM/KPCA/TCA/SA/DANN/A-LSTM,not verified,yes,mean,A (inductive LOSO),none (inductive; verify dictionary-pair target usage),some-concerns,"LOSO subject-independent; mean+SD+95%CI+SEM reported; non-deep method, honest low numbers; target usage = no (dictionary learned on source)",MPED 7-class cross-subject near-chance (~14% baseline) - multi-class generalization is very hard,yes,yes,no,verified-from-fulltext,2026-06-25 Europe PMC full-text XML (dataset-breadth pass)
EEG-0087,"Su, Zhu, Song, Chang",2023,Subject-Independent EEG Emotion Recognition Based on Genetically Optimized Projection Dictionary Pair Learning,Brain Sciences 13(7):977,journal,10.3390/brainsci13070977,https://doi.org/10.3390/brainsci13070977,none found,NA,yes,GAMEEMO,28,unclear,14,Emotiv,computer games,dimensional-2class,HV/LV-HA/LA (2-class),not reported,public,not verified,not verified,not verified,not verified,not verified,not verified,differential entropy (DE) or entropy EEG features (band/window details not captured),not verified,unclear,DE,projection dictionary-pair learning (GA-PDPL),genetically-optimized dictionary pair,none,no,no,not verified,yes,LOSO,28,none,not verified,unclear,accuracy,64.34,6.44,"[61.84, 66.84]",yes,95% CI reported,KLIEP/ULSIF/STM/SVM/KPCA/TCA/SA/DANN/A-LSTM,not verified,yes,mean,A (inductive LOSO),none (inductive; verify dictionary-pair target usage),some-concerns,"LOSO subject-independent; mean+SD+95%CI+SEM reported; non-deep method, honest low numbers; target usage = no (dictionary learned on source)","GAMEEMO is NEW to the corpus (28 subj, Emotiv 14ch, games stimuli)",yes,yes,yes,verified-from-fulltext,2026-06-25 Europe PMC full-text XML (dataset-breadth pass)
EEG-0087,"Su, Zhu, Song, Chang",2023,Subject-Independent EEG Emotion Recognition Based on Genetically Optimized Projection Dictionary Pair Learning,Brain Sciences 13(7):977,journal,10.3390/brainsci13070977,https://doi.org/10.3390/brainsci13070977,none found,NA,yes,GAMEEMO,28,unclear,14,Emotiv,computer games,4-class,HAHV/HALV/LAHV/LALV (4-class),not reported,public,not verified,not verified,not verified,not verified,not verified,not verified,differential entropy (DE) or entropy EEG features (band/window details not captured),not verified,unclear,DE,projection dictionary-pair learning (GA-PDPL),genetically-optimized dictionary pair,none,no,no,not verified,yes,LOSO,28,none,not verified,unclear,accuracy,49.01,8.46,"[45.72, 52.29]",yes,95% CI reported,KLIEP/ULSIF/STM/SVM/KPCA/TCA/SA/DANN/A-LSTM,not verified,yes,mean,A (inductive LOSO),none (inductive; verify dictionary-pair target usage),some-concerns,"LOSO subject-independent; mean+SD+95%CI+SEM reported; non-deep method, honest low numbers; target usage = no (dictionary learned on source)",GAMEEMO and MPED add dataset breadth; numbers are credibly low for hard multi-class cross-subject,no,yes,no,verified-from-fulltext,2026-06-25 Europe PMC full-text XML (dataset-breadth pass)
EEG-0088,Alghamdi et al.,2025,Cross-subject EEG signals-based emotion recognition using contrastive learning (CSCL),Scientific Reports 15(1),journal,10.1038/s41598-025-13289-5,https://doi.org/10.1038/s41598-025-13289-5,none found,NA,yes,FACED,123,unclear,32,not verified,not verified,discrete-9class,9 emotions,not reported,public,not verified,not verified,not verified,not verified,not verified,not verified,contrastive EEG representation learned by the reported contrastive model (input details not captured),not verified,unclear,deep contrastive features,hyperbolic contrastive learning,cross-subject contrastive (emotion + stimulus losses),none,unclear,unclear,not verified,yes,LOSO,not verified,none,not verified,unclear,accuracy,65.98,4.09,not reported,unclear,not verified,DNN_AER/DAPLP/CSMM,not verified,yes,mean,unclear (cross-subject contrastive; target usage unclear),leakage-suspect (SEED 97.7 cross-subject implausible; stimulus-contrastive loss may use shared stimulus identity),high,SEED 3-class cross-subject 97.7 is implausibly high (>pooled 87.1 and >transductive max); joins implausible-high cluster,adds FACED 9-class and MPED 7-class cross-subject coverage but method's SEED/CEED 96-98 flag it suspect; numbers NOT pooled; 'CEED' 5-class possibly SEED-V,no,yes,yes,verified-from-fulltext,2026-06-25 Europe PMC full-text XML (dataset-breadth pass)
EEG-0088,Alghamdi et al.,2025,Cross-subject EEG signals-based emotion recognition using contrastive learning (CSCL),Scientific Reports 15(1),journal,10.1038/s41598-025-13289-5,https://doi.org/10.1038/s41598-025-13289-5,none found,NA,yes,MPED,23,unclear,62,not verified,not verified,discrete-7class,7 emotions,not reported,public,not verified,not verified,not verified,not verified,not verified,not verified,contrastive EEG representation learned by the reported contrastive model (input details not captured),not verified,unclear,deep contrastive features,hyperbolic contrastive learning,cross-subject contrastive (emotion + stimulus losses),none,unclear,unclear,not verified,yes,LOSO,not verified,none,not verified,unclear,accuracy,51.3,3.3,not reported,unclear,not verified,DNN_AER/DAPLP/CSMM,not verified,yes,mean,unclear (cross-subject contrastive; target usage unclear),leakage-suspect (SEED 97.7 cross-subject implausible; stimulus-contrastive loss may use shared stimulus identity),high,SEED 3-class cross-subject 97.7 is implausibly high (>pooled 87.1 and >transductive max); joins implausible-high cluster,adds FACED 9-class and MPED 7-class cross-subject coverage but method's SEED/CEED 96-98 flag it suspect; numbers NOT pooled; 'CEED' 5-class possibly SEED-V,no,yes,no,verified-from-fulltext,2026-06-25 Europe PMC full-text XML (dataset-breadth pass)
EEG-0088,Alghamdi et al.,2025,Cross-subject EEG signals-based emotion recognition using contrastive learning (CSCL),Scientific Reports 15(1),journal,10.1038/s41598-025-13289-5,https://doi.org/10.1038/s41598-025-13289-5,none found,NA,yes,SEED,15,unclear,62,200,film clips,discrete-3class,positive/neutral/negative,not reported,public,not verified,not verified,not verified,not verified,not verified,not verified,contrastive EEG representation learned by the reported contrastive model (input details not captured),not verified,unclear,deep contrastive features,hyperbolic contrastive learning,cross-subject contrastive (emotion + stimulus losses),none,unclear,unclear,not verified,yes,LOSO,not verified,none,not verified,unclear,accuracy,97.7,5.3,not reported,unclear,not verified,DNN_AER/DAPLP/CSMM,not verified,yes,mean,unclear (cross-subject contrastive; target usage unclear),leakage-suspect (SEED 97.7 cross-subject implausible; stimulus-contrastive loss may use shared stimulus identity),high,SEED 3-class cross-subject 97.7 is implausibly high (>pooled 87.1 and >transductive max); joins implausible-high cluster,"SUSPECT: 97.7 cross-subject SEED implausible (leakage-tier); not asserted, not pooled",no,yes,no,verified-from-fulltext,2026-06-25 Europe PMC full-text XML (dataset-breadth pass)
EEG-0089,Chang et al.,2025,Multi-Scale Hyperbolic Contrastive Learning for Cross-Subject EEG Emotion Recognition (MSHCL),IEEE Trans. Affective Computing,journal,10.1109/TAFFC.2025.3535542,https://doi.org/10.1109/taffc.2025.3535542,none found,NA,yes,SEED,15,unclear,62,200,film clips,discrete-3class,pos/neu/neg,not reported,public,not verified,not verified,not verified,not verified,not verified,not verified,self-supervised or contrastive EEG representation learned by hyperbolic contrastive (input feature details not captured),not verified,unclear,learned self-supervised/contrastive features,hyperbolic contrastive,multi-scale hyperbolic contrastive,none,no,no,not verified,yes,LOSO,not verified,none,not verified,unclear,accuracy,89.3,4.4,not reported,unclear,not verified,not verified,not verified,yes,mean,A (inductive),none (inductive contrastive),some-concerns,"abstract explicitly 'cross-subject'; SEED 89.3/4.4 (auto-table SD), MPED 38.8/7.1, FACED 77.0/3.6",not verified,yes,yes,yes,verified-from-abstract(author-stated CS),"2026-06-25 full-text abstract, cross-subject explicitly stated (careful batch 1)"
EEG-0089,Chang et al.,2025,Multi-Scale Hyperbolic Contrastive Learning for Cross-Subject EEG Emotion Recognition (MSHCL),IEEE Trans. Affective Computing,journal,10.1109/TAFFC.2025.3535542,https://doi.org/10.1109/taffc.2025.3535542,none found,NA,yes,MPED,23,unclear,62,not verified,not verified,discrete-7class,7 emotions,not reported,public,not verified,not verified,not verified,not verified,not verified,not verified,self-supervised or contrastive EEG representation learned by hyperbolic contrastive (input feature details not captured),not verified,unclear,learned self-supervised/contrastive features,hyperbolic contrastive,multi-scale hyperbolic contrastive,none,no,no,not verified,yes,LOSO,not verified,none,not verified,unclear,accuracy,38.8,7.1,not reported,unclear,not verified,not verified,not verified,yes,mean,A (inductive),none (inductive contrastive),some-concerns,"abstract explicitly 'cross-subject'; SEED 89.3/4.4 (auto-table SD), MPED 38.8/7.1, FACED 77.0/3.6",not verified,no,yes,no,verified-from-abstract(author-stated CS),"2026-06-25 full-text abstract, cross-subject explicitly stated (careful batch 1)"
EEG-0089,Chang et al.,2025,Multi-Scale Hyperbolic Contrastive Learning for Cross-Subject EEG Emotion Recognition (MSHCL),IEEE Trans. Affective Computing,journal,10.1109/TAFFC.2025.3535542,https://doi.org/10.1109/taffc.2025.3535542,none found,NA,yes,FACED,123,unclear,32,not verified,not verified,binary,binary,not reported,public,not verified,not verified,not verified,not verified,not verified,not verified,self-supervised or contrastive EEG representation learned by hyperbolic contrastive (input feature details not captured),not verified,unclear,learned self-supervised/contrastive features,hyperbolic contrastive,multi-scale hyperbolic contrastive,none,no,no,not verified,yes,LOSO,not verified,none,not verified,unclear,accuracy,77,3.6,not reported,unclear,not verified,not verified,not verified,yes,mean,A (inductive),none (inductive contrastive),some-concerns,"abstract explicitly 'cross-subject'; SEED 89.3/4.4 (auto-table SD), MPED 38.8/7.1, FACED 77.0/3.6",not verified,no,yes,no,verified-from-abstract(author-stated CS),"2026-06-25 full-text abstract, cross-subject explicitly stated (careful batch 1)"
EEG-0090,Shi et al.,2025,Functional Connectivity Patterns Learning for EEG-Based Emotion Recognition (FCPL),IEEE Trans. Cognitive and Developmental Systems,journal,10.1109/TCDS.2024.3470248,https://doi.org/10.1109/tcds.2024.3470248,none found,NA,yes,SEED,15,unclear,62,200,film clips,discrete-3class,pos/neu/neg,not reported,public,not verified,not verified,not verified,not verified,not verified,not verified,functional-connectivity / brain-network EEG features (metric/window details not captured),not verified,unclear,connectivity/brain-network features,functional-connectivity learning,none (connectivity features),none,no,no,not verified,yes,LOSO,not verified,none,not verified,unclear,accuracy,89.88,not reported,not reported,unclear,not verified,not verified,not verified,yes,mean,A (inductive),none,some-concerns,"abstract: subject-independent SEED 89.88, MPED-7 28.81; SD not in abstract -> narrative",MPED 7-class cross-subject 28.81 = honest near-chance multi-class point,no,yes,yes,verified-from-abstract(author-stated CS),"2026-06-25 full-text abstract, cross-subject explicitly stated (careful batch 1)"
EEG-0090,Shi et al.,2025,Functional Connectivity Patterns Learning for EEG-Based Emotion Recognition (FCPL),IEEE Trans. Cognitive and Developmental Systems,journal,10.1109/TCDS.2024.3470248,https://doi.org/10.1109/tcds.2024.3470248,none found,NA,yes,MPED,23,unclear,62,not verified,not verified,discrete-7class,7 emotions,not reported,public,not verified,not verified,not verified,not verified,not verified,not verified,functional-connectivity / brain-network EEG features (metric/window details not captured),not verified,unclear,connectivity/brain-network features,functional-connectivity learning,none (connectivity features),none,no,no,not verified,yes,LOSO,not verified,none,not verified,unclear,accuracy,28.81,not reported,not reported,unclear,not verified,not verified,not verified,yes,mean,A (inductive),none,some-concerns,"abstract: subject-independent SEED 89.88, MPED-7 28.81; SD not in abstract -> narrative",MPED 7-class cross-subject 28.81 = honest near-chance multi-class point,no,yes,no,verified-from-abstract(author-stated CS),"2026-06-25 full-text abstract, cross-subject explicitly stated (careful batch 1)"
EEG-0091,Xiao-Cong Zhong; Qisong Wang; Rui Li; Yurui Liu; Sanhe Duan; Runze Yang; Dan Liu; Jinwei Sun,2025,Unsupervised Domain Adaptation With Pseudo-Label Propagation for Cross-Domain EEG Emotion Recognition (DAPLP),"IEEE Trans. Instrumentation and Measurement, 2025",journal,10.1109/TIM.2025.3553234,https://doi.org/10.1109/tim.2025.3553234,none found,NA,yes,SEED,15,unclear,62,200,film clips,discrete-3class,pos/neu/neg,not reported,public,not verified,not verified,not verified,not verified,not verified,not verified,graph/spatial EEG representation learned by domain-adversarial + pseudo-label (input feature details not captured),not verified,unclear,graph/deep spatial features,domain-adversarial + pseudo-label,pseudo-label propagation UDA,none,yes,no,not verified,yes,LOSO,not verified,none,not verified,unclear,accuracy,89.44,not reported,not reported,unclear,not verified,not verified,not verified,yes,mean,B (transductive-UDA),none (transductive disclosed),some-concerns,abstract: SEED 89.44 / SEED-IV 74.57 / SEED-V 69.15 cross-subject; SD not in abstract,adds SEED-V transductive point,no,yes,yes,verified-from-abstract(author-stated CS),"2026-06-25 full-text abstract, cross-subject explicitly stated (careful batch 1)"
EEG-0091,Xiao-Cong Zhong; Qisong Wang; Rui Li; Yurui Liu; Sanhe Duan; Runze Yang; Dan Liu; Jinwei Sun,2025,Unsupervised Domain Adaptation With Pseudo-Label Propagation for Cross-Domain EEG Emotion Recognition (DAPLP),"IEEE Trans. Instrumentation and Measurement, 2025",journal,10.1109/TIM.2025.3553234,https://doi.org/10.1109/tim.2025.3553234,none found,NA,yes,SEED-IV,15,unclear,62,200,movie clips,discrete-4class,happy/sad/fear/neu,not reported,public,not verified,not verified,not verified,not verified,not verified,not verified,graph/spatial EEG representation learned by domain-adversarial + pseudo-label (input feature details not captured),not verified,unclear,graph/deep spatial features,domain-adversarial + pseudo-label,pseudo-label propagation UDA,none,yes,no,not verified,yes,LOSO,not verified,none,not verified,unclear,accuracy,74.57,not reported,not reported,unclear,not verified,not verified,not verified,yes,mean,B (transductive-UDA),none (transductive disclosed),some-concerns,abstract: SEED 89.44 / SEED-IV 74.57 / SEED-V 69.15 cross-subject; SD not in abstract,adds SEED-V transductive point,no,yes,no,verified-from-abstract(author-stated CS),"2026-06-25 full-text abstract, cross-subject explicitly stated (careful batch 1)"
EEG-0091,Xiao-Cong Zhong; Qisong Wang; Rui Li; Yurui Liu; Sanhe Duan; Runze Yang; Dan Liu; Jinwei Sun,2025,Unsupervised Domain Adaptation With Pseudo-Label Propagation for Cross-Domain EEG Emotion Recognition (DAPLP),"IEEE Trans. Instrumentation and Measurement, 2025",journal,10.1109/TIM.2025.3553234,https://doi.org/10.1109/tim.2025.3553234,none found,NA,yes,SEED-V,16,unclear,62,not verified,not verified,discrete-5class,5 emotions,not reported,public,not verified,not verified,not verified,not verified,not verified,not verified,graph/spatial EEG representation learned by domain-adversarial + pseudo-label (input feature details not captured),not verified,unclear,graph/deep spatial features,domain-adversarial + pseudo-label,pseudo-label propagation UDA,none,yes,no,not verified,yes,LOSO,not verified,none,not verified,unclear,accuracy,69.15,not reported,not reported,unclear,not verified,not verified,not verified,yes,mean,B (transductive-UDA),none (transductive disclosed),some-concerns,abstract: SEED 89.44 / SEED-IV 74.57 / SEED-V 69.15 cross-subject; SD not in abstract,adds SEED-V transductive point,no,yes,no,verified-from-abstract(author-stated CS),"2026-06-25 full-text abstract, cross-subject explicitly stated (careful batch 1)"
EEG-0092,Jiayu Bi; Linjun Lu; Poly Z.H. Sun,2026,MMSTG-Net: Multi-scale Spatiotemporal Graph Network for EEG Emotion Recognition,"IEEE J. Biomedical and Health Informatics, 2026",journal,10.1109/JBHI.2026.3667946,https://doi.org/10.1109/JBHI.2026.3667946,none found,NA,yes,SEED-VII,20,unclear,62,not verified,not verified,discrete-7class,7 emotions,not reported,public,not verified,not verified,not verified,not verified,not verified,not verified,graph/spatial EEG representation learned by spatiotemporal graph (input feature details not captured),not verified,unclear,graph/deep spatial features,spatiotemporal graph,none,none,no,no,not verified,yes,LOSO,not verified,none,not verified,unclear,accuracy,63.06,not reported,not reported,unclear,not verified,not verified,not verified,yes,mean,A (inductive),none,some-concerns,"abstract: cross-subject SEED-VII 63.06, SEED-IV 84.85 (subject-dependent 82.74/87.50)",adds SEED-VII 7-class cross-subject point (63.06 vs LGF 40.1); SEED-IV 84.85 high,no,yes,yes,verified-from-abstract(author-stated CS),"2026-06-25 full-text abstract, cross-subject explicitly stated (careful batch 1)"
EEG-0092,Jiayu Bi; Linjun Lu; Poly Z.H. Sun,2026,MMSTG-Net: Multi-scale Spatiotemporal Graph Network for EEG Emotion Recognition,"IEEE J. Biomedical and Health Informatics, 2026",journal,10.1109/JBHI.2026.3667946,https://doi.org/10.1109/JBHI.2026.3667946,none found,NA,yes,SEED-IV,15,unclear,62,200,movie clips,discrete-4class,happy/sad/fear/neu,not reported,public,not verified,not verified,not verified,not verified,not verified,not verified,graph/spatial EEG representation learned by spatiotemporal graph (input feature details not captured),not verified,unclear,graph/deep spatial features,spatiotemporal graph,none,none,no,no,not verified,yes,LOSO,not verified,none,not verified,unclear,accuracy,84.85,not reported,not reported,unclear,not verified,not verified,not verified,yes,mean,A (inductive),none,some-concerns,"abstract: cross-subject SEED-VII 63.06, SEED-IV 84.85 (subject-dependent 82.74/87.50)",adds SEED-VII 7-class cross-subject point (63.06 vs LGF 40.1); SEED-IV 84.85 high,no,yes,no,verified-from-abstract(author-stated CS),"2026-06-25 full-text abstract, cross-subject explicitly stated (careful batch 1)"
EEG-0093,Ruimin Zhang,2026,ST-AlignNet: Semantic Alignment with Temporal Saliency for EEG Emotion Recognition,"Biomedical Signal Processing and Control, 2026",journal,10.1016/j.bspc.2026.110816,https://doi.org/10.1016/j.bspc.2026.110816,none found,NA,yes,DEAP,32,unclear,32,128,music-video clips,dimensional,binary (mean V/A),not reported,public,not verified,not verified,not verified,not verified,not verified,not verified,graph/spatial EEG representation learned by alignment network (input feature details not captured),not verified,unclear,graph/deep spatial features,alignment network,semantic-temporal alignment,none,unclear,no,not verified,yes,LOSO,not verified,none,not verified,unclear,accuracy,70.86,not reported,not reported,unclear,not verified,not verified,not verified,yes,mean,B (transductive?) / verify,none stated,some-concerns,"abstract: subject-independent DEAP 70.86, MAHNOB-HCI 70.73; SD not in abstract",adds MAHNOB-HCI cross-subject point; credible (~71%),no,yes,yes,verified-from-abstract(author-stated CS),"2026-06-25 full-text abstract, cross-subject explicitly stated (careful batch 1)"
EEG-0093,Ruimin Zhang,2026,ST-AlignNet: Semantic Alignment with Temporal Saliency for EEG Emotion Recognition,"Biomedical Signal Processing and Control, 2026",journal,10.1016/j.bspc.2026.110816,https://doi.org/10.1016/j.bspc.2026.110816,none found,NA,yes,MAHNOB-HCI,24,unclear,32,256,video clips,dimensional,binary (mean V/A),not reported,public,not verified,not verified,not verified,not verified,not verified,not verified,graph/spatial EEG representation learned by alignment network (input feature details not captured),not verified,unclear,graph/deep spatial features,alignment network,semantic-temporal alignment,none,unclear,no,not verified,yes,LOSO,not verified,none,not verified,unclear,accuracy,70.73,not reported,not reported,unclear,not verified,not verified,not verified,yes,mean,B (transductive?) / verify,none stated,some-concerns,"abstract: subject-independent DEAP 70.86, MAHNOB-HCI 70.73; SD not in abstract",adds MAHNOB-HCI cross-subject point; credible (~71%),no,yes,no,verified-from-abstract(author-stated CS),"2026-06-25 full-text abstract, cross-subject explicitly stated (careful batch 1)"
EEG-0095,Chirag Ahuja; Divyashikha Sethia,2025,SS-EMERGE: Self-Supervised EEG Emotion Recognition (LOSO),"Scientific Reports, 2025",journal,10.1038/s41598-025-98623-7,https://doi.org/10.1038/s41598-025-98623-7,none found,NA,yes,SEED,15,unclear,62,200,film clips,discrete-3class,pos/neu/neg,not reported,public,not verified,not verified,not verified,not verified,not verified,not verified,self-supervised or contrastive EEG representation learned by self-supervised (input feature details not captured),not verified,unclear,learned self-supervised/contrastive features,self-supervised,self-supervised representation,none,no,no,not verified,yes,LOSO,not verified,none,not verified,unclear,accuracy,92.35,not reported,not reported,unclear,not verified,not verified,not verified,yes,mean,A (inductive),none,some-concerns,"abstract: LOSO SEED 92.35, SEED-IV 81.51; SD not in abstract",SEED 92.35 high-ish for inductive; verify target usage,no,yes,yes,verified-from-abstract(author-stated CS),"2026-06-25 full-text abstract, cross-subject explicitly stated (careful batch 1)"
EEG-0095,Chirag Ahuja; Divyashikha Sethia,2025,SS-EMERGE: Self-Supervised EEG Emotion Recognition (LOSO),"Scientific Reports, 2025",journal,10.1038/s41598-025-98623-7,https://doi.org/10.1038/s41598-025-98623-7,none found,NA,yes,SEED-IV,15,unclear,62,200,movie clips,discrete-4class,happy/sad/fear/neu,not reported,public,not verified,not verified,not verified,not verified,not verified,not verified,self-supervised or contrastive EEG representation learned by self-supervised (input feature details not captured),not verified,unclear,learned self-supervised/contrastive features,self-supervised,self-supervised representation,none,no,no,not verified,yes,LOSO,not verified,none,not verified,unclear,accuracy,81.51,not reported,not reported,unclear,not verified,not verified,not verified,yes,mean,A (inductive),none,some-concerns,"abstract: LOSO SEED 92.35, SEED-IV 81.51; SD not in abstract",SEED 92.35 high-ish for inductive; verify target usage,no,yes,no,verified-from-abstract(author-stated CS),"2026-06-25 full-text abstract, cross-subject explicitly stated (careful batch 1)"
EEG-0097,He Huang; Xiaopeng Si; Yumeng Han; Dong Ming,2025,A Novel Conditional Adversarial Domain Adaptation Network for EEG Cross-Subject Emotion Recognition,"IEEE Trans. Affective Computing, 2025",journal,10.1109/TAFFC.2025.3588873,https://doi.org/10.1109/taffc.2025.3588873,none found,NA,yes,SEED,15,unclear,62,200,film clips,discrete-3class,pos/neu/neg,not reported,public,not verified,not verified,not verified,not verified,not verified,not verified,domain-aligned or transfer-learned EEG representation learned by conditional-adversarial DA (exact signal features not captured),not verified,unclear,domain-adaptation/transfer-learned features,conditional-adversarial DA,conditional adversarial DA,none,yes,no,not verified,yes,LOSO,not verified,none,not verified,unclear,accuracy,93.62,not reported,not reported,unclear,not verified,not verified,not verified,yes,mean,B (transductive-UDA),none (transductive disclosed),some-concerns,"abstract: cross-subject SEED 93.62, SEED-IV 82.16; SD not in abstract",not verified,no,yes,yes,verified-from-abstract(author-stated CS),"2026-06-25 full-text abstract, cross-subject explicitly stated (careful batch 1)"
EEG-0097,He Huang; Xiaopeng Si; Yumeng Han; Dong Ming,2025,A Novel Conditional Adversarial Domain Adaptation Network for EEG Cross-Subject Emotion Recognition,"IEEE Trans. Affective Computing, 2025",journal,10.1109/TAFFC.2025.3588873,https://doi.org/10.1109/taffc.2025.3588873,none found,NA,yes,SEED-IV,15,unclear,62,200,movie clips,discrete-4class,happy/sad/fear/neu,not reported,public,not verified,not verified,not verified,not verified,not verified,not verified,domain-aligned or transfer-learned EEG representation learned by conditional-adversarial DA (exact signal features not captured),not verified,unclear,domain-adaptation/transfer-learned features,conditional-adversarial DA,conditional adversarial DA,none,yes,no,not verified,yes,LOSO,not verified,none,not verified,unclear,accuracy,82.16,not reported,not reported,unclear,not verified,not verified,not verified,yes,mean,B (transductive-UDA),none (transductive disclosed),some-concerns,"abstract: cross-subject SEED 93.62, SEED-IV 82.16; SD not in abstract",not verified,no,yes,no,verified-from-abstract(author-stated CS),"2026-06-25 full-text abstract, cross-subject explicitly stated (careful batch 1)"
EEG-0099,Ming Meng; Haoxuan Ye; Yuliang Ma; Yunyuan Gao; Zhizeng Luo,2025,Adversarial Adaptation Neural Networks With Class-Informed Discriminator for Cross-Subject EEG Emotion Recognition,"IEEE Sensors Journal, 2025",journal,10.1109/JSEN.2025.3553489,https://doi.org/10.1109/JSEN.2025.3553489,none found,NA,yes,SEED,15,unclear,62,200,film clips,discrete-3class,pos/neu/neg,not reported,public,not verified,not verified,not verified,not verified,not verified,not verified,learned EEG representation from domain-adversarial (exact input features not captured),not verified,unclear,learned deep EEG features,domain-adversarial,class-informed adversarial DA,none,yes,no,not verified,yes,LOSO,not verified,none,not verified,unclear,accuracy,90.21,not reported,not reported,unclear,not verified,not verified,not verified,yes,mean,B (transductive-UDA),none (transductive disclosed),some-concerns,"abstract: cross-subject SEED 90.21, SEED-IV 77.50; SD not in abstract",not verified,no,yes,yes,verified-from-abstract(author-stated CS),"2026-06-25 full-text abstract, cross-subject explicitly stated (careful batch 1)"
EEG-0099,Ming Meng; Haoxuan Ye; Yuliang Ma; Yunyuan Gao; Zhizeng Luo,2025,Adversarial Adaptation Neural Networks With Class-Informed Discriminator for Cross-Subject EEG Emotion Recognition,"IEEE Sensors Journal, 2025",journal,10.1109/JSEN.2025.3553489,https://doi.org/10.1109/JSEN.2025.3553489,none found,NA,yes,SEED-IV,15,unclear,62,200,movie clips,discrete-4class,happy/sad/fear/neu,not reported,public,not verified,not verified,not verified,not verified,not verified,not verified,learned EEG representation from domain-adversarial (exact input features not captured),not verified,unclear,learned deep EEG features,domain-adversarial,class-informed adversarial DA,none,yes,no,not verified,yes,LOSO,not verified,none,not verified,unclear,accuracy,77.5,not reported,not reported,unclear,not verified,not verified,not verified,yes,mean,B (transductive-UDA),none (transductive disclosed),some-concerns,"abstract: cross-subject SEED 90.21, SEED-IV 77.50; SD not in abstract",not verified,no,yes,no,verified-from-abstract(author-stated CS),"2026-06-25 full-text abstract, cross-subject explicitly stated (careful batch 1)"
EEG-0101,Raveendrababu Vempati; Lakhan Dev Sharma; Rajesh Kumar Tripathy,2025,Cross-Subject Emotion Recognition From Multichannel EEG Signals Using Multivariate Decomposition (LGBM),"IEEE Trans. Cognitive and Developmental Systems, 2025",journal,10.1109/TCDS.2024.3417534,https://doi.org/10.1109/TCDS.2024.3417534,none found,NA,yes,GAMEEMO,28,unclear,14,not verified,computer games,binary,binary,not reported,public,not verified,not verified,not verified,not verified,not verified,not verified,multivariate decomposition / mvFIF-derived EEG features (parameters not captured),not verified,unclear,time-frequency/wavelet features,LGBM ensemble,none,none,no,no,not verified,yes,LOSO,not verified,none,not verified,unclear,accuracy,99.5,not reported,not reported,unclear,not verified,not verified,not verified,yes,mean,suspect,leakage-suspect (near-ceiling cross-subject),high,"abstract: cross-subject GAMEEMO 99.50, DREAMER 98.79 - implausible vs field norms","GAMEEMO/DREAMER 99% cross-subject implausible -> suspect, not pooled",no,yes,yes,verified-from-abstract(author-stated CS),"2026-06-25 full-text abstract, cross-subject explicitly stated (careful batch 1)"
EEG-0101,Raveendrababu Vempati; Lakhan Dev Sharma; Rajesh Kumar Tripathy,2025,Cross-Subject Emotion Recognition From Multichannel EEG Signals Using Multivariate Decomposition (LGBM),"IEEE Trans. Cognitive and Developmental Systems, 2025",journal,10.1109/TCDS.2024.3417534,https://doi.org/10.1109/TCDS.2024.3417534,none found,NA,yes,DREAMER,23,unclear,14,128,film clips,binary,binary,not reported,public,not verified,not verified,not verified,not verified,not verified,not verified,multivariate decomposition / mvFIF-derived EEG features (parameters not captured),not verified,unclear,time-frequency/wavelet features,LGBM ensemble,none,none,no,no,not verified,yes,LOSO,not verified,none,not verified,unclear,accuracy,98.79,not reported,not reported,unclear,not verified,not verified,not verified,yes,mean,suspect,leakage-suspect (near-ceiling cross-subject),high,"abstract: cross-subject GAMEEMO 99.50, DREAMER 98.79 - implausible vs field norms","GAMEEMO/DREAMER 99% cross-subject implausible -> suspect, not pooled",no,yes,no,verified-from-abstract(author-stated CS),"2026-06-25 full-text abstract, cross-subject explicitly stated (careful batch 1)"
EEG-0102,Beiming Zhou; Lin Lin; Siyu Liu; Jian Chen,2026,Multi-View Cognitive Prior Graph Convolutional Network for Multimodal Emotion Recognition,"IEEE Trans. Affective Computing, 2026",journal,10.1109/TAFFC.2025.3633647,https://doi.org/10.1109/taffc.2025.3633647,none found,NA,yes,DREAMER,23,unclear,14,128,film clips,binary,binary,not reported,public,not verified,not verified,not verified,not verified,not verified,not verified,multimodal EEG plus non-EEG representation/features (exact extraction not captured),not verified,unclear,multimodal features,graph convolution (multi-view),none,none,no,no,not verified,yes,LOSO,not verified,none,not verified,unclear,accuracy,96,not reported,not reported,unclear,not verified,not verified,not verified,yes,mean,suspect,leakage-suspect (near-ceiling); multimodal,high,"abstract: cross-subject DREAMER 96.00/sub-indep 98.03, MAHNOB 96.23/98.27 - implausible; multimodal","near-ceiling + multimodal -> suspect, not pooled",no,yes,yes,verified-from-abstract(author-stated CS),"2026-06-25 full-text abstract, cross-subject explicitly stated (careful batch 1)"
EEG-0102,Beiming Zhou; Lin Lin; Siyu Liu; Jian Chen,2026,Multi-View Cognitive Prior Graph Convolutional Network for Multimodal Emotion Recognition,"IEEE Trans. Affective Computing, 2026",journal,10.1109/TAFFC.2025.3633647,https://doi.org/10.1109/taffc.2025.3633647,none found,NA,yes,MAHNOB-HCI,24,unclear,32,256,video clips,binary,binary,not reported,public,not verified,not verified,not verified,not verified,not verified,not verified,multimodal EEG plus non-EEG representation/features (exact extraction not captured),not verified,unclear,multimodal features,graph convolution (multi-view),none,none,no,no,not verified,yes,LOSO,not verified,none,not verified,unclear,accuracy,96.23,not reported,not reported,unclear,not verified,not verified,not verified,yes,mean,suspect,leakage-suspect (near-ceiling); multimodal,high,"abstract: cross-subject DREAMER 96.00/sub-indep 98.03, MAHNOB 96.23/98.27 - implausible; multimodal","near-ceiling + multimodal -> suspect, not pooled",no,yes,no,verified-from-abstract(author-stated CS),"2026-06-25 full-text abstract, cross-subject explicitly stated (careful batch 1)"
EEG-0105,Rongtao Chen; Zhepei Hong; Liting Li; Zhuoyi Huang; Jingcong Li; Jiahui Pan,2025,Multi-Scale Dynamic Temporal Network With Graph Matching Domain Adaptation for Cross-Subject EEG Emotion Recognition,"IEEE Trans. Affective Computing, 2026",journal,10.1109/TAFFC.2026.3670697,https://doi.org/10.1109/taffc.2026.3670697,none found,NA,yes,SEED,15,unclear,62,200,film clips,discrete-3class,pos/neu/neg,not reported,public,not verified,not verified,not verified,not verified,not verified,not verified,graph/spatial EEG representation learned by temporal attention + Chebyshev graph DA (input feature details not captured),not verified,unclear,graph/deep spatial features,temporal attention + Chebyshev graph DA,graph-matching domain adaptation,none,yes,no,not verified,yes,LOSO single-session,not verified,none,not verified,unclear,accuracy,94.69,5.16,not reported,unclear,not verified,not verified,not verified,yes,mean,B (transductive-UDA),none (transductive disclosed),some-concerns,abstract+table: cross-subject single-session SEED 94.69/5.16,single-session cross-subject 94.69 is high; pooled but flagged,yes,yes,yes,"verified-from-full-text-table (proposed-method LOSO row, SD read directly)",2026-06-26 result table read directly; SD from proposed subject-independent/LOSO row (careful batch 2)
EEG-0106,Yiyuan Chen; Xiaodong Xu; Xiaowei Qin,2024,Cross-Subject and Cross-Session EEG Emotion Recognition Based on Multisource Structural Deep Clustering,"IEEE Trans. Cognitive and Developmental Systems, 2025",journal,10.1109/TCDS.2025.3545666,https://doi.org/10.1109/tcds.2025.3545666,none found,NA,yes,SEED,15,unclear,62,200,film clips,discrete-3class,pos/neu/neg,not reported,public,not verified,not verified,not verified,not verified,not verified,not verified,learned EEG representation from multisource structural deep clustering (exact input features not captured),not verified,unclear,learned deep EEG features,multisource structural deep clustering,target-structure deep clustering (source-label regularized),none,yes,no,not verified,yes,LOSO,not verified,none,not verified,unclear,accuracy,90.69,9.28,not reported,unclear,not verified,not verified,not verified,yes,mean,B (transductive-UDA),none (transductive disclosed),some-concerns,"Table IV ('Both' centroid = proposed): SEED 90.69/9.28, SEED-IV 74.35/12.06",not verified,yes,yes,yes,"verified-from-full-text-table (proposed-method LOSO row, SD read directly)",2026-06-26 result table read directly; SD from proposed subject-independent/LOSO row (careful batch 2)
EEG-0106,Yiyuan Chen; Xiaodong Xu; Xiaowei Qin,2024,Cross-Subject and Cross-Session EEG Emotion Recognition Based on Multisource Structural Deep Clustering,"IEEE Trans. Cognitive and Developmental Systems, 2025",journal,10.1109/TCDS.2025.3545666,https://doi.org/10.1109/tcds.2025.3545666,none found,NA,yes,SEED-IV,15,unclear,62,200,movie clips,discrete-4class,happy/sad/fear/neu,not reported,public,not verified,not verified,not verified,not verified,not verified,not verified,learned EEG representation from multisource structural deep clustering (exact input features not captured),not verified,unclear,learned deep EEG features,multisource structural deep clustering,target-structure deep clustering (source-label regularized),none,yes,no,not verified,yes,LOSO,not verified,none,not verified,unclear,accuracy,74.35,12.06,not reported,unclear,not verified,not verified,not verified,yes,mean,B (transductive-UDA),none (transductive disclosed),some-concerns,"Table IV ('Both' centroid = proposed): SEED 90.69/9.28, SEED-IV 74.35/12.06",not verified,yes,yes,no,"verified-from-full-text-table (proposed-method LOSO row, SD read directly)",2026-06-26 result table read directly; SD from proposed subject-independent/LOSO row (careful batch 2)
EEG-0107,Linna Wu; Yong Yang; Wenhao Wang; Yuanlun Xie; Nan Zhou; Kaibo Shi,2026,SCVAE-Net: Supervised Contrastive Variational AutoEncoder Network for Cross-Domain EEG Emotion Recognition,"Sensors, 2026, 26(10):3217",journal,10.3390/s26103217,https://doi.org/10.3390/s26103217,none found,NA,yes,SEED,15,unclear,62,200,film clips,discrete-3class,pos/neu/neg,not reported,public,not verified,not verified,not verified,not verified,not verified,not verified,self-supervised or contrastive EEG representation learned by contrastive VAE + MMD (input feature details not captured),not verified,unclear,learned self-supervised/contrastive features,contrastive VAE + MMD,MMD domain adaptation,none,yes,no,not verified,yes,LOSO,not verified,none,not verified,unclear,accuracy,95.01,6.67,not reported,unclear,not verified,not verified,not verified,yes,mean,B (transductive-UDA),none (transductive disclosed),some-concerns,"Table: cross-subject SEED 95.01/6.67, SEED-IV 74.94/9.88 (cross-session 96.84/79.44)",SEED 95.01 high but <ceiling; pooled flagged,yes,yes,yes,"verified-from-full-text-table (proposed-method LOSO row, SD read directly)",2026-06-26 result table read directly; SD from proposed subject-independent/LOSO row (careful batch 2)
EEG-0107,Linna Wu; Yong Yang; Wenhao Wang; Yuanlun Xie; Nan Zhou; Kaibo Shi,2026,SCVAE-Net: Supervised Contrastive Variational AutoEncoder Network for Cross-Domain EEG Emotion Recognition,"Sensors, 2026, 26(10):3217",journal,10.3390/s26103217,https://doi.org/10.3390/s26103217,none found,NA,yes,SEED-IV,15,unclear,62,200,movie clips,discrete-4class,happy/sad/fear/neu,not reported,public,not verified,not verified,not verified,not verified,not verified,not verified,self-supervised or contrastive EEG representation learned by contrastive VAE + MMD (input feature details not captured),not verified,unclear,learned self-supervised/contrastive features,contrastive VAE + MMD,MMD domain adaptation,none,yes,no,not verified,yes,LOSO,not verified,none,not verified,unclear,accuracy,74.94,9.88,not reported,unclear,not verified,not verified,not verified,yes,mean,B (transductive-UDA),none (transductive disclosed),some-concerns,"Table: cross-subject SEED 95.01/6.67, SEED-IV 74.94/9.88 (cross-session 96.84/79.44)",SEED 95.01 high but <ceiling; pooled flagged,yes,yes,no,"verified-from-full-text-table (proposed-method LOSO row, SD read directly)",2026-06-26 result table read directly; SD from proposed subject-independent/LOSO row (careful batch 2)
EEG-0108,Junqi Liu; Yuliang Ma; Michael Houston; Senda Gao; Yingchun Zhang,2025,Unsupervised Multi-Source Domain Adaptive Network Based on a Gating Mechanism for Cross-Subject EEG Emotion Recognition,"Signal, Image and Video Processing, 2025",journal,10.1007/s11760-025-04819-9,https://doi.org/10.1007/s11760-025-04819-9,none found,NA,yes,SEED,15,unclear,62,200,film clips,discrete-3class,pos/neu/neg,not reported,public,not verified,not verified,not verified,not verified,not verified,not verified,graph/spatial EEG representation learned by gated multi-source UDA (input feature details not captured),not verified,unclear,graph/deep spatial features,gated multi-source UDA,gated multi-source UDA (marginal+conditional),none,yes,no,not verified,yes,LOSO,not verified,none,not verified,unclear,accuracy,92.54,4.1,not reported,unclear,not verified,not verified,not verified,yes,mean,B (transductive-UDA),none (transductive disclosed),some-concerns,"Table: cross-subject SEED 92.54/4.10, SEED-IV 85.86/2.60, DEAP 65.59/5.50",SEED-IV 85.86/2.60 implausibly high+tight for 4-class CS -> excluded from pooling (suspect),yes,yes,yes,"verified-from-full-text-table (proposed-method LOSO row, SD read directly)",2026-06-26 result table read directly; SD from proposed subject-independent/LOSO row (careful batch 2)
EEG-0108,Junqi Liu; Yuliang Ma; Michael Houston; Senda Gao; Yingchun Zhang,2025,Unsupervised Multi-Source Domain Adaptive Network Based on a Gating Mechanism for Cross-Subject EEG Emotion Recognition,"Signal, Image and Video Processing, 2025",journal,10.1007/s11760-025-04819-9,https://doi.org/10.1007/s11760-025-04819-9,none found,NA,yes,SEED-IV,15,unclear,62,200,movie clips,discrete-4class,happy/sad/fear/neu,not reported,public,not verified,not verified,not verified,not verified,not verified,not verified,graph/spatial EEG representation learned by gated multi-source UDA (input feature details not captured),not verified,unclear,graph/deep spatial features,gated multi-source UDA,gated multi-source UDA (marginal+conditional),none,yes,no,not verified,yes,LOSO,not verified,none,not verified,unclear,accuracy,85.86,2.6,not reported,unclear,not verified,not verified,not verified,yes,mean,B (transductive-UDA),none (transductive disclosed),some-concerns,"Table: cross-subject SEED 92.54/4.10, SEED-IV 85.86/2.60, DEAP 65.59/5.50",SEED-IV 85.86/2.60 implausibly high+tight for 4-class CS -> excluded from pooling (suspect),no,yes,no,"verified-from-full-text-table (proposed-method LOSO row, SD read directly)",2026-06-26 result table read directly; SD from proposed subject-independent/LOSO row (careful batch 2)
EEG-0108,Junqi Liu; Yuliang Ma; Michael Houston; Senda Gao; Yingchun Zhang,2025,Unsupervised Multi-Source Domain Adaptive Network Based on a Gating Mechanism for Cross-Subject EEG Emotion Recognition,"Signal, Image and Video Processing, 2025",journal,10.1007/s11760-025-04819-9,https://doi.org/10.1007/s11760-025-04819-9,none found,NA,yes,DEAP,32,unclear,32,128,music-video clips,dimensional,binary V/A,not reported,public,not verified,not verified,not verified,not verified,not verified,not verified,graph/spatial EEG representation learned by gated multi-source UDA (input feature details not captured),not verified,unclear,graph/deep spatial features,gated multi-source UDA,gated multi-source UDA (marginal+conditional),none,yes,no,not verified,yes,LOSO,not verified,none,not verified,unclear,accuracy,65.59,5.5,not reported,unclear,not verified,not verified,not verified,yes,mean,B (transductive-UDA),none (transductive disclosed),some-concerns,"Table: cross-subject SEED 92.54/4.10, SEED-IV 85.86/2.60, DEAP 65.59/5.50",SEED-IV 85.86/2.60 implausibly high+tight for 4-class CS -> excluded from pooling (suspect),yes,yes,no,"verified-from-full-text-table (proposed-method LOSO row, SD read directly)",2026-06-26 result table read directly; SD from proposed subject-independent/LOSO row (careful batch 2)
EEG-0109,Chen et al.,2025,A Progressive Multi-Domain Adaptation Network With Reinforced Self-Constructed Graphs for Cross-Subject EEG Emotion and Consciousness Recognition (PMAN),"IEEE Trans. Neural Systems and Rehabilitation Engineering, vol. 33",journal,10.1109/tnsre.2025.3603190,https://doi.org/10.1109/tnsre.2025.3603190,none found,NA,yes,SEED,15,unclear,62,200,film clips,discrete-3class,pos/neu/neg,not reported,public,not verified,not verified,not verified,not verified,not verified,not verified,graph/spatial EEG representation learned by progressive multi-domain adaptation + RL graphs (input feature details not captured),not verified,unclear,graph/deep spatial features,progressive multi-domain adaptation + RL graphs,progressive multi-domain adaptation (EEG-CutMix),none,yes,no,not verified,yes,LOSO,not verified,none,not verified,unclear,accuracy,97.03,1.65,not reported,unclear,not verified,not verified,not verified,yes,mean,B (transductive-UDA),leakage-suspect (near-ceiling cross-subject),high,"abstract: SEED 97.03/1.65, SEED-IV 88.18/4.55 -- both well above field norm for CS","near-ceiling CS -> excluded from pooling, kept as suspect exhibit",no,yes,yes,"verified-from-abstract(author-stated CS, SD in abstract)",2026-06-26 full-text abstract/tables (careful batch 2)
EEG-0109,Chen et al.,2025,A Progressive Multi-Domain Adaptation Network With Reinforced Self-Constructed Graphs for Cross-Subject EEG Emotion and Consciousness Recognition (PMAN),"IEEE Trans. Neural Systems and Rehabilitation Engineering, vol. 33",journal,10.1109/tnsre.2025.3603190,https://doi.org/10.1109/tnsre.2025.3603190,none found,NA,yes,SEED-IV,15,unclear,62,200,movie clips,discrete-4class,happy/sad/fear/neu,not reported,public,not verified,not verified,not verified,not verified,not verified,not verified,graph/spatial EEG representation learned by progressive multi-domain adaptation + RL graphs (input feature details not captured),not verified,unclear,graph/deep spatial features,progressive multi-domain adaptation + RL graphs,progressive multi-domain adaptation (EEG-CutMix),none,yes,no,not verified,yes,LOSO,not verified,none,not verified,unclear,accuracy,88.18,4.55,not reported,unclear,not verified,not verified,not verified,yes,mean,B (transductive-UDA),leakage-suspect (near-ceiling cross-subject),high,"abstract: SEED 97.03/1.65, SEED-IV 88.18/4.55 -- both well above field norm for CS","near-ceiling CS -> excluded from pooling, kept as suspect exhibit",no,yes,no,"verified-from-abstract(author-stated CS, SD in abstract)",2026-06-26 full-text abstract/tables (careful batch 2)
EEG-0110,Xiaoliang Zhu; Chen Liu; Liang Zhao; Shengming Wang,2024,SOGPCN: Self-Organized Graph Pseudo-3D Convolution for EEG Emotion Recognition,"Sensors, 2024, 24(11):3464",journal,10.3390/s24113464,https://doi.org/10.3390/s24113464,none found,NA,yes,SEED,15,unclear,62,200,film clips,discrete-3class,pos/neu/neg,not reported,public,not verified,not verified,not verified,not verified,not verified,not verified,graph/spatial EEG representation learned by self-organized graph pseudo-3D conv (input feature details not captured),not verified,unclear,graph/deep spatial features,self-organized graph pseudo-3D conv,none,none,no,no,not verified,yes,LOSO,not verified,none,not verified,unclear,accuracy,94.22,3.42,not reported,unclear,not verified,not verified,not verified,yes,mean,A (inductive),none (inductive),some-concerns,abstract: subject-independent SEED 94.22 (subject-dependent 95.26); SD not in abstract,SEED 94.22 inductive is high,no,yes,yes,verified-from-abstract(author-stated CS),2026-06-26 full-text abstract/tables (careful batch 2)
EEG-0111,Zhongli Bai; Fazheng Hou; Kaixuan Sun; Qingzhou Wu; Mu Zhu; Zemin Mao; Yu Song; Qiang Gao,2023,SECT: Shifted EEG Channel Transformer for Emotion Recognition,"IEEE J. Biomedical and Health Informatics, 2023, 27(10)",journal,10.1109/JBHI.2023.3301993,https://doi.org/10.1109/JBHI.2023.3301993,none found,NA,yes,SEED,15,unclear,62,200,film clips,discrete-3class,pos/neu/neg,not reported,public,not verified,not verified,not verified,not verified,not verified,not verified,attention/transformer EEG representation learned by shifted channel transformer (input feature details not captured),not verified,unclear,learned attention/transformer features,shifted channel transformer,none,none,no,no,not verified,yes,LOSO,not verified,none,not verified,unclear,accuracy,85.43,not reported,not reported,unclear,not verified,not verified,not verified,yes,mean,A (inductive),none (inductive),some-concerns,"abstract: subject-independent SEED 85.43 (3-cls), DEAP valence 66.83 (2-cls); also own hearing-impaired set",,no,yes,yes,verified-from-abstract(author-stated CS),2026-06-26 full-text abstract/tables (careful batch 2)
EEG-0111,Zhongli Bai; Fazheng Hou; Kaixuan Sun; Qingzhou Wu; Mu Zhu; Zemin Mao; Yu Song; Qiang Gao,2023,SECT: Shifted EEG Channel Transformer for Emotion Recognition,"IEEE J. Biomedical and Health Informatics, 2023, 27(10)",journal,10.1109/JBHI.2023.3301993,https://doi.org/10.1109/JBHI.2023.3301993,none found,NA,yes,DEAP,32,unclear,32,128,music-video clips,dimensional,valence binary,not reported,public,not verified,not verified,not verified,not verified,not verified,not verified,attention/transformer EEG representation learned by shifted channel transformer (input feature details not captured),not verified,unclear,learned attention/transformer features,shifted channel transformer,none,none,no,no,not verified,yes,LOSO,not verified,none,not verified,unclear,accuracy,66.83,not reported,not reported,unclear,not verified,not verified,not verified,yes,mean,A (inductive),none (inductive),some-concerns,"abstract: subject-independent SEED 85.43 (3-cls), DEAP valence 66.83 (2-cls); also own hearing-impaired set",,no,yes,no,verified-from-abstract(author-stated CS),2026-06-26 full-text abstract/tables (careful batch 2)
EEG-0112,Sheng Dai; Ming Li; Xu Wu; Xiangyu Ju; Xinyu Li; Jun Yang; Dewen Hu,2024,Contrastive Learning of EEG Representation of Brain Area for Emotion Recognition (CLRA),"IEEE Trans. Instrumentation and Measurement, 2025",journal,10.1109/TIM.2025.3533618,https://doi.org/10.1109/tim.2025.3533618,none found,NA,yes,DEAP,32,unclear,32,128,music-video clips,dimensional,binary V/A,not reported,public,not verified,not verified,not verified,not verified,not verified,not verified,"self-supervised or contrastive EEG representation learned by contrastive (CNN+RNN, brain-area) (input feature details not captured)",not verified,unclear,learned self-supervised/contrastive features,"contrastive (CNN+RNN, brain-area)",none,none,no,no,not verified,yes,LOSO,not verified,none,not verified,unclear,accuracy,95.23,not reported,not reported,unclear,not verified,not verified,not verified,yes,mean,A (inductive),leakage-suspect (near-ceiling CS on DEAP/SEED),high,"abstract: cross-subject DEAP valence 95.23/arousal 96.31, SEED 95.16 -- implausibly high for DEAP CS","DEAP CS ~95% implausible -> suspect exhibit, not pooled",no,yes,yes,verified-from-abstract(author-stated CS),2026-06-26 full-text abstract/tables (careful batch 2)
EEG-0112,Sheng Dai; Ming Li; Xu Wu; Xiangyu Ju; Xinyu Li; Jun Yang; Dewen Hu,2024,Contrastive Learning of EEG Representation of Brain Area for Emotion Recognition (CLRA),"IEEE Trans. Instrumentation and Measurement, 2025",journal,10.1109/TIM.2025.3533618,https://doi.org/10.1109/tim.2025.3533618,none found,NA,yes,SEED,15,unclear,62,200,film clips,discrete-3class,pos/neu/neg,not reported,public,not verified,not verified,not verified,not verified,not verified,not verified,"self-supervised or contrastive EEG representation learned by contrastive (CNN+RNN, brain-area) (input feature details not captured)",not verified,unclear,learned self-supervised/contrastive features,"contrastive (CNN+RNN, brain-area)",none,none,no,no,not verified,yes,LOSO,not verified,none,not verified,unclear,accuracy,95.16,not reported,not reported,unclear,not verified,not verified,not verified,yes,mean,A (inductive),leakage-suspect (near-ceiling CS on DEAP/SEED),high,"abstract: cross-subject DEAP valence 95.23/arousal 96.31, SEED 95.16 -- implausibly high for DEAP CS","DEAP CS ~95% implausible -> suspect exhibit, not pooled",no,yes,no,verified-from-abstract(author-stated CS),2026-06-26 full-text abstract/tables (careful batch 2)
EEG-0113,Lu Zhang; Hanwen Shi; Ziyi Li; Wei-Long Zheng; Bao-Liang Lu,2025,Multi-View Self-Supervised Domain Adaptation for EEG-Based Emotion Recognition,"IEEE Trans. Affective Computing, 2025",journal,10.1109/TAFFC.2025.3574868,https://doi.org/10.1109/taffc.2025.3574868,none found,NA,yes,SEED,15,unclear,62,200,film clips,discrete-3class,pos/neu/neg,not reported,public,not verified,not verified,not verified,not verified,not verified,not verified,self-supervised or contrastive EEG representation learned by multi-view self-supervised DA (input feature details not captured),not verified,unclear,learned self-supervised/contrastive features,multi-view self-supervised DA,self-supervised + DA (90 target samples),none,yes,yes,not verified,yes,LOSO,not verified,none,not verified,unclear,accuracy,69.72,not reported,not reported,unclear,not verified,not verified,not verified,yes,mean,F (few-shot/target-label),few-shot target usage (90 samples),some-concerns,"abstract: subject-independent SEED 69.72, SEED-IV 62.87 using only 90 target samples",low-data few-shot regime -> honest lower numbers; not pooled (different protocol),no,yes,yes,verified-from-abstract(author-stated CS),2026-06-26 full-text abstract/tables (careful batch 2)
EEG-0113,Lu Zhang; Hanwen Shi; Ziyi Li; Wei-Long Zheng; Bao-Liang Lu,2025,Multi-View Self-Supervised Domain Adaptation for EEG-Based Emotion Recognition,"IEEE Trans. Affective Computing, 2025",journal,10.1109/TAFFC.2025.3574868,https://doi.org/10.1109/taffc.2025.3574868,none found,NA,yes,SEED-IV,15,unclear,62,200,movie clips,discrete-4class,happy/sad/fear/neu,not reported,public,not verified,not verified,not verified,not verified,not verified,not verified,self-supervised or contrastive EEG representation learned by multi-view self-supervised DA (input feature details not captured),not verified,unclear,learned self-supervised/contrastive features,multi-view self-supervised DA,self-supervised + DA (90 target samples),none,yes,yes,not verified,yes,LOSO,not verified,none,not verified,unclear,accuracy,62.87,not reported,not reported,unclear,not verified,not verified,not verified,yes,mean,F (few-shot/target-label),few-shot target usage (90 samples),some-concerns,"abstract: subject-independent SEED 69.72, SEED-IV 62.87 using only 90 target samples",low-data few-shot regime -> honest lower numbers; not pooled (different protocol),no,yes,no,verified-from-abstract(author-stated CS),2026-06-26 full-text abstract/tables (careful batch 2)
EEG-0114,Raghu Gangolu; K.V. Kadambari,2025,An Interpretable Deep Learning Model for EEG Emotion Recognition Using the Rashomon Effect (Rashomon-GNN),"Biomedical Signal Processing and Control, 2026",journal,10.1016/j.bspc.2026.110140,https://doi.org/10.1016/j.bspc.2026.110140,none found,NA,yes,DEAP,32,unclear,32,128,music-video clips,dimensional,V/A/D binary,not reported,public,not verified,not verified,not verified,not verified,not verified,not verified,graph/spatial EEG representation learned by Rashomon-set graph neural networks (input feature details not captured),not verified,unclear,graph/deep spatial features,Rashomon-set graph neural networks,none,none,no,no,not verified,yes,LOSO,not verified,none,not verified,unclear,F1,91.96,not reported,not reported,unclear,not verified,not verified,not verified,yes,mean,A (inductive),leakage-suspect (near-ceiling LOSO F1 on DEAP),high,"abstract: DEAP LOSO F1 arousal 90.52, valence 91.96, dominance 92.20 -- metric is F1 not accuracy; high",metric=F1 (not accuracy) + near-ceiling -> excluded from accuracy meta,no,yes,yes,verified-from-abstract(author-stated CS),2026-06-26 full-text abstract/tables (careful batch 2)
EEG-0115,Yucel Cimtay; Erhan Ekmekcioglu,2020,Subject-Independent EEG Emotion Recognition Using Pretrained CNN Architectures on Raw EEG,"Sensors, 2020, 20(7):2034",journal,10.3390/s20072034,https://doi.org/10.3390/s20072034,none found,NA,yes,SEED,15,unclear,62,200,film clips,discrete-3class,pos/neu/neg,not reported,public,not verified,not verified,not verified,not verified,not verified,not verified,self-supervised or contrastive EEG representation learned by pretrained CNN (raw EEG) (input feature details not captured),not verified,unclear,learned self-supervised/contrastive features,pretrained CNN (raw EEG),none,none,no,no,not verified,yes,LOSO,not verified,none,not verified,unclear,accuracy,78.34,not reported,not reported,unclear,not verified,not verified,not verified,yes,mean,A (inductive),none (inductive),some-concerns,"abstract: mean cross-subject SEED 78.34 (3-cls)/86.56 (2-cls), DEAP 72.81 (2-cls), LUMED 81.8 (2-cls)",,no,yes,yes,verified-from-abstract(author-stated CS),2026-06-26 full-text abstract/tables (careful batch 2)
EEG-0115,Yucel Cimtay; Erhan Ekmekcioglu,2020,Subject-Independent EEG Emotion Recognition Using Pretrained CNN Architectures on Raw EEG,"Sensors, 2020, 20(7):2034",journal,10.3390/s20072034,https://doi.org/10.3390/s20072034,none found,NA,yes,DEAP,32,unclear,32,128,music-video clips,dimensional,binary (2-cls),not reported,public,not verified,not verified,not verified,not verified,not verified,not verified,self-supervised or contrastive EEG representation learned by pretrained CNN (raw EEG) (input feature details not captured),not verified,unclear,learned self-supervised/contrastive features,pretrained CNN (raw EEG),none,none,no,no,not verified,yes,LOSO,not verified,none,not verified,unclear,accuracy,72.81,not reported,not reported,unclear,not verified,not verified,not verified,yes,mean,A (inductive),none (inductive),some-concerns,"abstract: mean cross-subject SEED 78.34 (3-cls)/86.56 (2-cls), DEAP 72.81 (2-cls), LUMED 81.8 (2-cls)",,no,yes,no,verified-from-abstract(author-stated CS),2026-06-26 full-text abstract/tables (careful batch 2)
EEG-0116,Yindong Dong; Fuji Ren,2020,Multi-Reservoirs EEG Signal Feature Sensing and Recognition Based on Generative Adversarial Networks,"Computer Communications, 2020, 164:177-184",journal,10.1016/j.comcom.2020.10.004,https://doi.org/10.1016/j.comcom.2020.10.004,none found,NA,yes,DEAP,32,unclear,32,128,music-video clips,dimensional,4-class (V/A quadrant),not reported,public,not verified,not verified,not verified,not verified,not verified,not verified,domain-aligned or transfer-learned EEG representation learned by multi-reservoir + GAN (exact signal features not captured),not verified,unclear,domain-adaptation/transfer-learned features,multi-reservoir + GAN,none,none,no,no,not verified,yes,LOSO,not verified,none,not verified,unclear,accuracy,54.87,not reported,not reported,unclear,not verified,not verified,not verified,yes,mean,A (inductive),none (inductive),some-concerns,abstract: DEAP LOSO 4-class 54.87 (SAP 81.32 = subject-dependent),honest low LOSO 4-class number,no,yes,yes,verified-from-abstract(author-stated CS),2026-06-26 full-text abstract/tables (careful batch 2)
EEG-0117,(not verified),2024,Exploring PCA and CNN for Subject-Independent EEG Emotion Recognition (PCA-CNN),(journal; venue to confirm),journal,NA,not verified,none found,NA,yes,DEAP,32,unclear,32,128,music-video clips,dimensional,arousal binary,not reported,public,not verified,not verified,not verified,not verified,not verified,not verified,learned EEG representation from PCA + CNN (exact input features not captured),not verified,unclear,learned deep EEG features,PCA + CNN,none,none,no,no,not verified,yes,LOSO,not verified,none,not verified,unclear,accuracy,81.4,0.32,not reported,unclear,not verified,not verified,not verified,yes,mean,A (inductive),"leakage-suspect (cross-fold SD ~0.3%, not subject-level)",high,"abstract: subject-independent DEAP arousal 81.40/0.32, valence 79.84/0.52 -- SD ~0.3% implies fold-CV not LOSO",tiny SD suggests not genuine LOSO subject variance -> not pooled,no,yes,yes,verified-from-abstract(author-stated CS),2026-06-26 full-text abstract/tables (careful batch 2)
EEG-0118,Fazheng Hou; Wei Meng; Li Ma; Kun Chen; Qingsong Ai; Quan Liu; Sheng Q. Xie,2024,MECAM: Multi-Axis EEG Channel Attention Model for Emotion Recognition,"IEEE Trans. Instrumentation and Measurement, 2024",journal,10.1109/TIM.2024.3428607,https://doi.org/10.1109/tim.2024.3428607,none found,NA,yes,DEAP,32,unclear,32,128,music-video clips,dimensional,4-class,not reported,public,not verified,not verified,not verified,not verified,not verified,not verified,attention/transformer EEG representation learned by multi-axis channel attention (input feature details not captured),not verified,unclear,learned attention/transformer features,multi-axis channel attention,none,none,no,no,not verified,yes,LOSO,not verified,none,not verified,unclear,accuracy,86.64,not reported,not reported,unclear,not verified,not verified,not verified,yes,mean,A (inductive),leakage-suspect (subject-independent >90% on most tasks),high,"abstract: subject-independent most tasks >90%, DEAP quaternary 86.64 -- implausibly high for CS","near-ceiling CS -> suspect, not pooled",no,yes,yes,verified-from-abstract(author-stated CS),2026-06-26 full-text abstract/tables (careful batch 2)
EEG-0119,Lei Zhu; Wangpan Ding; Jieping Zhu; Ping Xu; Yian Liu; Ming Yan; Jianhai Zhang,2022,Multisource Wasserstein Adaptation Coding Network for EEG Emotion Recognition (MWACN),"Biomedical Signal Processing and Control, 2022, 76:103687",journal,10.1016/j.bspc.2022.103687,https://doi.org/10.1016/j.bspc.2022.103687,none found,NA,yes,SEED,15,unclear,62,200,film clips,discrete-3class,pos/neu/neg,not reported,public,not verified,not verified,not verified,not verified,not verified,not verified,domain-aligned or transfer-learned EEG representation learned by multisource Wasserstein adaptation (exact signal features not captured),not verified,unclear,domain-adaptation/transfer-learned features,multisource Wasserstein adaptation,multisource Wasserstein DA,none,yes,no,not verified,yes,LOSO,not verified,none,not verified,unclear,accuracy,87.59,not reported,not reported,unclear,not verified,not verified,not verified,yes,mean,B (transductive-UDA),none (transductive disclosed),some-concerns,"abstract: cross-subject SEED 87.59, SEED-IV 74.38; SD not in abstract",,no,yes,yes,verified-from-abstract(author-stated CS),2026-06-26 full-text abstract/tables (careful batch 2)
EEG-0119,Lei Zhu; Wangpan Ding; Jieping Zhu; Ping Xu; Yian Liu; Ming Yan; Jianhai Zhang,2022,Multisource Wasserstein Adaptation Coding Network for EEG Emotion Recognition (MWACN),"Biomedical Signal Processing and Control, 2022, 76:103687",journal,10.1016/j.bspc.2022.103687,https://doi.org/10.1016/j.bspc.2022.103687,none found,NA,yes,SEED-IV,15,unclear,62,200,movie clips,discrete-4class,happy/sad/fear/neu,not reported,public,not verified,not verified,not verified,not verified,not verified,not verified,domain-aligned or transfer-learned EEG representation learned by multisource Wasserstein adaptation (exact signal features not captured),not verified,unclear,domain-adaptation/transfer-learned features,multisource Wasserstein adaptation,multisource Wasserstein DA,none,yes,no,not verified,yes,LOSO,not verified,none,not verified,unclear,accuracy,74.38,not reported,not reported,unclear,not verified,not verified,not verified,yes,mean,B (transductive-UDA),none (transductive disclosed),some-concerns,"abstract: cross-subject SEED 87.59, SEED-IV 74.38; SD not in abstract",,no,yes,no,verified-from-abstract(author-stated CS),2026-06-26 full-text abstract/tables (careful batch 2)
EEG-0120,Qingshan She; Chenqi Zhang; Feng Fang; Yuliang Ma; Yingchun Zhang,2022,Multisource Associate Domain Adaptation for Cross-Subject and Cross-Session EEG Emotion Recognition (MS-ADA),"IEEE Trans. Instrumentation and Measurement, 2023",journal,10.1109/TIM.2023.3277985,https://doi.org/10.1109/tim.2023.3277985,none found,NA,yes,SEED,15,unclear,62,200,film clips,discrete-3class,pos/neu/neg,not reported,public,not verified,not verified,not verified,not verified,not verified,not verified,domain-aligned or transfer-learned EEG representation learned by multisource associate DA (exact signal features not captured),not verified,unclear,domain-adaptation/transfer-learned features,multisource associate DA,one-to-one associate DA (multi-source),none,yes,no,not verified,yes,LOSO,not verified,none,not verified,unclear,accuracy,86.16,not reported,not reported,unclear,not verified,not verified,not verified,yes,mean,B (transductive-UDA),none (transductive disclosed),some-concerns,"abstract: cross-subject SEED 86.16, DEAP 65.59, SEED-IV 59.29; SD not in abstract",,no,yes,yes,verified-from-abstract(author-stated CS),2026-06-26 full-text abstract/tables (careful batch 2)
EEG-0120,Qingshan She; Chenqi Zhang; Feng Fang; Yuliang Ma; Yingchun Zhang,2022,Multisource Associate Domain Adaptation for Cross-Subject and Cross-Session EEG Emotion Recognition (MS-ADA),"IEEE Trans. Instrumentation and Measurement, 2023",journal,10.1109/TIM.2023.3277985,https://doi.org/10.1109/tim.2023.3277985,none found,NA,yes,SEED-IV,15,unclear,62,200,movie clips,discrete-4class,happy/sad/fear/neu,not reported,public,not verified,not verified,not verified,not verified,not verified,not verified,domain-aligned or transfer-learned EEG representation learned by multisource associate DA (exact signal features not captured),not verified,unclear,domain-adaptation/transfer-learned features,multisource associate DA,one-to-one associate DA (multi-source),none,yes,no,not verified,yes,LOSO,not verified,none,not verified,unclear,accuracy,59.29,not reported,not reported,unclear,not verified,not verified,not verified,yes,mean,B (transductive-UDA),none (transductive disclosed),some-concerns,"abstract: cross-subject SEED 86.16, DEAP 65.59, SEED-IV 59.29; SD not in abstract",,no,yes,no,verified-from-abstract(author-stated CS),2026-06-26 full-text abstract/tables (careful batch 2)
EEG-0120,Qingshan She; Chenqi Zhang; Feng Fang; Yuliang Ma; Yingchun Zhang,2022,Multisource Associate Domain Adaptation for Cross-Subject and Cross-Session EEG Emotion Recognition (MS-ADA),"IEEE Trans. Instrumentation and Measurement, 2023",journal,10.1109/TIM.2023.3277985,https://doi.org/10.1109/tim.2023.3277985,none found,NA,yes,DEAP,32,unclear,32,128,music-video clips,dimensional,binary V/A,not reported,public,not verified,not verified,not verified,not verified,not verified,not verified,domain-aligned or transfer-learned EEG representation learned by multisource associate DA (exact signal features not captured),not verified,unclear,domain-adaptation/transfer-learned features,multisource associate DA,one-to-one associate DA (multi-source),none,yes,no,not verified,yes,LOSO,not verified,none,not verified,unclear,accuracy,65.59,not reported,not reported,unclear,not verified,not verified,not verified,yes,mean,B (transductive-UDA),none (transductive disclosed),some-concerns,"abstract: cross-subject SEED 86.16, DEAP 65.59, SEED-IV 59.29; SD not in abstract",,no,yes,no,verified-from-abstract(author-stated CS),2026-06-26 full-text abstract/tables (careful batch 2)
EEG-0121,Zhongli Bai; Zeyu Li; Zhiwei Li; Yu Song; Qiang Gao; Zemin Mao,2023,Domain Adaptive Emotion Recognition Based on Horizontal-Vertical Flow Representation,"IEEE Access, 2023",journal,10.1109/ACCESS.2023.3270977,https://doi.org/10.1109/ACCESS.2023.3270977,none found,NA,yes,SEED,15,unclear,62,200,film clips,discrete-3class,pos/neu/neg,not reported,public,not verified,not verified,not verified,not verified,not verified,not verified,learned EEG representation from BiLSTM (HV diffusion) + DA (exact input features not captured),not verified,unclear,learned deep EEG features,BiLSTM (HV diffusion) + DA,horizontal-vertical flow + DA,none,yes,no,not verified,yes,LOSO,not verified,none,not verified,unclear,accuracy,84.22,not reported,not reported,unclear,not verified,not verified,not verified,yes,mean,B (transductive-UDA),none (transductive disclosed),some-concerns,abstract: cross-subject SEED 84.22 (subject-dependent 93.99); also own hearing-impaired set,,no,yes,yes,verified-from-abstract(author-stated CS),2026-06-26 full-text abstract/tables (careful batch 2)
EEG-0122,"Zhu, Wang, Chen",2024,A contrastive learning model of attentional enhancement for EEG cross-subject emotion recognition (CLAE),Biomed. Signal Process. Control,journal,10.1016/j.bspc.2025.108372,https://doi.org/10.1016/j.bspc.2025.108372,none found,NA,yes,SEED,15,unclear,62,200,film clips,discrete-3class,pos/neu/neg,not reported,public,not verified,not verified,not verified,not verified,not verified,not verified,differential entropy (DE) or entropy EEG features (band/window details not captured),not verified,unclear,handcrafted-DE/entropy,contrastive learning (CNN+attention) + DE,cross-subject contrastive (same-stimulus alignment),none,unclear,no,not verified,yes,cross-subject (held-out subjects),not verified,none,not verified,unclear,accuracy,89.61,not reported,not reported,unclear,not verified,not verified,not verified,yes,mean,"B (transductive-leaning; contrastive cross-subject, target use unclear)",none disclosed; target-use ambiguous,some-concerns,abstract: SEED 3-class CS 89.61 (F1 89.36); Table 4 THU-EP 9-class CLAE 50.86/6.34 vs CLISA 46.32,SEED CS 89.61 has no SD; contrastive uses other subjects under same stimulus (target-domain use not stated),no,yes,yes,verified-from-full-text-table (pdftotext results table read directly),2026-06-26 results table read directly (full-census batch 3)
EEG-0122,"Zhu, Wang, Chen",2024,A contrastive learning model of attentional enhancement for EEG cross-subject emotion recognition (CLAE),Biomed. Signal Process. Control,journal,10.1016/j.bspc.2025.108372,https://doi.org/10.1016/j.bspc.2025.108372,none found,NA,yes,THU-EP,not verified,unclear,not verified,not verified,not verified,discrete-9class,9 emotions,not reported,public,not verified,not verified,not verified,not verified,not verified,not verified,differential entropy (DE) or entropy EEG features (band/window details not captured),not verified,unclear,handcrafted-DE/entropy,contrastive learning (CNN+attention) + DE,cross-subject contrastive (same-stimulus alignment),none,unclear,no,not verified,yes,cross-subject (held-out subjects),not verified,none,not verified,unclear,accuracy,50.86,6.34,not reported,unclear,not verified,not verified,not verified,yes,mean,"B (transductive-leaning; contrastive cross-subject, target use unclear)",none disclosed; target-use ambiguous,some-concerns,abstract: SEED 3-class CS 89.61 (F1 89.36); Table 4 THU-EP 9-class CLAE 50.86/6.34 vs CLISA 46.32,SEED CS 89.61 has no SD; contrastive uses other subjects under same stimulus (target-domain use not stated),no,yes,no,verified-from-full-text-table (pdftotext results table read directly),2026-06-26 results table read directly (full-census batch 3)
EEG-0123,"Zhang, Li, Chang, Liu, Qin, Xie, Wang, Gao, Wu",2024,A coupling of common-private topological patterns learning approach for cross-subject emotion recognition (CPT-LS),Biomed. Signal Process. Control,journal,10.1016/j.bspc.2025.107550,https://doi.org/10.1016/j.bspc.2025.107550,none found,NA,yes,SEED,15,unclear,62,200,film clips,discrete-3class,pos/neu/neg,not reported,public,not verified,not verified,not verified,not verified,not verified,not verified,common-private topological EEG pattern representation (exact extraction details not captured),not verified,unclear,topological EEG pattern features,common-private topological (GNGAM + SSO),none (inductive),none,no,no,not verified,yes,"LOSO (per session, avg of 3 sessions)",not verified,none,not verified,unclear,accuracy,87.7,6.15,not reported,unclear,mean+-SD across folds,not verified,not verified,yes,mean,A (inductive),none (inductive LOSO),some-concerns,"L866 LOSO each session avg 3; L1171/1232 proposed SEED 87.70/6.15, SEED-IV 78.83, DEAP A 70.60 V 73.05",SEED-IV/DEAP SD not cleanly isolated in text; only SEED SD (6.15) used for meta,yes,yes,yes,verified-from-full-text-table (pdftotext results table read directly),2026-06-26 results table read directly (full-census batch 3)
EEG-0123,"Zhang, Li, Chang, Liu, Qin, Xie, Wang, Gao, Wu",2024,A coupling of common-private topological patterns learning approach for cross-subject emotion recognition (CPT-LS),Biomed. Signal Process. Control,journal,10.1016/j.bspc.2025.107550,https://doi.org/10.1016/j.bspc.2025.107550,none found,NA,yes,SEED-IV,15,unclear,62,200,movie clips,discrete-4class,happy/sad/fear/neu,not reported,public,not verified,not verified,not verified,not verified,not verified,not verified,common-private topological EEG pattern representation (exact extraction details not captured),not verified,unclear,topological EEG pattern features,common-private topological (GNGAM + SSO),none (inductive),none,no,no,not verified,yes,"LOSO (per session, avg of 3 sessions)",not verified,none,not verified,unclear,accuracy,78.83,not reported,not reported,unclear,mean+-SD across folds,not verified,not verified,yes,mean,A (inductive),none (inductive LOSO),some-concerns,"L866 LOSO each session avg 3; L1171/1232 proposed SEED 87.70/6.15, SEED-IV 78.83, DEAP A 70.60 V 73.05",SEED-IV/DEAP SD not cleanly isolated in text; only SEED SD (6.15) used for meta,no,yes,no,verified-from-full-text-table (pdftotext results table read directly),2026-06-26 results table read directly (full-census batch 3)
EEG-0123,"Zhang, Li, Chang, Liu, Qin, Xie, Wang, Gao, Wu",2024,A coupling of common-private topological patterns learning approach for cross-subject emotion recognition (CPT-LS),Biomed. Signal Process. Control,journal,10.1016/j.bspc.2025.107550,https://doi.org/10.1016/j.bspc.2025.107550,none found,NA,yes,DEAP,32,unclear,32,128,music-video clips,dimensional-arousal,high/low arousal,not reported,public,not verified,not verified,not verified,not verified,not verified,not verified,common-private topological EEG pattern representation (exact extraction details not captured),not verified,unclear,topological EEG pattern features,common-private topological (GNGAM + SSO),none (inductive),none,no,no,not verified,yes,"LOSO (per session, avg of 3 sessions)",not verified,none,not verified,unclear,accuracy,70.6,not reported,not reported,unclear,mean+-SD across folds,not verified,not verified,yes,mean,A (inductive),none (inductive LOSO),some-concerns,"L866 LOSO each session avg 3; L1171/1232 proposed SEED 87.70/6.15, SEED-IV 78.83, DEAP A 70.60 V 73.05",SEED-IV/DEAP SD not cleanly isolated in text; only SEED SD (6.15) used for meta,no,yes,no,verified-from-full-text-table (pdftotext results table read directly),2026-06-26 results table read directly (full-census batch 3)
EEG-0123,"Zhang, Li, Chang, Liu, Qin, Xie, Wang, Gao, Wu",2024,A coupling of common-private topological patterns learning approach for cross-subject emotion recognition (CPT-LS),Biomed. Signal Process. Control,journal,10.1016/j.bspc.2025.107550,https://doi.org/10.1016/j.bspc.2025.107550,none found,NA,yes,DEAP,32,unclear,32,128,music-video clips,dimensional-valence,high/low valence,not reported,public,not verified,not verified,not verified,not verified,not verified,not verified,common-private topological EEG pattern representation (exact extraction details not captured),not verified,unclear,topological EEG pattern features,common-private topological (GNGAM + SSO),none (inductive),none,no,no,not verified,yes,"LOSO (per session, avg of 3 sessions)",not verified,none,not verified,unclear,accuracy,73.05,not reported,not reported,unclear,mean+-SD across folds,not verified,not verified,yes,mean,A (inductive),none (inductive LOSO),some-concerns,"L866 LOSO each session avg 3; L1171/1232 proposed SEED 87.70/6.15, SEED-IV 78.83, DEAP A 70.60 V 73.05",SEED-IV/DEAP SD not cleanly isolated in text; only SEED SD (6.15) used for meta,no,yes,no,verified-from-full-text-table (pdftotext results table read directly),2026-06-26 results table read directly (full-census batch 3)
EEG-0124,"Feng, Huo, Kong, Cheng",2025,A dual-branch multiscale model based on Bi-Mamba for EEG emotion recognition (DBM-BiMamba),Biomedical Signal Processing and Control,journal,10.1016/j.bspc.2026.109623,https://doi.org/10.1016/j.bspc.2026.109623,none found,NA,yes,SEED,15,unclear,62,200,film clips,discrete-3class,pos/neu/neg,not reported,public,not verified,not verified,not verified,not verified,not verified,not verified,attention/transformer EEG representation learned by dual-branch multiscale Bi-Mamba (state-space) (input feature details not captured),not verified,unclear,learned attention/transformer features,dual-branch multiscale Bi-Mamba (state-space),none stated,none,unclear,unclear,not verified,claimed,ten-fold cross-validation (labelled 'subject-independent'),not verified,none,not verified,unclear,accuracy,94.77,not reported,not reported,unclear,not verified,not verified,not verified,yes,mean,ambiguous (ten-fold 'subject-independent'; likely segment-level CV),protocol-ambiguity; possible segment/sample-level CV leakage,high,abstract: 'ten-fold subject-independent cross-validation' DEAP-A 95.55 DEAP-V 95.02 SEED 94.77 SEED-IV 89.68,DEAP ~95% under a true LOSO protocol is implausible (field LOSO DEAP ~60-70%); 'ten-fold subject-independent' is internally contradictory -> flagged as near-ceiling leakage suspect; methods not yet confirmed from PDF,no,yes,yes,verified-from-full-text-table (pdftotext results table read directly),2026-06-26 results table read directly (full-census batch 3)
EEG-0124,"Feng, Huo, Kong, Cheng",2025,A dual-branch multiscale model based on Bi-Mamba for EEG emotion recognition (DBM-BiMamba),Biomedical Signal Processing and Control,journal,10.1016/j.bspc.2026.109623,https://doi.org/10.1016/j.bspc.2026.109623,none found,NA,yes,SEED-IV,15,unclear,62,200,movie clips,discrete-4class,happy/sad/fear/neu,not reported,public,not verified,not verified,not verified,not verified,not verified,not verified,attention/transformer EEG representation learned by dual-branch multiscale Bi-Mamba (state-space) (input feature details not captured),not verified,unclear,learned attention/transformer features,dual-branch multiscale Bi-Mamba (state-space),none stated,none,unclear,unclear,not verified,claimed,ten-fold cross-validation (labelled 'subject-independent'),not verified,none,not verified,unclear,accuracy,89.68,not reported,not reported,unclear,not verified,not verified,not verified,yes,mean,ambiguous (ten-fold 'subject-independent'; likely segment-level CV),protocol-ambiguity; possible segment/sample-level CV leakage,high,abstract: 'ten-fold subject-independent cross-validation' DEAP-A 95.55 DEAP-V 95.02 SEED 94.77 SEED-IV 89.68,DEAP ~95% under a true LOSO protocol is implausible (field LOSO DEAP ~60-70%); 'ten-fold subject-independent' is internally contradictory -> flagged as near-ceiling leakage suspect; methods not yet confirmed from PDF,no,yes,no,verified-from-full-text-table (pdftotext results table read directly),2026-06-26 results table read directly (full-census batch 3)
EEG-0124,"Feng, Huo, Kong, Cheng",2025,A dual-branch multiscale model based on Bi-Mamba for EEG emotion recognition (DBM-BiMamba),Biomedical Signal Processing and Control,journal,10.1016/j.bspc.2026.109623,https://doi.org/10.1016/j.bspc.2026.109623,none found,NA,yes,DEAP,32,unclear,32,128,music-video clips,dimensional-arousal,high/low arousal,not reported,public,not verified,not verified,not verified,not verified,not verified,not verified,attention/transformer EEG representation learned by dual-branch multiscale Bi-Mamba (state-space) (input feature details not captured),not verified,unclear,learned attention/transformer features,dual-branch multiscale Bi-Mamba (state-space),none stated,none,unclear,unclear,not verified,claimed,ten-fold cross-validation (labelled 'subject-independent'),not verified,none,not verified,unclear,accuracy,95.55,not reported,not reported,unclear,not verified,not verified,not verified,yes,mean,ambiguous (ten-fold 'subject-independent'; likely segment-level CV),protocol-ambiguity; possible segment/sample-level CV leakage,high,abstract: 'ten-fold subject-independent cross-validation' DEAP-A 95.55 DEAP-V 95.02 SEED 94.77 SEED-IV 89.68,DEAP ~95% under a true LOSO protocol is implausible (field LOSO DEAP ~60-70%); 'ten-fold subject-independent' is internally contradictory -> flagged as near-ceiling leakage suspect; methods not yet confirmed from PDF,no,yes,no,verified-from-full-text-table (pdftotext results table read directly),2026-06-26 results table read directly (full-census batch 3)
EEG-0124,"Feng, Huo, Kong, Cheng",2025,A dual-branch multiscale model based on Bi-Mamba for EEG emotion recognition (DBM-BiMamba),Biomedical Signal Processing and Control,journal,10.1016/j.bspc.2026.109623,https://doi.org/10.1016/j.bspc.2026.109623,none found,NA,yes,DEAP,32,unclear,32,128,music-video clips,dimensional-valence,high/low valence,not reported,public,not verified,not verified,not verified,not verified,not verified,not verified,attention/transformer EEG representation learned by dual-branch multiscale Bi-Mamba (state-space) (input feature details not captured),not verified,unclear,learned attention/transformer features,dual-branch multiscale Bi-Mamba (state-space),none stated,none,unclear,unclear,not verified,claimed,ten-fold cross-validation (labelled 'subject-independent'),not verified,none,not verified,unclear,accuracy,95.02,not reported,not reported,unclear,not verified,not verified,not verified,yes,mean,ambiguous (ten-fold 'subject-independent'; likely segment-level CV),protocol-ambiguity; possible segment/sample-level CV leakage,high,abstract: 'ten-fold subject-independent cross-validation' DEAP-A 95.55 DEAP-V 95.02 SEED 94.77 SEED-IV 89.68,DEAP ~95% under a true LOSO protocol is implausible (field LOSO DEAP ~60-70%); 'ten-fold subject-independent' is internally contradictory -> flagged as near-ceiling leakage suspect; methods not yet confirmed from PDF,no,yes,no,verified-from-full-text-table (pdftotext results table read directly),2026-06-26 results table read directly (full-census batch 3)
EEG-0125,"Ouyang, Liang, Sun, Zhang, Chen, Liu, Liu, Liu",2025,A dual-branch self-supervised contrastive learning framework for emotion recognition based on time-frequency fusion,Applied Soft Computing,journal,10.1016/j.asoc.2025.113958,https://doi.org/10.1016/j.asoc.2025.113958,none found,NA,yes,SEED,15,unclear,62,200,film clips,discrete-3class,pos/neu/neg,not reported,public,not verified,not verified,not verified,not verified,not verified,not verified,time-frequency / wavelet EEG representation (parameters not captured),not verified,unclear,time-frequency/wavelet features,self-supervised contrastive (MoCo) + time-frequency fusion,self-supervised pretrain + fine-tune,none,yes (fine-tune),unclear (fine-tuning stage),not verified,claimed,claimed leave-one-subject; pretrain+fine-tune,not verified,none,not verified,unclear,accuracy,84.39,0.35,"[83.96,84.83]",unclear,mean+-SD + 95% CI (over runs),not verified,not verified,yes,mean,ambiguous (pretrain+fine-tune; SD over runs not subjects),protocol-ambiguity; fine-tuning target use unclear,high,"text: SEED 84.39%±0.35 [83.96,84.83]; DEAP-V 89.01%±0.24; DEAP-A 79.75%±0.23; training table shows Fine-tuning stage",tiny SD (+-0.24..0.35) indicates SD over runs not over subjects -> not comparable to LOSO subject-SD; DEAP-V 89.01 high; excluded from meta,no,yes,yes,verified-from-full-text-table (pdftotext results table read directly),2026-06-26 results table read directly (full-census batch 3)
EEG-0125,"Ouyang, Liang, Sun, Zhang, Chen, Liu, Liu, Liu",2025,A dual-branch self-supervised contrastive learning framework for emotion recognition based on time-frequency fusion,Applied Soft Computing,journal,10.1016/j.asoc.2025.113958,https://doi.org/10.1016/j.asoc.2025.113958,none found,NA,yes,DEAP,32,unclear,32,128,music-video clips,dimensional-valence,high/low valence,not reported,public,not verified,not verified,not verified,not verified,not verified,not verified,time-frequency / wavelet EEG representation (parameters not captured),not verified,unclear,time-frequency/wavelet features,self-supervised contrastive (MoCo) + time-frequency fusion,self-supervised pretrain + fine-tune,none,yes (fine-tune),unclear (fine-tuning stage),not verified,claimed,claimed leave-one-subject; pretrain+fine-tune,not verified,none,not verified,unclear,accuracy,89.01,0.24,95% CI reported,unclear,mean+-SD + 95% CI (over runs),not verified,not verified,yes,mean,ambiguous (pretrain+fine-tune; SD over runs not subjects),protocol-ambiguity; fine-tuning target use unclear,high,"text: SEED 84.39%±0.35 [83.96,84.83]; DEAP-V 89.01%±0.24; DEAP-A 79.75%±0.23; training table shows Fine-tuning stage",tiny SD (+-0.24..0.35) indicates SD over runs not over subjects -> not comparable to LOSO subject-SD; DEAP-V 89.01 high; excluded from meta,no,yes,no,verified-from-full-text-table (pdftotext results table read directly),2026-06-26 results table read directly (full-census batch 3)
EEG-0125,"Ouyang, Liang, Sun, Zhang, Chen, Liu, Liu, Liu",2025,A dual-branch self-supervised contrastive learning framework for emotion recognition based on time-frequency fusion,Applied Soft Computing,journal,10.1016/j.asoc.2025.113958,https://doi.org/10.1016/j.asoc.2025.113958,none found,NA,yes,DEAP,32,unclear,32,128,music-video clips,dimensional-arousal,high/low arousal,not reported,public,not verified,not verified,not verified,not verified,not verified,not verified,time-frequency / wavelet EEG representation (parameters not captured),not verified,unclear,time-frequency/wavelet features,self-supervised contrastive (MoCo) + time-frequency fusion,self-supervised pretrain + fine-tune,none,yes (fine-tune),unclear (fine-tuning stage),not verified,claimed,claimed leave-one-subject; pretrain+fine-tune,not verified,none,not verified,unclear,accuracy,79.75,0.23,95% CI reported,unclear,mean+-SD + 95% CI (over runs),not verified,not verified,yes,mean,ambiguous (pretrain+fine-tune; SD over runs not subjects),protocol-ambiguity; fine-tuning target use unclear,high,"text: SEED 84.39%±0.35 [83.96,84.83]; DEAP-V 89.01%±0.24; DEAP-A 79.75%±0.23; training table shows Fine-tuning stage",tiny SD (+-0.24..0.35) indicates SD over runs not over subjects -> not comparable to LOSO subject-SD; DEAP-V 89.01 high; excluded from meta,no,yes,no,verified-from-full-text-table (pdftotext results table read directly),2026-06-26 results table read directly (full-census batch 3)
EEG-0126,"Li, Lee, Duan, Zhou, Xie, Wan, Liu, Li, Yu, Hasan, Song, Wen",2024,A novel AI-driven EEG images emotion recognition generalized classification model for cross-subject analysis (SCTMSA),Advanced Engineering Informatics,journal,10.1016/j.aei.2025.103744,https://doi.org/10.1016/j.aei.2025.103744,none found,NA,yes,SEED-IV,15,unclear,62,200,movie clips,discrete-4class,happy/sad/fear/neu,not reported,public,not verified,not verified,not verified,not verified,not verified,not verified,"attention/transformer EEG representation learned by Siamese cluster transformer (EEG images, shared architecture) (input feature details not captured)",not verified,unclear,learned attention/transformer features,"Siamese cluster transformer (EEG images, shared architecture)",similarity/cluster features,none,unclear,no,not verified,yes,LOSO (per-band),not verified,none,not verified,unclear,accuracy,89.48,not reported,not reported,unclear,per-band acc/std,not verified,not verified,yes,mean,A/B (cross-subject; per-frequency-band; target use unclear),none disclosed; high values flagged,high,text: SEED-IV CS per-band Delta 86.10..Gamma 92.97 avg 89.48; DEAP 84.64; Gamma row 92.66/4.15,SEED-IV cross-subject 89.48 is unusually high vs field (~70-75%); per-band fusion; verify protocol from PDF; excluded from meta pending check,no,yes,yes,verified-from-full-text-table (pdftotext results table read directly),2026-06-26 results table read directly (full-census batch 3)
EEG-0126,"Li, Lee, Duan, Zhou, Xie, Wan, Liu, Li, Yu, Hasan, Song, Wen",2024,A novel AI-driven EEG images emotion recognition generalized classification model for cross-subject analysis (SCTMSA),Advanced Engineering Informatics,journal,10.1016/j.aei.2025.103744,https://doi.org/10.1016/j.aei.2025.103744,none found,NA,yes,DEAP,32,unclear,32,128,music-video clips,dimensional (V/A),binary V/A,not reported,public,not verified,not verified,not verified,not verified,not verified,not verified,"attention/transformer EEG representation learned by Siamese cluster transformer (EEG images, shared architecture) (input feature details not captured)",not verified,unclear,learned attention/transformer features,"Siamese cluster transformer (EEG images, shared architecture)",similarity/cluster features,none,unclear,no,not verified,yes,LOSO (per-band),not verified,none,not verified,unclear,accuracy,84.64,not reported,not reported,unclear,per-band acc/std,not verified,not verified,yes,mean,A/B (cross-subject; per-frequency-band; target use unclear),none disclosed; high values flagged,high,text: SEED-IV CS per-band Delta 86.10..Gamma 92.97 avg 89.48; DEAP 84.64; Gamma row 92.66/4.15,SEED-IV cross-subject 89.48 is unusually high vs field (~70-75%); per-band fusion; verify protocol from PDF; excluded from meta pending check,no,yes,no,verified-from-full-text-table (pdftotext results table read directly),2026-06-26 results table read directly (full-census batch 3)
EEG-0127,"Huang, Cao, Li, Hua",2025,AST-CLNet: EEG emotion recognition based on dual-branch adaptive graph convolution and contrastive learning,Biomed. Signal Process. Control,journal,10.1016/j.bspc.2026.110302,https://doi.org/10.1016/j.bspc.2026.110302,none found,NA,yes,SEED,15,unclear,62,200,film clips,discrete-3class,pos/neu/neg,not reported,public,not verified,not verified,not verified,not verified,not verified,not verified,graph/spatial EEG representation learned by dual-branch adaptive spatiotemporal GCN + contrastive (DE) (input feature details not captured),not verified,unclear,graph/deep spatial features,dual-branch adaptive spatiotemporal GCN + contrastive (DE),"none (cross-subject contrastive, no target)",none,no,no,not verified,yes,LOSO (subject-independent),not verified,none,not verified,unclear,accuracy,87.94,6.97,not reported,unclear,mean+-SD,not verified,not verified,yes,mean,A (inductive),none (inductive LOSO; DEAP-V 64.97 realistic),some-concerns,"Table: independent SEED 87.94/6.97 (intra 99.71/0.45), SEED-IV 82.35/6.04 (intra 97.91/1.49); DEAP-V 64.97, DEAP-A 63.54; baselines RGNN 85.30 BiHDM 85.40",SEED-IV independent 82.35 somewhat high but SD-consistent; DEAP V/A realistic for inductive LOSO,yes,yes,yes,verified-from-full-text-table (pdftotext results table read directly),2026-06-26 results table read directly (full-census batch 3)
EEG-0127,"Huang, Cao, Li, Hua",2025,AST-CLNet: EEG emotion recognition based on dual-branch adaptive graph convolution and contrastive learning,Biomed. Signal Process. Control,journal,10.1016/j.bspc.2026.110302,https://doi.org/10.1016/j.bspc.2026.110302,none found,NA,yes,SEED-IV,15,unclear,62,200,movie clips,discrete-4class,happy/sad/fear/neu,not reported,public,not verified,not verified,not verified,not verified,not verified,not verified,graph/spatial EEG representation learned by dual-branch adaptive spatiotemporal GCN + contrastive (DE) (input feature details not captured),not verified,unclear,graph/deep spatial features,dual-branch adaptive spatiotemporal GCN + contrastive (DE),"none (cross-subject contrastive, no target)",none,no,no,not verified,yes,LOSO (subject-independent),not verified,none,not verified,unclear,accuracy,82.35,6.04,not reported,unclear,mean+-SD,not verified,not verified,yes,mean,A (inductive),none (inductive LOSO; DEAP-V 64.97 realistic),some-concerns,"Table: independent SEED 87.94/6.97 (intra 99.71/0.45), SEED-IV 82.35/6.04 (intra 97.91/1.49); DEAP-V 64.97, DEAP-A 63.54; baselines RGNN 85.30 BiHDM 85.40",SEED-IV independent 82.35 somewhat high but SD-consistent; DEAP V/A realistic for inductive LOSO,yes,yes,no,verified-from-full-text-table (pdftotext results table read directly),2026-06-26 results table read directly (full-census batch 3)
EEG-0127,"Huang, Cao, Li, Hua",2025,AST-CLNet: EEG emotion recognition based on dual-branch adaptive graph convolution and contrastive learning,Biomed. Signal Process. Control,journal,10.1016/j.bspc.2026.110302,https://doi.org/10.1016/j.bspc.2026.110302,none found,NA,yes,DEAP,32,unclear,32,128,music-video clips,dimensional-valence,high/low valence,not reported,public,not verified,not verified,not verified,not verified,not verified,not verified,graph/spatial EEG representation learned by dual-branch adaptive spatiotemporal GCN + contrastive (DE) (input feature details not captured),not verified,unclear,graph/deep spatial features,dual-branch adaptive spatiotemporal GCN + contrastive (DE),"none (cross-subject contrastive, no target)",none,no,no,not verified,yes,LOSO (subject-independent),not verified,none,not verified,unclear,accuracy,64.97,not reported,not reported,unclear,mean+-SD,not verified,not verified,yes,mean,A (inductive),none (inductive LOSO; DEAP-V 64.97 realistic),some-concerns,"Table: independent SEED 87.94/6.97 (intra 99.71/0.45), SEED-IV 82.35/6.04 (intra 97.91/1.49); DEAP-V 64.97, DEAP-A 63.54; baselines RGNN 85.30 BiHDM 85.40",SEED-IV independent 82.35 somewhat high but SD-consistent; DEAP V/A realistic for inductive LOSO,no,yes,no,verified-from-full-text-table (pdftotext results table read directly),2026-06-26 results table read directly (full-census batch 3)
EEG-0127,"Huang, Cao, Li, Hua",2025,AST-CLNet: EEG emotion recognition based on dual-branch adaptive graph convolution and contrastive learning,Biomed. Signal Process. Control,journal,10.1016/j.bspc.2026.110302,https://doi.org/10.1016/j.bspc.2026.110302,none found,NA,yes,DEAP,32,unclear,32,128,music-video clips,dimensional-arousal,high/low arousal,not reported,public,not verified,not verified,not verified,not verified,not verified,not verified,graph/spatial EEG representation learned by dual-branch adaptive spatiotemporal GCN + contrastive (DE) (input feature details not captured),not verified,unclear,graph/deep spatial features,dual-branch adaptive spatiotemporal GCN + contrastive (DE),"none (cross-subject contrastive, no target)",none,no,no,not verified,yes,LOSO (subject-independent),not verified,none,not verified,unclear,accuracy,63.54,not reported,not reported,unclear,mean+-SD,not verified,not verified,yes,mean,A (inductive),none (inductive LOSO; DEAP-V 64.97 realistic),some-concerns,"Table: independent SEED 87.94/6.97 (intra 99.71/0.45), SEED-IV 82.35/6.04 (intra 97.91/1.49); DEAP-V 64.97, DEAP-A 63.54; baselines RGNN 85.30 BiHDM 85.40",SEED-IV independent 82.35 somewhat high but SD-consistent; DEAP V/A realistic for inductive LOSO,no,yes,no,verified-from-full-text-table (pdftotext results table read directly),2026-06-26 results table read directly (full-census batch 3)
EEG-0128,"Ma, Luo, Guo, Zhang, Wang",2026,Adaptive Threshold Local-Global learning for semi-supervised EEG-based emotion recognition (ATLG),Biomed. Signal Process. Control,journal,10.1016/j.bspc.2025.108865,https://doi.org/10.1016/j.bspc.2025.108865,none found,NA,yes,SEED,15,unclear,62,200,film clips,discrete-3class,pos/neu/neg,not reported,public,not verified,not verified,not verified,not verified,not verified,not verified,graph/spatial EEG representation learned by dual-branch GCN + multi-head self-attention (semi-supervised) (input feature details not captured),not verified,unclear,graph/deep spatial features,dual-branch GCN + multi-head self-attention (semi-supervised),semi-supervised threshold-adaptive pseudo-labelling,none,yes,yes (few labelled target),not verified,partial (semi-supervised),cross-subject semi-supervised (varying label scarcity),not verified,none,not verified,unclear,accuracy,83.69,6.83,not reported,unclear,mean+-SD,not verified,not verified,yes,mean,F-like (semi-supervised; target labels used),uses target labels by design (semi-supervised disclosed),some-concerns,L716/L1050 ATLG SEED average 83.69 +- 6.83; SEED-IV also evaluated (full-model value not cleanly isolated),semi-supervised uses a small amount of labelled target data -> not comparable to inductive/transductive strata; excluded from meta,no,yes,yes,verified-from-full-text-table (pdftotext results table read directly),2026-06-26 results table read directly (full-census batch 3)
EEG-0129,Gopal Chandra Jana; Anshuman Sabath; Anupam Agrawal,2022,Capsule neural networks on spatio-temporal EEG frames for cross-subject emotion recognition,"Biomedical Signal Processing and Control, 2022",journal,10.1016/j.bspc.2021.103361,https://doi.org/10.1016/j.bspc.2021.103361,none found,NA,yes,DEAP,32,unclear,32,128,music-video clips,dimensional-valence,high/low valence,not reported,public,not verified,not verified,not verified,not verified,not verified,not verified,learned EEG representation from capsule network (sparse spatio-temporal frames) (exact input features not captured),not verified,unclear,learned deep EEG features,capsule network (sparse spatio-temporal frames),none,none,no,no,not verified,yes,"leave-one-subject-out (unseen-subject-unseen-record, USUR)",not verified,none,not verified,unclear,accuracy,51.07,not reported,not reported,unclear,best-case vs averaged over LOSO runs,not verified,not verified,yes,mean,A (inductive),none (inductive LOSO); reporting of per-epoch best-case is misleading,high,text: averaged USUR prediction 51.071% (best-case per-epoch 100.00% is an artifact),65.8/65.2 in text are CITED works; proposed honest cross-subject average ~51.07% near chance; dataset attribution (DEAP vs self-made PEEG) unclear,no,yes,yes,verified-from-full-text-table (pdftotext results table read directly),2026-06-26 results table read directly (full-census batch 4)
EEG-0130,Changliang Zheng; Honglin Fang; Lina Chen; Yang Yang,2025,Coarse-to-Fine Open-Set Semantic Adaptation for EEG Emotion Recognition (C2FDA),"Electronics, 2025, 14(24):4833",journal,10.3390/electronics14244833,https://doi.org/10.3390/electronics14244833,none found,NA,yes,SEED-IV,15,unclear,62,200,movie clips,discrete-cross-dataset,open-set,not reported,public,not verified,not verified,not verified,not verified,not verified,not verified,domain-aligned or transfer-learned EEG representation learned by open-set domain adaptation (coarse-to-fine) (exact signal features not captured),not verified,unclear,domain-adaptation/transfer-learned features,open-set domain adaptation (coarse-to-fine),open-set cross-dataset DA,none,yes,no,not verified,yes (cross-dataset),cross-dataset transfer,not verified,cross-dataset,not verified,unclear,accuracy,48.9,not reported,not reported,unclear,not verified,not verified,not verified,yes,mean,"E (cross-dataset, open-set UDA)",none (cross-dataset unsupervised),some-concerns,"abstract: C2FDA SEED->SEED-IV 41.5, SEED->SEED-V 42.6, SEED-IV->SEED-V 48.9 (open-set avg)",cross-dataset open-set; low accuracies expected; not pooled in within-dataset meta strata,no,yes,yes,verified-from-full-text-table (pdftotext results table read directly),2026-06-26 results table read directly (full-census batch 4)
EEG-0131,Weiye Han; Huqin Weng; Zhiqiang Liao; Zihao Xu; Chuangquan Chen,2025,Cognitive-Inspired Hierarchical Learning Framework for Cross-Dataset EEG-Based Emotion Recognition (CIHL),"Electronics, 2026",journal,10.3390/electronics15101971,https://doi.org/10.3390/electronics15101971,none found,NA,yes,SEED-V,16,unclear,62,200,not verified,discrete-cross-dataset,cross-dataset,not reported,public,not verified,not verified,not verified,not verified,not verified,not verified,hierarchical learned EEG representation for cross-dataset emotion recognition (exact input features not captured),not verified,unclear,hierarchical learned EEG features,hierarchical learning (cognitive-inspired),cross-dataset DA,none,yes,no,not verified,yes (cross-dataset),cross-dataset transfer,not verified,cross-dataset,not verified,unclear,accuracy,36.38,not reported,not reported,unclear,not verified,not verified,not verified,yes,mean,E (cross-dataset),none (cross-dataset),some-concerns,text: CIHL SEED-VII->SEED-V avg 36.38; SEED-VII 23.56/24.61,"cross-dataset, low accuracies; not pooled in within-dataset meta",no,yes,yes,verified-from-full-text-table (pdftotext results table read directly),2026-06-26 results table read directly (full-census batch 4)
EEG-0132,Zhibang Zang; Xiangkun Yu; Baole Fu; Yinhua Liu; Shuzhi Sam Ge,2025,Contrastive reinforced transfer learning for EEG-based emotion recognition (CRTL),"Biomedical Signal Processing and Control, 2025",journal,10.1016/j.bspc.2025.107622,https://doi.org/10.1016/j.bspc.2025.107622,none found,NA,yes,SEED,15,unclear,62,200,film clips,discrete-3class,pos/neu/neg,not reported,public,not verified,not verified,not verified,not verified,not verified,not verified,self-supervised or contrastive EEG representation learned by contrastive reinforced transfer learning (input feature details not captured),not verified,unclear,learned self-supervised/contrastive features,contrastive reinforced transfer learning,reinforced source/target domain transfer,none,yes,unclear,not verified,claimed,cross-subject transfer (target domains used),not verified,none,not verified,unclear,accuracy,93.57,not reported,not reported,unclear,not verified,not verified,not verified,yes,mean,ambiguous (transfer; DEAP ~91% implausible for UDA),protocol-ambiguity; possible target-label/fine-tune use,high,"abstract+Table: CRTL DEAP-V 91.26, DEAP-A 90.43, SEED 93.57",DEAP ~90-91% far exceeds typical cross-subject UDA (~65-70%) -> near-ceiling suspect; verify whether target labels/fine-tuning used; excluded from meta,no,yes,yes,verified-from-full-text-table (pdftotext results table read directly),2026-06-26 results table read directly (full-census batch 4)
EEG-0132,Zhibang Zang; Xiangkun Yu; Baole Fu; Yinhua Liu; Shuzhi Sam Ge,2025,Contrastive reinforced transfer learning for EEG-based emotion recognition (CRTL),"Biomedical Signal Processing and Control, 2025",journal,10.1016/j.bspc.2025.107622,https://doi.org/10.1016/j.bspc.2025.107622,none found,NA,yes,DEAP,32,unclear,32,128,music-video clips,dimensional-valence,high/low valence,not reported,public,not verified,not verified,not verified,not verified,not verified,not verified,self-supervised or contrastive EEG representation learned by contrastive reinforced transfer learning (input feature details not captured),not verified,unclear,learned self-supervised/contrastive features,contrastive reinforced transfer learning,reinforced source/target domain transfer,none,yes,unclear,not verified,claimed,cross-subject transfer (target domains used),not verified,none,not verified,unclear,accuracy,91.26,not reported,not reported,unclear,not verified,not verified,not verified,yes,mean,ambiguous (transfer; DEAP ~91% implausible for UDA),protocol-ambiguity; possible target-label/fine-tune use,high,"abstract+Table: CRTL DEAP-V 91.26, DEAP-A 90.43, SEED 93.57",DEAP ~90-91% far exceeds typical cross-subject UDA (~65-70%) -> near-ceiling suspect; verify whether target labels/fine-tuning used; excluded from meta,no,yes,no,verified-from-full-text-table (pdftotext results table read directly),2026-06-26 results table read directly (full-census batch 4)
EEG-0132,Zhibang Zang; Xiangkun Yu; Baole Fu; Yinhua Liu; Shuzhi Sam Ge,2025,Contrastive reinforced transfer learning for EEG-based emotion recognition (CRTL),"Biomedical Signal Processing and Control, 2025",journal,10.1016/j.bspc.2025.107622,https://doi.org/10.1016/j.bspc.2025.107622,none found,NA,yes,DEAP,32,unclear,32,128,music-video clips,dimensional-arousal,high/low arousal,not reported,public,not verified,not verified,not verified,not verified,not verified,not verified,self-supervised or contrastive EEG representation learned by contrastive reinforced transfer learning (input feature details not captured),not verified,unclear,learned self-supervised/contrastive features,contrastive reinforced transfer learning,reinforced source/target domain transfer,none,yes,unclear,not verified,claimed,cross-subject transfer (target domains used),not verified,none,not verified,unclear,accuracy,90.43,not reported,not reported,unclear,not verified,not verified,not verified,yes,mean,ambiguous (transfer; DEAP ~91% implausible for UDA),protocol-ambiguity; possible target-label/fine-tune use,high,"abstract+Table: CRTL DEAP-V 91.26, DEAP-A 90.43, SEED 93.57",DEAP ~90-91% far exceeds typical cross-subject UDA (~65-70%) -> near-ceiling suspect; verify whether target labels/fine-tuning used; excluded from meta,no,yes,no,verified-from-full-text-table (pdftotext results table read directly),2026-06-26 results table read directly (full-census batch 4)
EEG-0133,Vladimir Romaniuk; Alexey Kashevnik,2025,Cross-Dataset Emotion Valence Prediction Approach from 4-Channel EEG CNN Model and Multi-Modal Evaluation,"Big Data and Cognitive Computing, 2025",journal,10.3390/bdcc9110280,https://doi.org/10.3390/bdcc9110280,none found,NA,yes,DEAP,32,unclear,4,128,music-video clips,dimensional-valence,high/low valence,not reported,public,not verified,not verified,not verified,not verified,not verified,not verified,multimodal EEG plus non-EEG representation/features (exact extraction not captured),not verified,unclear,multimodal features,compact 4-channel CNN,none,none,no,no,not verified,yes,LOSO-CV (subject-independent),not verified,none,not verified,unclear,accuracy,69.8,not reported,not reported,unclear,not verified,not verified,not verified,yes,mean,A (inductive),none (inductive LOSO),some-concerns,text: subject-independent DEAP valence avg 69.80 (F1 65.21); SEED LOSO-CV avg 64.92 (F1 63.15); mixed-subject DEAP 66.22 / SEED 66.90,4-channel low-density montage; LOSO values realistic; no aggregate SD reported (per-subject in figures),no,yes,yes,verified-from-full-text-table (pdftotext results table read directly),2026-06-26 results table read directly (full-census batch 4)
EEG-0133,Vladimir Romaniuk; Alexey Kashevnik,2025,Cross-Dataset Emotion Valence Prediction Approach from 4-Channel EEG CNN Model and Multi-Modal Evaluation,"Big Data and Cognitive Computing, 2025",journal,10.3390/bdcc9110280,https://doi.org/10.3390/bdcc9110280,none found,NA,yes,SEED,15,unclear,62,200,film clips,discrete-valence(binary),pos/neg,not reported,public,not verified,not verified,not verified,not verified,not verified,not verified,multimodal EEG plus non-EEG representation/features (exact extraction not captured),not verified,unclear,multimodal features,compact 4-channel CNN,none,none,no,no,not verified,yes,LOSO-CV (subject-independent),not verified,none,not verified,unclear,accuracy,64.92,not reported,not reported,unclear,not verified,not verified,not verified,yes,mean,A (inductive),none (inductive LOSO),some-concerns,text: subject-independent DEAP valence avg 69.80 (F1 65.21); SEED LOSO-CV avg 64.92 (F1 63.15); mixed-subject DEAP 66.22 / SEED 66.90,4-channel low-density montage; LOSO values realistic; no aggregate SD reported (per-subject in figures),no,yes,no,verified-from-full-text-table (pdftotext results table read directly),2026-06-26 results table read directly (full-census batch 4)
EEG-0134,Jinyu Li; Haoqiang Hua; Zhihui Xu; Lin Shu; Xiangmin Xu; Feng Kuang; Shibin Wu,2022,Cross-subject EEG emotion recognition combined with connectivity features and meta-transfer learning (MSRN-MTL),"Computers in Biology and Medicine, 2022",journal,10.1016/j.compbiomed.2022.105519,https://doi.org/10.1016/j.compbiomed.2022.105519,none found,NA,yes,SEED,15,unclear,62,200,film clips,discrete-binary,pos/neg,not reported,public,not verified,not verified,not verified,not verified,not verified,not verified,functional-connectivity / brain-network EEG features (metric/window details not captured),not verified,unclear,connectivity/brain-network features,multi-scale residual network (connectivity) + meta-transfer learning,meta-transfer (adapt classifier to new subject),none,yes,yes (support set adaptation),not verified,yes,meta-learning (support/query); adapts to new subject,not verified,none,not verified,unclear,accuracy,87.05,not reported,not reported,unclear,cross-subject average,not verified,not verified,yes,mean,F-like (meta-transfer; target adaptation),uses target adaptation (meta-transfer disclosed),some-concerns,"abstract: proposed avg cross-subject DEAP-V 71.29, DEAP-A 71.92; SEED binary 87.05",meta-transfer adapts to new-subject data (support set) -> not comparable to pure inductive/transductive strata; excluded from meta,no,yes,yes,verified-from-full-text-table (pdftotext results table read directly),2026-06-26 results table read directly (full-census batch 4)
EEG-0134,Jinyu Li; Haoqiang Hua; Zhihui Xu; Lin Shu; Xiangmin Xu; Feng Kuang; Shibin Wu,2022,Cross-subject EEG emotion recognition combined with connectivity features and meta-transfer learning (MSRN-MTL),"Computers in Biology and Medicine, 2022",journal,10.1016/j.compbiomed.2022.105519,https://doi.org/10.1016/j.compbiomed.2022.105519,none found,NA,yes,DEAP,32,unclear,32,128,music-video clips,dimensional-valence,high/low valence,not reported,public,not verified,not verified,not verified,not verified,not verified,not verified,functional-connectivity / brain-network EEG features (metric/window details not captured),not verified,unclear,connectivity/brain-network features,multi-scale residual network (connectivity) + meta-transfer learning,meta-transfer (adapt classifier to new subject),none,yes,yes (support set adaptation),not verified,yes,meta-learning (support/query); adapts to new subject,not verified,none,not verified,unclear,accuracy,71.29,not reported,not reported,unclear,cross-subject average,not verified,not verified,yes,mean,F-like (meta-transfer; target adaptation),uses target adaptation (meta-transfer disclosed),some-concerns,"abstract: proposed avg cross-subject DEAP-V 71.29, DEAP-A 71.92; SEED binary 87.05",meta-transfer adapts to new-subject data (support set) -> not comparable to pure inductive/transductive strata; excluded from meta,no,yes,no,verified-from-full-text-table (pdftotext results table read directly),2026-06-26 results table read directly (full-census batch 4)
EEG-0134,Jinyu Li; Haoqiang Hua; Zhihui Xu; Lin Shu; Xiangmin Xu; Feng Kuang; Shibin Wu,2022,Cross-subject EEG emotion recognition combined with connectivity features and meta-transfer learning (MSRN-MTL),"Computers in Biology and Medicine, 2022",journal,10.1016/j.compbiomed.2022.105519,https://doi.org/10.1016/j.compbiomed.2022.105519,none found,NA,yes,DEAP,32,unclear,32,128,music-video clips,dimensional-arousal,high/low arousal,not reported,public,not verified,not verified,not verified,not verified,not verified,not verified,functional-connectivity / brain-network EEG features (metric/window details not captured),not verified,unclear,connectivity/brain-network features,multi-scale residual network (connectivity) + meta-transfer learning,meta-transfer (adapt classifier to new subject),none,yes,yes (support set adaptation),not verified,yes,meta-learning (support/query); adapts to new subject,not verified,none,not verified,unclear,accuracy,71.92,not reported,not reported,unclear,cross-subject average,not verified,not verified,yes,mean,F-like (meta-transfer; target adaptation),uses target adaptation (meta-transfer disclosed),some-concerns,"abstract: proposed avg cross-subject DEAP-V 71.29, DEAP-A 71.92; SEED binary 87.05",meta-transfer adapts to new-subject data (support set) -> not comparable to pure inductive/transductive strata; excluded from meta,no,yes,no,verified-from-full-text-table (pdftotext results table read directly),2026-06-26 results table read directly (full-census batch 4)
EEG-0135,Yun Gao; Hai Deng,2026,Cross-subject EEG emotion recognition using Riemannian Graph Transformers with Geodesic Adversarial Adaptation (RGT-GAA),"Alexandria Engineering Journal, 2026",journal,10.1016/j.aej.2026.03.045,https://doi.org/10.1016/j.aej.2026.03.045,none found,NA,yes,SEED,15,unclear,62,200,film clips,discrete-3class,pos/neu/neg,not reported,public,not verified,not verified,not verified,not verified,not verified,not verified,"covariance, Riemannian, manifold, or geometric EEG representation (estimator not captured)",not verified,unclear,covariance/Riemannian-manifold features,Riemannian graph transformer (Log-Euclidean) + geodesic adversarial DA,geodesic adversarial domain adaptation (target unlabeled),none,yes,no,not verified,yes,cross-subject (unseen target subject),not verified,none,not verified,unclear,accuracy,89.23,not reported,not reported,unclear,not verified,not verified,not verified,yes,mean,B (transductive-UDA),none (transductive disclosed),some-concerns,"abstract: RGT-GAA SEED(3-class) 89.23, DEAP-V 66.4, DEAP-A 68.1",DEAP V/A realistic for transductive UDA; SEED 89.23 plausible; no SD surfaced,no,yes,yes,verified-from-full-text-table (pdftotext results table read directly),2026-06-26 results table read directly (full-census batch 4)
EEG-0135,Yun Gao; Hai Deng,2026,Cross-subject EEG emotion recognition using Riemannian Graph Transformers with Geodesic Adversarial Adaptation (RGT-GAA),"Alexandria Engineering Journal, 2026",journal,10.1016/j.aej.2026.03.045,https://doi.org/10.1016/j.aej.2026.03.045,none found,NA,yes,DEAP,32,unclear,32,128,music-video clips,dimensional-valence,high/low valence,not reported,public,not verified,not verified,not verified,not verified,not verified,not verified,"covariance, Riemannian, manifold, or geometric EEG representation (estimator not captured)",not verified,unclear,covariance/Riemannian-manifold features,Riemannian graph transformer (Log-Euclidean) + geodesic adversarial DA,geodesic adversarial domain adaptation (target unlabeled),none,yes,no,not verified,yes,cross-subject (unseen target subject),not verified,none,not verified,unclear,accuracy,66.4,not reported,not reported,unclear,not verified,not verified,not verified,yes,mean,B (transductive-UDA),none (transductive disclosed),some-concerns,"abstract: RGT-GAA SEED(3-class) 89.23, DEAP-V 66.4, DEAP-A 68.1",DEAP V/A realistic for transductive UDA; SEED 89.23 plausible; no SD surfaced,no,yes,no,verified-from-full-text-table (pdftotext results table read directly),2026-06-26 results table read directly (full-census batch 4)
EEG-0135,Yun Gao; Hai Deng,2026,Cross-subject EEG emotion recognition using Riemannian Graph Transformers with Geodesic Adversarial Adaptation (RGT-GAA),"Alexandria Engineering Journal, 2026",journal,10.1016/j.aej.2026.03.045,https://doi.org/10.1016/j.aej.2026.03.045,none found,NA,yes,DEAP,32,unclear,32,128,music-video clips,dimensional-arousal,high/low arousal,not reported,public,not verified,not verified,not verified,not verified,not verified,not verified,"covariance, Riemannian, manifold, or geometric EEG representation (estimator not captured)",not verified,unclear,covariance/Riemannian-manifold features,Riemannian graph transformer (Log-Euclidean) + geodesic adversarial DA,geodesic adversarial domain adaptation (target unlabeled),none,yes,no,not verified,yes,cross-subject (unseen target subject),not verified,none,not verified,unclear,accuracy,68.1,not reported,not reported,unclear,not verified,not verified,not verified,yes,mean,B (transductive-UDA),none (transductive disclosed),some-concerns,"abstract: RGT-GAA SEED(3-class) 89.23, DEAP-V 66.4, DEAP-A 68.1",DEAP V/A realistic for transductive UDA; SEED 89.23 plausible; no SD surfaced,no,yes,no,verified-from-full-text-table (pdftotext results table read directly),2026-06-26 results table read directly (full-census batch 4)
EEG-0136,Qingshan She; Xinsheng Shi; Feng Fang; Yuliang Ma; Yingchun Zhang,2023,Cross-subject EEG emotion recognition using multi-source domain manifold feature selection,"Computers in Biology and Medicine, 2023",journal,10.1016/j.compbiomed.2023.106860,https://doi.org/10.1016/j.compbiomed.2023.106860,none found,NA,yes,SEED,15,unclear,62,200,film clips,discrete-3class,pos/neu/neg,not reported,public,not verified,not verified,not verified,not verified,not verified,not verified,"covariance, Riemannian, manifold, or geometric EEG representation (estimator not captured)",not verified,unclear,covariance/Riemannian-manifold features,multi-source manifold feature mapping (Grassmann) + mRMR + SRM classifier,multi-source manifold DA (source selection via DDSA),DDSA offline source selection,yes,no,not verified,yes,cross-subject (multi-source),not verified,none,not verified,unclear,accuracy,86.59,not reported,not reported,unclear,not verified,not verified,not verified,yes,mean,B (transductive-UDA),none (transductive disclosed),some-concerns,abstract: best average accuracy 86.59 on SEED and 64.40 on DEAP,SEED 86.59 / DEAP 64.40 realistic for transductive multi-source; no SD surfaced,no,yes,yes,verified-from-full-text-table (pdftotext results table read directly),2026-06-26 results table read directly (full-census batch 4)
EEG-0136,Qingshan She; Xinsheng Shi; Feng Fang; Yuliang Ma; Yingchun Zhang,2023,Cross-subject EEG emotion recognition using multi-source domain manifold feature selection,"Computers in Biology and Medicine, 2023",journal,10.1016/j.compbiomed.2023.106860,https://doi.org/10.1016/j.compbiomed.2023.106860,none found,NA,yes,DEAP,32,unclear,32,128,music-video clips,dimensional (V/A),binary,not reported,public,not verified,not verified,not verified,not verified,not verified,not verified,"covariance, Riemannian, manifold, or geometric EEG representation (estimator not captured)",not verified,unclear,covariance/Riemannian-manifold features,multi-source manifold feature mapping (Grassmann) + mRMR + SRM classifier,multi-source manifold DA (source selection via DDSA),DDSA offline source selection,yes,no,not verified,yes,cross-subject (multi-source),not verified,none,not verified,unclear,accuracy,64.4,not reported,not reported,unclear,not verified,not verified,not verified,yes,mean,B (transductive-UDA),none (transductive disclosed),some-concerns,abstract: best average accuracy 86.59 on SEED and 64.40 on DEAP,SEED 86.59 / DEAP 64.40 realistic for transductive multi-source; no SD surfaced,no,yes,no,verified-from-full-text-table (pdftotext results table read directly),2026-06-26 results table read directly (full-census batch 4)
EEG-0137,Shuaiqi Liu; Xinrui Wang; Zhihui Gu; Yanling An; Shuhuan Zhao; Bing Li; Yudong Zhang,2025,Cross-subject emotion recognition by EEG driven spatio-temporal hybrid network (SRDANN),"Biomedical Signal Processing and Control, 2025",journal,10.1016/j.bspc.2025.108231,https://doi.org/10.1016/j.bspc.2025.108231,none found,NA,yes,SEED,15,unclear,62,200,film clips,discrete-3class,pos/neu/neg,not reported,public,not verified,not verified,not verified,not verified,not verified,not verified,graph/spatial EEG representation learned by spatio-temporal hybrid + GCN + local/global domain discriminators (input feature details not captured),not verified,unclear,graph/deep spatial features,spatio-temporal hybrid + GCN + local/global domain discriminators,MMD-based domain adaptation (source/target alignment),none,yes,no,not verified,yes,cross-subject (LOSO),not verified,none,not verified,unclear,accuracy,84.68,not reported,not reported,unclear,not verified,not verified,not verified,yes,mean,B (transductive-UDA),none (transductive disclosed),some-concerns,"abstract: cross-subject SEED 84.68, SEED-IV 74.97, MPED 26.56 (Table 6 also reports SEED-IV 71.36/11.03 in a different setting)",SEED-IV reported as 74.97 (headline) vs 71.36/11.03 (Table 6) under different settings; recorded headline values; no clean SD for pooled value,no,yes,yes,verified-from-full-text-table (pdftotext results table read directly),2026-06-26 results table read directly (full-census batch 4)
EEG-0137,Shuaiqi Liu; Xinrui Wang; Zhihui Gu; Yanling An; Shuhuan Zhao; Bing Li; Yudong Zhang,2025,Cross-subject emotion recognition by EEG driven spatio-temporal hybrid network (SRDANN),"Biomedical Signal Processing and Control, 2025",journal,10.1016/j.bspc.2025.108231,https://doi.org/10.1016/j.bspc.2025.108231,none found,NA,yes,SEED-IV,15,unclear,62,200,movie clips,discrete-4class,happy/sad/fear/neu,not reported,public,not verified,not verified,not verified,not verified,not verified,not verified,graph/spatial EEG representation learned by spatio-temporal hybrid + GCN + local/global domain discriminators (input feature details not captured),not verified,unclear,graph/deep spatial features,spatio-temporal hybrid + GCN + local/global domain discriminators,MMD-based domain adaptation (source/target alignment),none,yes,no,not verified,yes,cross-subject (LOSO),not verified,none,not verified,unclear,accuracy,74.97,not reported,not reported,unclear,not verified,not verified,not verified,yes,mean,B (transductive-UDA),none (transductive disclosed),some-concerns,"abstract: cross-subject SEED 84.68, SEED-IV 74.97, MPED 26.56 (Table 6 also reports SEED-IV 71.36/11.03 in a different setting)",SEED-IV reported as 74.97 (headline) vs 71.36/11.03 (Table 6) under different settings; recorded headline values; no clean SD for pooled value,no,yes,no,verified-from-full-text-table (pdftotext results table read directly),2026-06-26 results table read directly (full-census batch 4)
EEG-0137,Shuaiqi Liu; Xinrui Wang; Zhihui Gu; Yanling An; Shuhuan Zhao; Bing Li; Yudong Zhang,2025,Cross-subject emotion recognition by EEG driven spatio-temporal hybrid network (SRDANN),"Biomedical Signal Processing and Control, 2025",journal,10.1016/j.bspc.2025.108231,https://doi.org/10.1016/j.bspc.2025.108231,none found,NA,yes,MPED,15,unclear,62,200,not verified,discrete-7class,7 emotions,not reported,public,not verified,not verified,not verified,not verified,not verified,not verified,graph/spatial EEG representation learned by spatio-temporal hybrid + GCN + local/global domain discriminators (input feature details not captured),not verified,unclear,graph/deep spatial features,spatio-temporal hybrid + GCN + local/global domain discriminators,MMD-based domain adaptation (source/target alignment),none,yes,no,not verified,yes,cross-subject (LOSO),not verified,none,not verified,unclear,accuracy,26.56,not reported,not reported,unclear,not verified,not verified,not verified,yes,mean,B (transductive-UDA),none (transductive disclosed),some-concerns,"abstract: cross-subject SEED 84.68, SEED-IV 74.97, MPED 26.56 (Table 6 also reports SEED-IV 71.36/11.03 in a different setting)",SEED-IV reported as 74.97 (headline) vs 71.36/11.03 (Table 6) under different settings; recorded headline values; no clean SD for pooled value,no,yes,no,verified-from-full-text-table (pdftotext results table read directly),2026-06-26 results table read directly (full-census batch 4)
EEG-0138,Peiyang Li; Ruiting Lin; Weijie Huang; Hao Tang; Ke Liu; Nan Qiu; Peng Xu; Yin Tian; Cunbo Li,2024,Crucial rhythms and subnetworks for emotion processing extracted by an interpretable deep model (BrainAMDANN),"Cerebral Cortex, 2024",journal,10.1093/cercor/bhae477,https://doi.org/10.1093/cercor/bhae477,none found,NA,yes,SEED,15,unclear,62,200,film clips,discrete-3class,pos/neu/neg,not reported,public,not verified,not verified,not verified,not verified,not verified,not verified,spectral-band / PSD EEG features (exact bands or estimator not captured),not verified,unclear,spectral/PSD features,adversarial multi-domain DANN (interpretable),adversarial multi-domain adaptation,none,yes,no,not verified,yes,LOSO-CV,not verified,none,not verified,unclear,accuracy,78.87,8.91,not reported,unclear,mean+-SD across LOSO folds,not verified,not verified,yes,mean,B (transductive-UDA),none (transductive disclosed),some-concerns,Table 2: BrainAMDANN LOSOCV 78.87/8.91 (vs P-GCNN LOSOCV 77.09/9.52); 10-fold 95.08/6.42 & 5-fold 95.69/6.87 are subject-mixed,"dataset inferred SEED (3-class) from comparison baselines P-GCNN/NSPD; LOSOCV value used for meta, not the 5/10-fold subject-mixed values",yes,yes,yes,verified-from-full-text-table (pdftotext results table read directly),2026-06-26 results table read directly (full-census batch 4)
EEG-0139,Jiao Wang; Zhifen Guo; Peng Zhang; Hongchen Luo; Fengbin Ma; Pengcheng Song,2026,DDMGCN: Deep Dynamic Multi-Graph Convolutional Neural Network for EEG emotion recognition,"Biomedical Signal Processing and Control, 2026",journal,10.1016/j.bspc.2026.109740,https://doi.org/10.1016/j.bspc.2026.109740,none found,NA,yes,SEED,15,unclear,62,200,film clips,discrete-3class,pos/neu/neg,not reported,public,not verified,not verified,not verified,not verified,not verified,not verified,spectral-band / PSD EEG features (exact bands or estimator not captured),not verified,unclear,spectral/PSD features,deep dynamic multi-graph GCN,none (subject-independent eval),none,unclear,no,not verified,yes,LOSO (subject-independent),not verified,none,not verified,unclear,accuracy,60.79,7,"[57.76,63.82]",unclear,mean+-SD + 95% CI,not verified,not verified,yes,mean,A (inductive; subject-independent eval; compared vs TCA/DDC DA baselines),none (subject-independent),some-concerns,sec 4.3.5 subject-independent SEED: DDMGCN 60.79/7.00 (vs DDGCN 52.53/8.51); subject-dependent PSD ~97.55/1.73,SEED 3-class subject-independent 60.79 is low (weak cross-subject generalization); large dependent-vs-independent gap,yes,yes,yes,verified-from-full-text-table (pdftotext results table read directly),2026-06-26 results table read directly (full-census batch 5)
EEG-0140,Lingyue Hou; Xiaoxia Li; Donglei Liu; Yingyue Zhou,2026,DIMER: EEG-based DNA-inspired multi-dimension feature emotion quantization recognition method,"Biomedical Signal Processing and Control, 2026",journal,10.1016/j.bspc.2026.109830,https://doi.org/10.1016/j.bspc.2026.109830,none found,NA,yes,DEAP,32,unclear,32,128,music-video clips,dimensional (V/A),binary,not reported,public,not verified,not verified,not verified,not verified,not verified,not verified,handcrafted or selected EEG feature set (exact list not captured),not verified,unclear,handcrafted/selected EEG features,DNA-inspired multi-dimension feature quantization,none stated,none,unclear,unclear,not verified,claimed,subject-independent (claimed),not verified,none,not verified,unclear,accuracy,94.82,not reported,not reported,unclear,not verified,not verified,not verified,yes,mean,ambiguous (DEAP SI 94.82 implausible),protocol-ambiguity; near-ceiling subject-independent suspect,high,"abstract: DEAP subject-dependent 95.07, subject-independent 94.82 (only ~0.25 gap)",DEAP subject-independent 94.82 implausibly close to subject-dependent 95.07; far above field cross-subject DEAP (~60-70%) -> near-ceiling leakage suspect; excluded from meta,no,yes,yes,verified-from-full-text-table (pdftotext results table read directly),2026-06-26 results table read directly (full-census batch 5)
EEG-0141,Durgesh Nandini; Jyoti Yadav; Asha Rani; Vijander Singh,2023,Design of subject independent 3D VAD emotion detection system using EEG signals and machine learning (EDS),"Biomedical Signal Processing and Control, 2023",journal,10.1016/j.bspc.2023.104894,https://doi.org/10.1016/j.bspc.2023.104894,none found,NA,yes,not verified,not verified,unclear,not verified,not verified,not verified,discrete-12class (3D VAD),12 emotions,not reported,public,not verified,not verified,not verified,not verified,not verified,not verified,EEG features mapped to 3D VAD emotion detection with ML classifiers (exact feature list not captured),not verified,unclear,handcrafted/ML EEG features,3D VAD mapping + ML classifiers (EDS1/2/3),none stated,none,unclear,unclear,not verified,claimed,subject-independent (claimed),not verified,none,not verified,unclear,accuracy,99.82,not reported,not reported,unclear,not verified,not verified,not verified,yes,mean,ambiguous (12-class 99.82% implausible),protocol-ambiguity; near-ceiling subject-independent suspect,high,"abstract: EDS2 avg 99.82%, EDS3 98.44% for 12 discrete emotions ('subject independent')",~99.8% on 12-class emotion under a claimed subject-independent protocol is physically implausible -> strong leakage/labeling concern; excluded from meta,no,yes,yes,verified-from-full-text-table (pdftotext results table read directly),2026-06-26 results table read directly (full-census batch 5)
EEG-0142,Xiangyu Ju; Xu Wu; Sheng Dai; Ming Li; Dewen Hu,2024,Domain adversarial learning with multiple adversarial tasks for EEG emotion recognition (DANN-MAT),"Expert Systems with Applications, 2025",journal,10.1016/j.eswa.2024.126028,https://doi.org/10.1016/j.eswa.2024.126028,none found,NA,yes,SEED,15,unclear,62,200,film clips,discrete-3class,pos/neu/neg,not reported,public,not verified,not verified,not verified,not verified,not verified,not verified,domain-aligned or transfer-learned EEG representation learned by domain adversarial network + multiple adversarial tasks (exact signal features not captured),not verified,unclear,domain-adaptation/transfer-learned features,domain adversarial network + multiple adversarial tasks,adversarial domain adaptation (unlabeled target),none,yes,no,not verified,yes,LOSO (cross-subject),not verified,none,not verified,unclear,accuracy,95.74,3.26,not reported,unclear,mean+-SD,not verified,not verified,yes,mean,B (transductive-UDA),none (transductive disclosed),some-concerns,"Table: DANN-MAT (ours) SEED 95.74/3.26, SEED-IV 86.75/5.96 (vs DDA 91.08/7.70, S2A2-MSDA 90.11/7.32)",SEED 95.74 at the high end of transductive range; SD 3.26 tighter than typical LOSO; SEED-IV 86.75 high vs field,yes,yes,yes,verified-from-full-text-table (pdftotext results table read directly),2026-06-26 results table read directly (full-census batch 5)
EEG-0142,Xiangyu Ju; Xu Wu; Sheng Dai; Ming Li; Dewen Hu,2024,Domain adversarial learning with multiple adversarial tasks for EEG emotion recognition (DANN-MAT),"Expert Systems with Applications, 2025",journal,10.1016/j.eswa.2024.126028,https://doi.org/10.1016/j.eswa.2024.126028,none found,NA,yes,SEED-IV,15,unclear,62,200,movie clips,discrete-4class,happy/sad/fear/neu,not reported,public,not verified,not verified,not verified,not verified,not verified,not verified,domain-aligned or transfer-learned EEG representation learned by domain adversarial network + multiple adversarial tasks (exact signal features not captured),not verified,unclear,domain-adaptation/transfer-learned features,domain adversarial network + multiple adversarial tasks,adversarial domain adaptation (unlabeled target),none,yes,no,not verified,yes,LOSO (cross-subject),not verified,none,not verified,unclear,accuracy,86.75,5.96,not reported,unclear,mean+-SD,not verified,not verified,yes,mean,B (transductive-UDA),none (transductive disclosed),some-concerns,"Table: DANN-MAT (ours) SEED 95.74/3.26, SEED-IV 86.75/5.96 (vs DDA 91.08/7.70, S2A2-MSDA 90.11/7.32)",SEED 95.74 at the high end of transductive range; SD 3.26 tighter than typical LOSO; SEED-IV 86.75 high vs field,yes,yes,no,verified-from-full-text-table (pdftotext results table read directly),2026-06-26 results table read directly (full-census batch 5)
EEG-0143,Luyao Han; Xiangliang Zhang; Jibin Yin,2024,EEG emotion recognition based on the TimesNet fusion model (MS-TimesNet),"Applied Soft Computing, 2024",journal,10.1016/j.asoc.2024.111635,https://doi.org/10.1016/j.asoc.2024.111635,available (stated),NA,yes,DEAP,32,unclear,32,128,music-video clips,dimensional-arousal,high/low arousal,not reported,public,not verified,not verified,not verified,not verified,not verified,not verified,temporal or spatiotemporal EEG representation learned by multi-scale TimesNet fusion (exact input features not captured),not verified,unclear,learned temporal/spatiotemporal features,multi-scale TimesNet fusion,none,none,unclear,unclear,not verified,claimed (but subjects pooled),'subject-independent' (32 subjects synthesized into one dataset then split),not verified,none,not verified,unclear,accuracy,86.66,not reported,not reported,unclear,not verified,not verified,not verified,yes,mean,ambiguous (subject-mixed pooling labelled subject-independent),subject-level leakage suspect (all 32 subjects pooled before split),high,"sec 4.4: subjects' data 'synthesized into a dataset'; SI DEAP A 86.66, V 85.40 (SD A 91.31, V 90.45)",'subject-independent' but 32 subjects pooled then split = subject-mixed CV (not LOSO); DEAP ~86% inconsistent with true cross-subject; excluded from meta,no,yes,yes,verified-from-full-text-table (pdftotext results table read directly),2026-06-26 results table read directly (full-census batch 5)
EEG-0143,Luyao Han; Xiangliang Zhang; Jibin Yin,2024,EEG emotion recognition based on the TimesNet fusion model (MS-TimesNet),"Applied Soft Computing, 2024",journal,10.1016/j.asoc.2024.111635,https://doi.org/10.1016/j.asoc.2024.111635,available (stated),NA,yes,DEAP,32,unclear,32,128,music-video clips,dimensional-valence,high/low valence,not reported,public,not verified,not verified,not verified,not verified,not verified,not verified,temporal or spatiotemporal EEG representation learned by multi-scale TimesNet fusion (exact input features not captured),not verified,unclear,learned temporal/spatiotemporal features,multi-scale TimesNet fusion,none,none,unclear,unclear,not verified,claimed (but subjects pooled),'subject-independent' (32 subjects synthesized into one dataset then split),not verified,none,not verified,unclear,accuracy,85.4,not reported,not reported,unclear,not verified,not verified,not verified,yes,mean,ambiguous (subject-mixed pooling labelled subject-independent),subject-level leakage suspect (all 32 subjects pooled before split),high,"sec 4.4: subjects' data 'synthesized into a dataset'; SI DEAP A 86.66, V 85.40 (SD A 91.31, V 90.45)",'subject-independent' but 32 subjects pooled then split = subject-mixed CV (not LOSO); DEAP ~86% inconsistent with true cross-subject; excluded from meta,no,yes,no,verified-from-full-text-table (pdftotext results table read directly),2026-06-26 results table read directly (full-census batch 5)
EEG-0144,Yongqiang Yin; Xiangwei Zheng; Bin Hu; Yuang Zhang; Xinchun Cui,2021,EEG emotion recognition using fusion model of graph convolutional neural networks and LSTM,"Applied Soft Computing, 2021",journal,10.1016/j.asoc.2021.106954,https://doi.org/10.1016/j.asoc.2020.106954,none found,NA,yes,DEAP,32,unclear,32,128,music-video clips,dimensional-valence,high/low valence,not reported,public,not verified,not verified,not verified,not verified,not verified,not verified,graph/spatial EEG representation learned by GCN + LSTM fusion (input feature details not captured),not verified,unclear,graph/deep spatial features,GCN + LSTM fusion,none,none,no,no,not verified,yes,subject-independent,not verified,none,not verified,unclear,accuracy,84.81,not reported,not reported,unclear,not verified,not verified,not verified,yes,mean,A (inductive; subject-independent),none stated; DEAP SI ~85% high,some-concerns,text: DEAP subject-dependent V 90.45 A 90.60; subject-independent V 84.81 A 85.27,DEAP subject-independent 84.81/85.27 is high vs field cross-subject DEAP (~60-70%); no SD reported -> narrative only,no,yes,yes,verified-from-full-text-table (pdftotext results table read directly),2026-06-26 results table read directly (full-census batch 5)
EEG-0144,Yongqiang Yin; Xiangwei Zheng; Bin Hu; Yuang Zhang; Xinchun Cui,2021,EEG emotion recognition using fusion model of graph convolutional neural networks and LSTM,"Applied Soft Computing, 2021",journal,10.1016/j.asoc.2021.106954,https://doi.org/10.1016/j.asoc.2020.106954,none found,NA,yes,DEAP,32,unclear,32,128,music-video clips,dimensional-arousal,high/low arousal,not reported,public,not verified,not verified,not verified,not verified,not verified,not verified,graph/spatial EEG representation learned by GCN + LSTM fusion (input feature details not captured),not verified,unclear,graph/deep spatial features,GCN + LSTM fusion,none,none,no,no,not verified,yes,subject-independent,not verified,none,not verified,unclear,accuracy,85.27,not reported,not reported,unclear,not verified,not verified,not verified,yes,mean,A (inductive; subject-independent),none stated; DEAP SI ~85% high,some-concerns,text: DEAP subject-dependent V 90.45 A 90.60; subject-independent V 84.81 A 85.27,DEAP subject-independent 84.81/85.27 is high vs field cross-subject DEAP (~60-70%); no SD reported -> narrative only,no,yes,no,verified-from-full-text-table (pdftotext results table read directly),2026-06-26 results table read directly (full-census batch 5)
EEG-0145,Himanshu Kumar; Satyavratan Govindarajan; Manuskandan S. Ramakrishnan; P.A. Karthick; Nagarajan Ganapathy,2026,EEG-based emotion recognition using super-resolution superlet transform and self-attention CNN (SLT SA-CNN),"Biomedical Signal Processing and Control, 2026",journal,10.1016/j.bspc.2026.110350,https://doi.org/10.1016/j.bspc.2026.110350,none found,NA,yes,DEAP,32,unclear,32,128,music-video clips,dimensional-arousal,high/low arousal,not reported,public,not verified,not verified,not verified,not verified,not verified,not verified,attention/transformer EEG representation learned by superlet transform (TFR) + self-attention CNN (input feature details not captured),not verified,unclear,learned attention/transformer features,superlet transform (TFR) + self-attention CNN,none,none,no,no,not verified,yes,LOSO (subject-independent),not verified,none,not verified,unclear,accuracy,70.86,6.24,not reported,unclear,mean+-SD (Table 4 subject-independent LOSO),not verified,not verified,yes,mean,A (inductive),none (inductive LOSO),some-concerns,"Table 4 (SI, mean+-std, LOSO): DEAP SLT arousal 70.86/6.24 valence 71.36/9.92; DREAMER SLT arousal 73.51/6.21 valence 75.46/4.10",clean inductive LOSO mean+-SD on both DEAP and DREAMER; DREAMER values strengthen under-represented stratum,yes,yes,yes,verified-from-full-text-table (pdftotext results table read directly),2026-06-26 results table read directly (full-census batch 5)
EEG-0145,Himanshu Kumar; Satyavratan Govindarajan; Manuskandan S. Ramakrishnan; P.A. Karthick; Nagarajan Ganapathy,2026,EEG-based emotion recognition using super-resolution superlet transform and self-attention CNN (SLT SA-CNN),"Biomedical Signal Processing and Control, 2026",journal,10.1016/j.bspc.2026.110350,https://doi.org/10.1016/j.bspc.2026.110350,none found,NA,yes,DEAP,32,unclear,32,128,music-video clips,dimensional-valence,high/low valence,not reported,public,not verified,not verified,not verified,not verified,not verified,not verified,attention/transformer EEG representation learned by superlet transform (TFR) + self-attention CNN (input feature details not captured),not verified,unclear,learned attention/transformer features,superlet transform (TFR) + self-attention CNN,none,none,no,no,not verified,yes,LOSO (subject-independent),not verified,none,not verified,unclear,accuracy,71.36,9.92,not reported,unclear,mean+-SD (Table 4 subject-independent LOSO),not verified,not verified,yes,mean,A (inductive),none (inductive LOSO),some-concerns,"Table 4 (SI, mean+-std, LOSO): DEAP SLT arousal 70.86/6.24 valence 71.36/9.92; DREAMER SLT arousal 73.51/6.21 valence 75.46/4.10",clean inductive LOSO mean+-SD on both DEAP and DREAMER; DREAMER values strengthen under-represented stratum,yes,yes,no,verified-from-full-text-table (pdftotext results table read directly),2026-06-26 results table read directly (full-census batch 5)
EEG-0145,Himanshu Kumar; Satyavratan Govindarajan; Manuskandan S. Ramakrishnan; P.A. Karthick; Nagarajan Ganapathy,2026,EEG-based emotion recognition using super-resolution superlet transform and self-attention CNN (SLT SA-CNN),"Biomedical Signal Processing and Control, 2026",journal,10.1016/j.bspc.2026.110350,https://doi.org/10.1016/j.bspc.2026.110350,none found,NA,yes,DREAMER,23,unclear,14,128,film clips,dimensional-arousal,high/low arousal,not reported,public,not verified,not verified,not verified,not verified,not verified,not verified,attention/transformer EEG representation learned by superlet transform (TFR) + self-attention CNN (input feature details not captured),not verified,unclear,learned attention/transformer features,superlet transform (TFR) + self-attention CNN,none,none,no,no,not verified,yes,LOSO (subject-independent),not verified,none,not verified,unclear,accuracy,73.51,6.21,not reported,unclear,mean+-SD (Table 4 subject-independent LOSO),not verified,not verified,yes,mean,A (inductive),none (inductive LOSO),some-concerns,"Table 4 (SI, mean+-std, LOSO): DEAP SLT arousal 70.86/6.24 valence 71.36/9.92; DREAMER SLT arousal 73.51/6.21 valence 75.46/4.10",clean inductive LOSO mean+-SD on both DEAP and DREAMER; DREAMER values strengthen under-represented stratum,yes,yes,no,verified-from-full-text-table (pdftotext results table read directly),2026-06-26 results table read directly (full-census batch 5)
EEG-0145,Himanshu Kumar; Satyavratan Govindarajan; Manuskandan S. Ramakrishnan; P.A. Karthick; Nagarajan Ganapathy,2026,EEG-based emotion recognition using super-resolution superlet transform and self-attention CNN (SLT SA-CNN),"Biomedical Signal Processing and Control, 2026",journal,10.1016/j.bspc.2026.110350,https://doi.org/10.1016/j.bspc.2026.110350,none found,NA,yes,DREAMER,23,unclear,14,128,film clips,dimensional-valence,high/low valence,not reported,public,not verified,not verified,not verified,not verified,not verified,not verified,attention/transformer EEG representation learned by superlet transform (TFR) + self-attention CNN (input feature details not captured),not verified,unclear,learned attention/transformer features,superlet transform (TFR) + self-attention CNN,none,none,no,no,not verified,yes,LOSO (subject-independent),not verified,none,not verified,unclear,accuracy,75.46,4.1,not reported,unclear,mean+-SD (Table 4 subject-independent LOSO),not verified,not verified,yes,mean,A (inductive),none (inductive LOSO),some-concerns,"Table 4 (SI, mean+-std, LOSO): DEAP SLT arousal 70.86/6.24 valence 71.36/9.92; DREAMER SLT arousal 73.51/6.21 valence 75.46/4.10",clean inductive LOSO mean+-SD on both DEAP and DREAMER; DREAMER values strengthen under-represented stratum,yes,yes,no,verified-from-full-text-table (pdftotext results table read directly),2026-06-26 results table read directly (full-census batch 5)
EEG-0146,Han Cai; Pengfei Lu; Xiaofang Wang; Yuxing Wang,2025,Dual-stream multi-scale spatiotemporal network for EEG emotion recognition (DSMT-CapsNet),"Engineering Applications of Artificial Intelligence, 2025",journal,10.1016/j.engappai.2025.112144,https://doi.org/10.1016/j.engappai.2025.112144,none found,NA,yes,SEED,15,unclear,62,200,film clips,discrete-3class,pos/neu/neg,not reported,public,not verified,not verified,not verified,not verified,not verified,not verified,learned EEG representation from dual-stream multi-scale spatiotemporal + capsule (exact input features not captured),not verified,unclear,learned deep EEG features,dual-stream multi-scale spatiotemporal + capsule,none stated,none,unclear,unclear,not verified,yes,subject-independent (vs 10-fold subject-dependent),not verified,none,not verified,unclear,accuracy,91.12,not reported,not reported,unclear,not verified,not verified,not verified,yes,mean,A (inductive; subject-independent),none stated; SI values high,some-concerns,"abstract: subject-independent DEAP 81.70, SEED 91.12, DREAMER 75.89 (subject-dependent DEAP 94.98/SEED 94.21/DREAMER 99.60)",SEED SI 91.12 / DEAP SI 81.70 high vs field; Table 21 shows lower per-dimension DEAP SI (DSMT-CapsNet A 72.88/V 70.07) -> discrepancy; no single clean SD -> narrative,no,yes,yes,verified-from-full-text-table (pdftotext results table read directly),2026-06-26 results table read directly (full-census batch 6)
EEG-0146,Han Cai; Pengfei Lu; Xiaofang Wang; Yuxing Wang,2025,Dual-stream multi-scale spatiotemporal network for EEG emotion recognition (DSMT-CapsNet),"Engineering Applications of Artificial Intelligence, 2025",journal,10.1016/j.engappai.2025.112144,https://doi.org/10.1016/j.engappai.2025.112144,none found,NA,yes,DEAP,32,unclear,32,128,music-video clips,dimensional (V/A),binary,not reported,public,not verified,not verified,not verified,not verified,not verified,not verified,learned EEG representation from dual-stream multi-scale spatiotemporal + capsule (exact input features not captured),not verified,unclear,learned deep EEG features,dual-stream multi-scale spatiotemporal + capsule,none stated,none,unclear,unclear,not verified,yes,subject-independent (vs 10-fold subject-dependent),not verified,none,not verified,unclear,accuracy,81.7,not reported,not reported,unclear,not verified,not verified,not verified,yes,mean,A (inductive; subject-independent),none stated; SI values high,some-concerns,"abstract: subject-independent DEAP 81.70, SEED 91.12, DREAMER 75.89 (subject-dependent DEAP 94.98/SEED 94.21/DREAMER 99.60)",SEED SI 91.12 / DEAP SI 81.70 high vs field; Table 21 shows lower per-dimension DEAP SI (DSMT-CapsNet A 72.88/V 70.07) -> discrepancy; no single clean SD -> narrative,no,yes,no,verified-from-full-text-table (pdftotext results table read directly),2026-06-26 results table read directly (full-census batch 6)
EEG-0146,Han Cai; Pengfei Lu; Xiaofang Wang; Yuxing Wang,2025,Dual-stream multi-scale spatiotemporal network for EEG emotion recognition (DSMT-CapsNet),"Engineering Applications of Artificial Intelligence, 2025",journal,10.1016/j.engappai.2025.112144,https://doi.org/10.1016/j.engappai.2025.112144,none found,NA,yes,DREAMER,23,unclear,14,128,film clips,dimensional (V/A),binary,not reported,public,not verified,not verified,not verified,not verified,not verified,not verified,learned EEG representation from dual-stream multi-scale spatiotemporal + capsule (exact input features not captured),not verified,unclear,learned deep EEG features,dual-stream multi-scale spatiotemporal + capsule,none stated,none,unclear,unclear,not verified,yes,subject-independent (vs 10-fold subject-dependent),not verified,none,not verified,unclear,accuracy,75.89,not reported,not reported,unclear,not verified,not verified,not verified,yes,mean,A (inductive; subject-independent),none stated; SI values high,some-concerns,"abstract: subject-independent DEAP 81.70, SEED 91.12, DREAMER 75.89 (subject-dependent DEAP 94.98/SEED 94.21/DREAMER 99.60)",SEED SI 91.12 / DEAP SI 81.70 high vs field; Table 21 shows lower per-dimension DEAP SI (DSMT-CapsNet A 72.88/V 70.07) -> discrepancy; no single clean SD -> narrative,no,yes,no,verified-from-full-text-table (pdftotext results table read directly),2026-06-26 results table read directly (full-census batch 6)
EEG-0147,Xingxing Ge,2026,Emotion recognition intelligent system based on machine learning and clustering algorithm,"Discover Artificial Intelligence, 2026",journal,10.1007/s44163-026-00831-1,https://doi.org/10.1007/s44163-026-00831-1,none found,NA,yes,SEED,15,unclear,62,200,film clips,discrete-3class,pos/neu/neg,not reported,public,not verified,not verified,not verified,not verified,not verified,not verified,graph/spatial EEG representation learned by ML + clustering (SD adaptation + dynamic weight allocation) (input feature details not captured),not verified,unclear,graph/deep spatial features,ML + clustering (SD adaptation + dynamic weight allocation),subdomain (SD) adaptation,none,yes,no,not verified,yes,LOSO (cross-subject),not verified,none,not verified,unclear,accuracy,79.5,not reported,not reported,unclear,not verified,not verified,not verified,yes,mean,B (transductive-UDA; SD adaptation),none (transductive),some-concerns,Table 3: research model average accuracy 79.5% (vs DGCNN); tests SEED + DREAMER,79.5% dataset attribution tentative (Table 3 'research model'); DREAMER value not isolated; narrative,no,yes,yes,verified-from-full-text-table (pdftotext results table read directly),2026-06-26 results table read directly (full-census batch 6)
EEG-0148,Md Niaz Imtiaz; Naimul Khan,2025,Enhanced cross-dataset EEG-based emotion recognition using unsupervised domain adaptation,"Computers in Biology and Medicine, 2025 (possible dup of EEG-0047)",journal,10.1016/j.compbiomed.2024.109394,https://doi.org/10.1016/j.compbiomed.2024.109394,none found,NA,yes,SEED,15,unclear,62,200,film clips,discrete-binary(cross-dataset),pos/neg,not reported,public,not verified,not verified,not verified,not verified,not verified,not verified,domain-aligned or transfer-learned EEG representation learned by unsupervised domain adaptation (cross-dataset) (exact signal features not captured),not verified,unclear,domain-adaptation/transfer-learned features,unsupervised domain adaptation (cross-dataset),cross-dataset UDA,none,yes,no,not verified,yes (cross-dataset),cross-dataset transfer,not verified,cross-dataset,not verified,unclear,accuracy,67.44,not reported,not reported,unclear,not verified,not verified,not verified,yes,mean,"E (cross-dataset, UDA)",none (cross-dataset unsupervised),some-concerns,"text: DEAP->SEED 67.44 (vs prev best 53.67), SEED->DEAP 59.68 (vs prev best 64.97 Ni)",cross-dataset transfer (binary pos/neg); not pooled in within-dataset meta,no,yes,yes,verified-from-full-text-table (pdftotext results table read directly),2026-06-26 results table read directly (full-census batch 6)
EEG-0148,Md Niaz Imtiaz; Naimul Khan,2025,Enhanced cross-dataset EEG-based emotion recognition using unsupervised domain adaptation,"Computers in Biology and Medicine, 2025 (possible dup of EEG-0047)",journal,10.1016/j.compbiomed.2024.109394,https://doi.org/10.1016/j.compbiomed.2024.109394,none found,NA,yes,DEAP,32,unclear,32,128,music-video clips,dimensional-binary(cross-dataset),pos/neg,not reported,public,not verified,not verified,not verified,not verified,not verified,not verified,domain-aligned or transfer-learned EEG representation learned by unsupervised domain adaptation (cross-dataset) (exact signal features not captured),not verified,unclear,domain-adaptation/transfer-learned features,unsupervised domain adaptation (cross-dataset),cross-dataset UDA,none,yes,no,not verified,yes (cross-dataset),cross-dataset transfer,not verified,cross-dataset,not verified,unclear,accuracy,59.68,not reported,not reported,unclear,not verified,not verified,not verified,yes,mean,"E (cross-dataset, UDA)",none (cross-dataset unsupervised),some-concerns,"text: DEAP->SEED 67.44 (vs prev best 53.67), SEED->DEAP 59.68 (vs prev best 64.97 Ni)",cross-dataset transfer (binary pos/neg); not pooled in within-dataset meta,no,yes,no,verified-from-full-text-table (pdftotext results table read directly),2026-06-26 results table read directly (full-census batch 6)
EEG-0149,XinSheng Shi; Qingshan She; Feng Fang; Ming Meng; Tongcai Tan; Yingchun Zhang,2024,Enhancing cross-subject EEG emotion recognition through multi-source manifold metric transfer (MSMMTL),"Computers in Biology and Medicine, 2024",journal,10.1016/j.compbiomed.2024.108445,https://doi.org/10.1016/j.compbiomed.2024.108445,none found,NA,yes,SEED,15,unclear,62,200,film clips,discrete-3class,pos/neu/neg,not reported,public,not verified,not verified,not verified,not verified,not verified,not verified,"covariance, Riemannian, manifold, or geometric EEG representation (estimator not captured)",not verified,unclear,covariance/Riemannian-manifold features,multi-source manifold metric transfer learning,multi-source manifold metric transfer,none,yes,unclear,not verified,yes,"LOSO (cross-subject, per-subject kappa table)",not verified,none,not verified,unclear,accuracy,88.83,not reported,not reported,unclear,not verified,not verified,not verified,yes,mean,B (transductive-leaning; multi-source manifold),none stated; target-label use unclear,some-concerns,"text: cross-subject MSMMTL SEED 88.83, DEAP 65.04 (per-subject A01-A15 table; vs MEDA/GFK/JDA baselines)",'target label' signal present; metric transfer may use limited target info; SEED 88.83 / DEAP 65.04 plausible; no aggregate SD -> narrative,no,yes,yes,verified-from-full-text-table (pdftotext results table read directly),2026-06-26 results table read directly (full-census batch 6)
EEG-0149,XinSheng Shi; Qingshan She; Feng Fang; Ming Meng; Tongcai Tan; Yingchun Zhang,2024,Enhancing cross-subject EEG emotion recognition through multi-source manifold metric transfer (MSMMTL),"Computers in Biology and Medicine, 2024",journal,10.1016/j.compbiomed.2024.108445,https://doi.org/10.1016/j.compbiomed.2024.108445,none found,NA,yes,DEAP,32,unclear,32,128,music-video clips,dimensional (V/A),binary,not reported,public,not verified,not verified,not verified,not verified,not verified,not verified,"covariance, Riemannian, manifold, or geometric EEG representation (estimator not captured)",not verified,unclear,covariance/Riemannian-manifold features,multi-source manifold metric transfer learning,multi-source manifold metric transfer,none,yes,unclear,not verified,yes,"LOSO (cross-subject, per-subject kappa table)",not verified,none,not verified,unclear,accuracy,65.04,not reported,not reported,unclear,not verified,not verified,not verified,yes,mean,B (transductive-leaning; multi-source manifold),none stated; target-label use unclear,some-concerns,"text: cross-subject MSMMTL SEED 88.83, DEAP 65.04 (per-subject A01-A15 table; vs MEDA/GFK/JDA baselines)",'target label' signal present; metric transfer may use limited target info; SEED 88.83 / DEAP 65.04 plausible; no aggregate SD -> narrative,no,yes,no,verified-from-full-text-table (pdftotext results table read directly),2026-06-26 results table read directly (full-census batch 6)
EEG-0150,Dongmin Huang; Sijin Zhou; Dazhi Jiang,2022,Generator-based Domain Adaptation Method with Knowledge Free for Cross-subject EEG Emotion Recognition (GDAKF),"Cognitive Computation, 2022",journal,10.1007/s12559-022-10016-4,https://doi.org/10.1007/s12559-022-10016-4,none found,NA,yes,DEAP,32,unclear,32,128,music-video clips,dimensional (V/A),binary,not reported,public,not verified,not verified,not verified,not verified,not verified,not verified,domain-aligned or transfer-learned EEG representation learned by generator-based domain adaptation (knowledge-free) (exact signal features not captured),not verified,unclear,domain-adaptation/transfer-learned features,generator-based domain adaptation (knowledge-free),generator-based UDA,none,yes,no,not verified,yes,LOSO (cross-subject),not verified,none,not verified,unclear,accuracy,63.85,not reported,not reported,unclear,not verified,not verified,not verified,yes,mean,B (transductive-UDA),none (transductive disclosed),some-concerns,"text: cross-subject DEAP 63.85 (one-source-to-one), 55.62 (multisource-to-one)",DEAP 63.85 realistic for transductive UDA; no SD surfaced -> narrative,no,yes,yes,verified-from-full-text-table (pdftotext results table read directly),2026-06-26 results table read directly (full-census batch 7)
EEG-0151,Zhepei Hong; Rongtao Chen; Liting Li; Jiajun Chen; Wei Gao; Jiahui Pan,2026,HEAT: Hierarchical Emotion Adaptation with Progressive Thresholding for EEG Emotion (and Consciousness) Recognition,"Biomedical Signal Processing and Control, 2026",journal,10.1016/j.bspc.2026.110299,https://doi.org/10.1016/j.bspc.2026.110299,none found,NA,yes,SEED,15,unclear,62,200,film clips,discrete-3class,pos/neu/neg,not reported,public,not verified,not verified,not verified,not verified,not verified,not verified,graph/spatial EEG representation learned by hierarchical emotion adaptation + progressive pseudo-label thresholding (input feature details not captured),not verified,unclear,graph/deep spatial features,hierarchical emotion adaptation + progressive pseudo-label thresholding,progressive-threshold pseudo-label DA (unlabeled target),none,yes,no,not verified,yes,LOSO (cross-subject),not verified,none,not verified,unclear,accuracy,95.37,5.17,not reported,unclear,mean+-SD,not verified,not verified,yes,mean,B (transductive-UDA),none (transductive disclosed),some-concerns,"Table: SEED 95.37/5.17, SEED-IV 82.50/9.28, DEAP-V 72.63/9.32, DEAP-A 72.35/9.34 (vs SFT-SGAT 92.04/3.28)",SEED 95.37 at high end of transductive range; DEAP V/A 72.6 realistic; full mean+-SD,yes,yes,yes,verified-from-full-text-table (pdftotext results table read directly),2026-06-26 results table read directly (full-census batch 7)
EEG-0151,Zhepei Hong; Rongtao Chen; Liting Li; Jiajun Chen; Wei Gao; Jiahui Pan,2026,HEAT: Hierarchical Emotion Adaptation with Progressive Thresholding for EEG Emotion (and Consciousness) Recognition,"Biomedical Signal Processing and Control, 2026",journal,10.1016/j.bspc.2026.110299,https://doi.org/10.1016/j.bspc.2026.110299,none found,NA,yes,SEED-IV,15,unclear,62,200,movie clips,discrete-4class,happy/sad/fear/neu,not reported,public,not verified,not verified,not verified,not verified,not verified,not verified,graph/spatial EEG representation learned by hierarchical emotion adaptation + progressive pseudo-label thresholding (input feature details not captured),not verified,unclear,graph/deep spatial features,hierarchical emotion adaptation + progressive pseudo-label thresholding,progressive-threshold pseudo-label DA (unlabeled target),none,yes,no,not verified,yes,LOSO (cross-subject),not verified,none,not verified,unclear,accuracy,82.5,9.28,not reported,unclear,mean+-SD,not verified,not verified,yes,mean,B (transductive-UDA),none (transductive disclosed),some-concerns,"Table: SEED 95.37/5.17, SEED-IV 82.50/9.28, DEAP-V 72.63/9.32, DEAP-A 72.35/9.34 (vs SFT-SGAT 92.04/3.28)",SEED 95.37 at high end of transductive range; DEAP V/A 72.6 realistic; full mean+-SD,yes,yes,no,verified-from-full-text-table (pdftotext results table read directly),2026-06-26 results table read directly (full-census batch 7)
EEG-0151,Zhepei Hong; Rongtao Chen; Liting Li; Jiajun Chen; Wei Gao; Jiahui Pan,2026,HEAT: Hierarchical Emotion Adaptation with Progressive Thresholding for EEG Emotion (and Consciousness) Recognition,"Biomedical Signal Processing and Control, 2026",journal,10.1016/j.bspc.2026.110299,https://doi.org/10.1016/j.bspc.2026.110299,none found,NA,yes,DEAP,32,unclear,32,128,music-video clips,dimensional-valence,high/low valence,not reported,public,not verified,not verified,not verified,not verified,not verified,not verified,graph/spatial EEG representation learned by hierarchical emotion adaptation + progressive pseudo-label thresholding (input feature details not captured),not verified,unclear,graph/deep spatial features,hierarchical emotion adaptation + progressive pseudo-label thresholding,progressive-threshold pseudo-label DA (unlabeled target),none,yes,no,not verified,yes,LOSO (cross-subject),not verified,none,not verified,unclear,accuracy,72.63,9.32,not reported,unclear,mean+-SD,not verified,not verified,yes,mean,B (transductive-UDA),none (transductive disclosed),some-concerns,"Table: SEED 95.37/5.17, SEED-IV 82.50/9.28, DEAP-V 72.63/9.32, DEAP-A 72.35/9.34 (vs SFT-SGAT 92.04/3.28)",SEED 95.37 at high end of transductive range; DEAP V/A 72.6 realistic; full mean+-SD,yes,yes,no,verified-from-full-text-table (pdftotext results table read directly),2026-06-26 results table read directly (full-census batch 7)
EEG-0151,Zhepei Hong; Rongtao Chen; Liting Li; Jiajun Chen; Wei Gao; Jiahui Pan,2026,HEAT: Hierarchical Emotion Adaptation with Progressive Thresholding for EEG Emotion (and Consciousness) Recognition,"Biomedical Signal Processing and Control, 2026",journal,10.1016/j.bspc.2026.110299,https://doi.org/10.1016/j.bspc.2026.110299,none found,NA,yes,DEAP,32,unclear,32,128,music-video clips,dimensional-arousal,high/low arousal,not reported,public,not verified,not verified,not verified,not verified,not verified,not verified,graph/spatial EEG representation learned by hierarchical emotion adaptation + progressive pseudo-label thresholding (input feature details not captured),not verified,unclear,graph/deep spatial features,hierarchical emotion adaptation + progressive pseudo-label thresholding,progressive-threshold pseudo-label DA (unlabeled target),none,yes,no,not verified,yes,LOSO (cross-subject),not verified,none,not verified,unclear,accuracy,72.35,9.34,not reported,unclear,mean+-SD,not verified,not verified,yes,mean,B (transductive-UDA),none (transductive disclosed),some-concerns,"Table: SEED 95.37/5.17, SEED-IV 82.50/9.28, DEAP-V 72.63/9.32, DEAP-A 72.35/9.34 (vs SFT-SGAT 92.04/3.28)",SEED 95.37 at high end of transductive range; DEAP V/A 72.6 realistic; full mean+-SD,yes,yes,no,verified-from-full-text-table (pdftotext results table read directly),2026-06-26 results table read directly (full-census batch 7)
EEG-0152,Anshul Sheoran; Camilo E. Valderrama,2025,Impact of sex differences on subject-independent EEG-based emotion recognition models,"Computers in Biology and Medicine, 2025",journal,10.1016/j.compbiomed.2025.110036,https://doi.org/10.1016/j.compbiomed.2025.110036,none found,NA,yes,SEED,15,unclear,62,200,film clips,discrete-3class,pos/neu/neg,not reported,public,not verified,not verified,not verified,not verified,not verified,not verified,EEG features used in subject-independent sex-difference analysis (exact feature list not captured),not verified,unclear,subject-independent EEG model features,subject-independent model (sex-difference analysis),none (subject-independent),none,no,no,not verified,yes,LOSO (subject-independent),not verified,none,not verified,unclear,accuracy,81.5,7.8,not reported,unclear,mean+-SD,not verified,not verified,yes,mean,A (inductive),none (inductive),some-concerns,"Table 'Ours': SEED 81.5/7.8, SEED-IV 74.6/8.3; SEED-V 78.1 (overall, SD ~16.8 reported for SEED-V variability)",sex-stratified analysis; overall subject-independent values; SEED-V SD ambiguous -> SEED-V narrative,yes,yes,yes,verified-from-full-text-table (pdftotext results table read directly),2026-06-26 results table read directly (full-census batch 7)
EEG-0152,Anshul Sheoran; Camilo E. Valderrama,2025,Impact of sex differences on subject-independent EEG-based emotion recognition models,"Computers in Biology and Medicine, 2025",journal,10.1016/j.compbiomed.2025.110036,https://doi.org/10.1016/j.compbiomed.2025.110036,none found,NA,yes,SEED-IV,15,unclear,62,200,movie clips,discrete-4class,happy/sad/fear/neu,not reported,public,not verified,not verified,not verified,not verified,not verified,not verified,EEG features used in subject-independent sex-difference analysis (exact feature list not captured),not verified,unclear,subject-independent EEG model features,subject-independent model (sex-difference analysis),none (subject-independent),none,no,no,not verified,yes,LOSO (subject-independent),not verified,none,not verified,unclear,accuracy,74.6,8.3,not reported,unclear,mean+-SD,not verified,not verified,yes,mean,A (inductive),none (inductive),some-concerns,"Table 'Ours': SEED 81.5/7.8, SEED-IV 74.6/8.3; SEED-V 78.1 (overall, SD ~16.8 reported for SEED-V variability)",sex-stratified analysis; overall subject-independent values; SEED-V SD ambiguous -> SEED-V narrative,yes,yes,no,verified-from-full-text-table (pdftotext results table read directly),2026-06-26 results table read directly (full-census batch 7)
EEG-0152,Anshul Sheoran; Camilo E. Valderrama,2025,Impact of sex differences on subject-independent EEG-based emotion recognition models,"Computers in Biology and Medicine, 2025",journal,10.1016/j.compbiomed.2025.110036,https://doi.org/10.1016/j.compbiomed.2025.110036,none found,NA,yes,SEED-V,16,unclear,62,200,not verified,discrete-5class,5 emotions,not reported,public,not verified,not verified,not verified,not verified,not verified,not verified,EEG features used in subject-independent sex-difference analysis (exact feature list not captured),not verified,unclear,subject-independent EEG model features,subject-independent model (sex-difference analysis),none (subject-independent),none,no,no,not verified,yes,LOSO (subject-independent),not verified,none,not verified,unclear,accuracy,78.1,not reported,not reported,unclear,mean+-SD,not verified,not verified,yes,mean,A (inductive),none (inductive),some-concerns,"Table 'Ours': SEED 81.5/7.8, SEED-IV 74.6/8.3; SEED-V 78.1 (overall, SD ~16.8 reported for SEED-V variability)",sex-stratified analysis; overall subject-independent values; SEED-V SD ambiguous -> SEED-V narrative,no,yes,no,verified-from-full-text-table (pdftotext results table read directly),2026-06-26 results table read directly (full-census batch 7)
EEG-0153,Magdiel Jimenez-Guarneros; Gibran Fuentes-Pineda,2023,Learning a robust unified domain adaptation framework for cross-subject EEG-based emotion recognition (MFA-LR),"Biomedical Signal Processing and Control, 2023",journal,10.1016/j.bspc.2023.105138,https://doi.org/10.1016/j.bspc.2023.105138,none found,NA,yes,SEED,15,unclear,62,200,film clips,discrete-3class,pos/neu/neg,not reported,public,not verified,not verified,not verified,not verified,not verified,not verified,graph/spatial EEG representation learned by multi-feature alignment + label reconstruction (MFA-LR) (input feature details not captured),not verified,unclear,graph/deep spatial features,multi-feature alignment + label reconstruction (MFA-LR),unified domain adaptation,none,yes,unclear,not verified,yes,LOSOCV (per session),not verified,none,not verified,unclear,accuracy,85.27,not reported,not reported,unclear,per-session mean+-SD,not verified,not verified,yes,mean,B (transductive-UDA),none stated; per-session 'best' reporting,some-concerns,"Table 3: SEED sessions 89.11/7.72, 82.07/12.38, 84.64/12.42 (avg 85.27); SEED-IV 64.96/14.04, 74.99/12.10, 68.78/16.16 (avg 69.58)",reports per-session; best-session SEED 89.11/7.72 vs 3-session avg 85.27; no single aggregate SD -> narrative (avoid best-session cherry-pick in meta),no,yes,yes,verified-from-full-text-table (pdftotext results table read directly),2026-06-26 results table read directly (full-census batch 7)
EEG-0153,Magdiel Jimenez-Guarneros; Gibran Fuentes-Pineda,2023,Learning a robust unified domain adaptation framework for cross-subject EEG-based emotion recognition (MFA-LR),"Biomedical Signal Processing and Control, 2023",journal,10.1016/j.bspc.2023.105138,https://doi.org/10.1016/j.bspc.2023.105138,none found,NA,yes,SEED-IV,15,unclear,62,200,movie clips,discrete-4class,happy/sad/fear/neu,not reported,public,not verified,not verified,not verified,not verified,not verified,not verified,graph/spatial EEG representation learned by multi-feature alignment + label reconstruction (MFA-LR) (input feature details not captured),not verified,unclear,graph/deep spatial features,multi-feature alignment + label reconstruction (MFA-LR),unified domain adaptation,none,yes,unclear,not verified,yes,LOSOCV (per session),not verified,none,not verified,unclear,accuracy,69.58,not reported,not reported,unclear,per-session mean+-SD,not verified,not verified,yes,mean,B (transductive-UDA),none stated; per-session 'best' reporting,some-concerns,"Table 3: SEED sessions 89.11/7.72, 82.07/12.38, 84.64/12.42 (avg 85.27); SEED-IV 64.96/14.04, 74.99/12.10, 68.78/16.16 (avg 69.58)",reports per-session; best-session SEED 89.11/7.72 vs 3-session avg 85.27; no single aggregate SD -> narrative (avoid best-session cherry-pick in meta),no,yes,no,verified-from-full-text-table (pdftotext results table read directly),2026-06-26 results table read directly (full-census batch 7)
EEG-0154,Lutao Wang; Qingyuan Zheng; Dongrui Gao; Zongyao Peng; Pengrui Li; Haining Chen; Manqing Wang,2025,MG-DA: Multi-branch graph convolution with domain adaptation for emotion recognition,"Alexandria Engineering Journal, 2025",journal,10.1016/j.aej.2025.09.013,https://doi.org/10.1016/j.aej.2025.09.013,none found,NA,yes,SEED,15,unclear,62,200,film clips,discrete-3class,pos/neu/neg,not reported,public,not verified,not verified,not verified,not verified,not verified,not verified,graph/spatial EEG representation learned by multi-branch graph convolution + domain adaptation (input feature details not captured),not verified,unclear,graph/deep spatial features,multi-branch graph convolution + domain adaptation,domain adaptation (target domain),none,yes,no,not verified,yes,LOSO (cross-subject) + cross-session,not verified,none,not verified,unclear,accuracy,90.17,4.27,not reported,unclear,mean+-SD,not verified,not verified,yes,mean,B (transductive-UDA),none (transductive disclosed),some-concerns,"Table: cross-subject SEED 90.17/4.27, SEED-IV 77.55/8.05 (cross-session SEED 93.17/6.19, SEED-IV 78.91/11.01)",cross-subject values used for meta (not cross-session); SEED 90.17 plausible transductive,yes,yes,yes,verified-from-full-text-table (pdftotext results table read directly),2026-06-26 results table read directly (full-census batch 7)
EEG-0154,Lutao Wang; Qingyuan Zheng; Dongrui Gao; Zongyao Peng; Pengrui Li; Haining Chen; Manqing Wang,2025,MG-DA: Multi-branch graph convolution with domain adaptation for emotion recognition,"Alexandria Engineering Journal, 2025",journal,10.1016/j.aej.2025.09.013,https://doi.org/10.1016/j.aej.2025.09.013,none found,NA,yes,SEED-IV,15,unclear,62,200,movie clips,discrete-4class,happy/sad/fear/neu,not reported,public,not verified,not verified,not verified,not verified,not verified,not verified,graph/spatial EEG representation learned by multi-branch graph convolution + domain adaptation (input feature details not captured),not verified,unclear,graph/deep spatial features,multi-branch graph convolution + domain adaptation,domain adaptation (target domain),none,yes,no,not verified,yes,LOSO (cross-subject) + cross-session,not verified,none,not verified,unclear,accuracy,77.55,8.05,not reported,unclear,mean+-SD,not verified,not verified,yes,mean,B (transductive-UDA),none (transductive disclosed),some-concerns,"Table: cross-subject SEED 90.17/4.27, SEED-IV 77.55/8.05 (cross-session SEED 93.17/6.19, SEED-IV 78.91/11.01)",cross-subject values used for meta (not cross-session); SEED 90.17 plausible transductive,yes,yes,no,verified-from-full-text-table (pdftotext results table read directly),2026-06-26 results table read directly (full-census batch 7)
EEG-0155,Rui Zhang; Huifeng Guo; Zongxin Xu; Yuxia Hu; Mingming Chen; Lipeng Zhang,2024,MGFKD: a semi-supervised multi-source domain adaptation algorithm for cross-subject EEG emotion recognition,"Brain Research Bulletin, 2024",journal,10.1016/j.brainresbull.2024.110901,https://doi.org/10.1016/j.brainresbull.2024.110901,none found,NA,yes,SEED,15,unclear,62,200,film clips,discrete-3class,pos/neu/neg,not reported,public,not verified,not verified,not verified,not verified,not verified,not verified,graph/spatial EEG representation learned by multi-source graph + knowledge distillation (semi-supervised) (input feature details not captured),not verified,unclear,graph/deep spatial features,multi-source graph + knowledge distillation (semi-supervised),semi-supervised multi-source DA,none,yes,yes (1 labeled sample/class),not verified,yes,cross-subject semi-supervised (1-shot),not verified,none,not verified,unclear,accuracy,87.51,7.68,not reported,unclear,mean+-SD,not verified,not verified,yes,mean,F-like (semi-supervised; target labels),uses few target labels (semi-supervised disclosed),some-concerns,"abstract: SEED 87.51/7.68, SEED-IV 68.79/8.25 with ONE labeled target sample/class (90.20/7.57, 69.99/7.38 with more)",semi-supervised (1-shot target labels) -> not comparable to inductive/transductive strata; excluded from meta,no,yes,yes,verified-from-full-text-table (pdftotext results table read directly),2026-06-26 results table read directly (full-census batch 8)
EEG-0155,Rui Zhang; Huifeng Guo; Zongxin Xu; Yuxia Hu; Mingming Chen; Lipeng Zhang,2024,MGFKD: a semi-supervised multi-source domain adaptation algorithm for cross-subject EEG emotion recognition,"Brain Research Bulletin, 2024",journal,10.1016/j.brainresbull.2024.110901,https://doi.org/10.1016/j.brainresbull.2024.110901,none found,NA,yes,SEED-IV,15,unclear,62,200,movie clips,discrete-4class,happy/sad/fear/neu,not reported,public,not verified,not verified,not verified,not verified,not verified,not verified,graph/spatial EEG representation learned by multi-source graph + knowledge distillation (semi-supervised) (input feature details not captured),not verified,unclear,graph/deep spatial features,multi-source graph + knowledge distillation (semi-supervised),semi-supervised multi-source DA,none,yes,yes (1 labeled sample/class),not verified,yes,cross-subject semi-supervised (1-shot),not verified,none,not verified,unclear,accuracy,68.79,8.25,not reported,unclear,mean+-SD,not verified,not verified,yes,mean,F-like (semi-supervised; target labels),uses few target labels (semi-supervised disclosed),some-concerns,"abstract: SEED 87.51/7.68, SEED-IV 68.79/8.25 with ONE labeled target sample/class (90.20/7.57, 69.99/7.38 with more)",semi-supervised (1-shot target labels) -> not comparable to inductive/transductive strata; excluded from meta,no,yes,no,verified-from-full-text-table (pdftotext results table read directly),2026-06-26 results table read directly (full-census batch 8)
EEG-0156,Mingjie Li; Heming Huang,2026,MGGL: a multi-grained graph learning model for EEG emotion recognition,"Applied Soft Computing, 2026",journal,10.1016/j.asoc.2026.114855,https://doi.org/10.1016/j.asoc.2026.114855,none found,NA,yes,SEED,15,unclear,62,200,film clips,discrete-3class,pos/neu/neg,not reported,public,not verified,not verified,not verified,not verified,not verified,not verified,graph/spatial EEG representation learned by multi-grained graph learning (MGSL) (input feature details not captured),not verified,unclear,graph/deep spatial features,multi-grained graph learning (MGSL),subject-independent (label-fraction setting),none,unclear,unclear,not verified,yes,all-session subject-independent (LOSO),not verified,none,not verified,unclear,accuracy,90.15,2.11,not reported,unclear,mean+-SD + p-value,not verified,not verified,yes,mean,B (transductive/semi-supervised; subject-independent),label-fraction setting (semi-sup ambiguity),some-concerns,"Table: subject-independent SEED 90.15/2.11, SEED-IV 67.34/4.64, DEAP 64.87/4.83 (subject-dependent 97.47/93.11/96.83)",'Labeled %' fraction setting (reported at 100%); SEED-IV/DEAP values realistic for cross-subject; SEED 90.15 high; treated transductive,yes,yes,yes,verified-from-full-text-table (pdftotext results table read directly),2026-06-26 results table read directly (full-census batch 8)
EEG-0156,Mingjie Li; Heming Huang,2026,MGGL: a multi-grained graph learning model for EEG emotion recognition,"Applied Soft Computing, 2026",journal,10.1016/j.asoc.2026.114855,https://doi.org/10.1016/j.asoc.2026.114855,none found,NA,yes,SEED-IV,15,unclear,62,200,movie clips,discrete-4class,happy/sad/fear/neu,not reported,public,not verified,not verified,not verified,not verified,not verified,not verified,graph/spatial EEG representation learned by multi-grained graph learning (MGSL) (input feature details not captured),not verified,unclear,graph/deep spatial features,multi-grained graph learning (MGSL),subject-independent (label-fraction setting),none,unclear,unclear,not verified,yes,all-session subject-independent (LOSO),not verified,none,not verified,unclear,accuracy,67.34,4.64,not reported,unclear,mean+-SD + p-value,not verified,not verified,yes,mean,B (transductive/semi-supervised; subject-independent),label-fraction setting (semi-sup ambiguity),some-concerns,"Table: subject-independent SEED 90.15/2.11, SEED-IV 67.34/4.64, DEAP 64.87/4.83 (subject-dependent 97.47/93.11/96.83)",'Labeled %' fraction setting (reported at 100%); SEED-IV/DEAP values realistic for cross-subject; SEED 90.15 high; treated transductive,yes,yes,no,verified-from-full-text-table (pdftotext results table read directly),2026-06-26 results table read directly (full-census batch 8)
EEG-0156,Mingjie Li; Heming Huang,2026,MGGL: a multi-grained graph learning model for EEG emotion recognition,"Applied Soft Computing, 2026",journal,10.1016/j.asoc.2026.114855,https://doi.org/10.1016/j.asoc.2026.114855,none found,NA,yes,DEAP,32,unclear,32,128,music-video clips,dimensional (V/A),binary,not reported,public,not verified,not verified,not verified,not verified,not verified,not verified,graph/spatial EEG representation learned by multi-grained graph learning (MGSL) (input feature details not captured),not verified,unclear,graph/deep spatial features,multi-grained graph learning (MGSL),subject-independent (label-fraction setting),none,unclear,unclear,not verified,yes,all-session subject-independent (LOSO),not verified,none,not verified,unclear,accuracy,64.87,4.83,not reported,unclear,mean+-SD + p-value,not verified,not verified,yes,mean,B (transductive/semi-supervised; subject-independent),label-fraction setting (semi-sup ambiguity),some-concerns,"Table: subject-independent SEED 90.15/2.11, SEED-IV 67.34/4.64, DEAP 64.87/4.83 (subject-dependent 97.47/93.11/96.83)",'Labeled %' fraction setting (reported at 100%); SEED-IV/DEAP values realistic for cross-subject; SEED 90.15 high; treated transductive,yes,yes,no,verified-from-full-text-table (pdftotext results table read directly),2026-06-26 results table read directly (full-census batch 8)
EEG-0157,Cheng Cheng; Xingxing Cai; Hengrui Qi; Wenyun Chen; Yong Zhang,2026,MSDA-Net: Multi-source Domain Adaptive Network for Multi-Modal Emotion Recognition,"ACM Trans. Asian and Low-Resource Language Information Processing, 2026",journal,10.1145/3786588,https://doi.org/10.1145/3786588,none found,NA,yes,SEED,15,unclear,62,200,film clips,discrete-3class,pos/neu/neg,not reported,public,not verified,not verified,not verified,not verified,not verified,not verified,multimodal EEG plus non-EEG representation/features (exact extraction not captured),not verified,unclear,multimodal features,multi-source domain adaptive network (multimodal),multi-source DA (style transfer),none,yes,no,not verified,yes,cross-subject + cross-session,not verified,none,not verified,unclear,accuracy,83.08,not reported,not reported,unclear,not verified,not verified,not verified,yes,mean,B (transductive-UDA; multimodal),none (transductive),some-concerns,Table: MSDA-Net cross-subject SEED 83.08 (cross-session 91.10); SEED-IV cross-subject in table,multimodal multi-source; SEED cross-subject 83.08 used; no clean SD -> narrative,no,yes,yes,verified-from-full-text-table (pdftotext results table read directly),2026-06-26 results table read directly (full-census batch 8)
EEG-0158,Jinke Wu; Jinduo Liu,2026,MetaAN: a meta-learned aligned network for cross-subject emotion recognition based on EEG,"Applied Soft Computing, 2026",journal,10.1016/j.asoc.2026.115461,https://doi.org/10.1016/j.asoc.2026.115461,none found,NA,yes,SEED,15,unclear,62,200,film clips,discrete-3class,pos/neu/neg,not reported,public,not verified,not verified,not verified,not verified,not verified,not verified,domain-aligned or transfer-learned EEG representation learned by meta-learned aligned network (exact signal features not captured),not verified,unclear,domain-adaptation/transfer-learned features,meta-learned aligned network,meta-learning + alignment (target adaptation),none,yes,unclear,not verified,yes,meta-learning (cross-subject),not verified,none,not verified,unclear,accuracy,94.08,not reported,not reported,unclear,not verified,not verified,not verified,yes,mean,F-like (meta-learning; target adaptation),meta-learning target adaptation,some-concerns,"abstract: SEED 94.08, SEED-IV 86.78",meta-learning adapts to target; high SEED-IV 86.78; no SD -> narrative; excluded from meta,no,yes,yes,verified-from-full-text-table (pdftotext results table read directly),2026-06-26 results table read directly (full-census batch 8)
EEG-0158,Jinke Wu; Jinduo Liu,2026,MetaAN: a meta-learned aligned network for cross-subject emotion recognition based on EEG,"Applied Soft Computing, 2026",journal,10.1016/j.asoc.2026.115461,https://doi.org/10.1016/j.asoc.2026.115461,none found,NA,yes,SEED-IV,15,unclear,62,200,movie clips,discrete-4class,happy/sad/fear/neu,not reported,public,not verified,not verified,not verified,not verified,not verified,not verified,domain-aligned or transfer-learned EEG representation learned by meta-learned aligned network (exact signal features not captured),not verified,unclear,domain-adaptation/transfer-learned features,meta-learned aligned network,meta-learning + alignment (target adaptation),none,yes,unclear,not verified,yes,meta-learning (cross-subject),not verified,none,not verified,unclear,accuracy,86.78,not reported,not reported,unclear,not verified,not verified,not verified,yes,mean,F-like (meta-learning; target adaptation),meta-learning target adaptation,some-concerns,"abstract: SEED 94.08, SEED-IV 86.78",meta-learning adapts to target; high SEED-IV 86.78; no SD -> narrative; excluded from meta,no,yes,no,verified-from-full-text-table (pdftotext results table read directly),2026-06-26 results table read directly (full-census batch 8)
EEG-0159,Ming Liu; Zichong Zhang; Haifeng Guo; Jianli Yang; Peng Xiong; Jieshuo Zhang; Xiuling Liu,2025,Multi-scale graph convolutional EEG emotion recognition driven by dynamic channel (GCPONet+MERNet),"Biomedical Signal Processing and Control, 2026",journal,10.1016/j.bspc.2026.109515,https://doi.org/10.1016/j.bspc.2026.109515,none found,NA,yes,SEED,15,unclear,62,200,film clips,discrete-3class,pos/neu/neg,not reported,public,not verified,not verified,not verified,not verified,not verified,not verified,graph/spatial EEG representation learned by graph convolution pyramid + MERNet (input feature details not captured),not verified,unclear,graph/deep spatial features,graph convolution pyramid + MERNet,none (subject-independent eval),none,no,no,not verified,yes,subject-independent (LOSO),not verified,none,not verified,unclear,accuracy,87.41,not reported,not reported,unclear,not verified,not verified,not verified,yes,mean,A (inductive),none (inductive),some-concerns,"text: SEED subject-dependent 95.81/8.42, subject-independent 87.41",SEED subject-independent 87.41 (no clean SD isolated) -> narrative,no,yes,yes,verified-from-full-text-table (pdftotext results table read directly),2026-06-26 results table read directly (full-census batch 8)
EEG-0160,Juan Shi; Mengxue Liu; Binghao Shi; Wenhui Guo; Yanjiang Wang,2026,Multi-scale spatiotemporal feature coupling and adversarial domain adaptation for EEG emotion recognition (ADA-MSTFC),"Biomedical Signal Processing and Control, 2026",journal,10.1016/j.bspc.2026.110637,https://doi.org/10.1016/j.bspc.2026.110637,none found,NA,yes,SEED,15,unclear,62,200,film clips,discrete-3class,pos/neu/neg,not reported,public,not verified,not verified,not verified,not verified,not verified,not verified,domain-aligned or transfer-learned EEG representation learned by multi-scale spatiotemporal coupling + adversarial DA (exact signal features not captured),not verified,unclear,domain-adaptation/transfer-learned features,multi-scale spatiotemporal coupling + adversarial DA,adversarial domain adaptation,none,yes,no,not verified,yes,LOSO (cross-subject),not verified,none,not verified,unclear,accuracy,92.15,not reported,not reported,unclear,not verified,not verified,not verified,yes,mean,B (transductive-UDA),none (transductive),some-concerns,"text: mean values SEED 92.15, SEED-IV 81.94 (ablation concat -> 88.44 SEED)",SEED 92.15 high end of transductive; no clean SD -> narrative,no,yes,yes,verified-from-full-text-table (pdftotext results table read directly),2026-06-26 results table read directly (full-census batch 8)
EEG-0160,Juan Shi; Mengxue Liu; Binghao Shi; Wenhui Guo; Yanjiang Wang,2026,Multi-scale spatiotemporal feature coupling and adversarial domain adaptation for EEG emotion recognition (ADA-MSTFC),"Biomedical Signal Processing and Control, 2026",journal,10.1016/j.bspc.2026.110637,https://doi.org/10.1016/j.bspc.2026.110637,none found,NA,yes,SEED-IV,15,unclear,62,200,movie clips,discrete-4class,happy/sad/fear/neu,not reported,public,not verified,not verified,not verified,not verified,not verified,not verified,domain-aligned or transfer-learned EEG representation learned by multi-scale spatiotemporal coupling + adversarial DA (exact signal features not captured),not verified,unclear,domain-adaptation/transfer-learned features,multi-scale spatiotemporal coupling + adversarial DA,adversarial domain adaptation,none,yes,no,not verified,yes,LOSO (cross-subject),not verified,none,not verified,unclear,accuracy,81.94,not reported,not reported,unclear,not verified,not verified,not verified,yes,mean,B (transductive-UDA),none (transductive),some-concerns,"text: mean values SEED 92.15, SEED-IV 81.94 (ablation concat -> 88.44 SEED)",SEED 92.15 high end of transductive; no clean SD -> narrative,no,yes,no,verified-from-full-text-table (pdftotext results table read directly),2026-06-26 results table read directly (full-census batch 8)
EEG-0161,Yun Xiao; Yimeng Zhang; Xiaopeng Peng; Shuzheng Han; Xia Zheng; Dingyi Fang; Xiaojiang Chen,2024,Multi-source EEG emotion recognition via dynamic contrastive domain adaptation (MS-DCDA),"SSRN/arXiv 2408.10235 preprint, 2024",preprint,10.2139/ssrn.4937543,https://doi.org/10.2139/ssrn.4937543,none found,NA,no (preprint; published venue not confirmed),SEED,15,unclear,62,200,film clips,discrete-3class,pos/neu/neg,not reported,public,not verified,not verified,not verified,not verified,not verified,not verified,self-supervised or contrastive EEG representation learned by multi-source dynamic contrastive DA (input feature details not captured),not verified,unclear,learned self-supervised/contrastive features,multi-source dynamic contrastive DA,dynamic contrastive domain adaptation,none,yes,no,not verified,yes,LOSO (cross-subject),not verified,none,not verified,unclear,accuracy,88.75,8.89,not reported,unclear,mean+-SD,not verified,not verified,yes,mean,B (transductive-UDA),none (transductive),some-concerns,"ablation BOTH+LN (full model): cross-subject SEED 88.75/8.89, SEED-IV 74.34/10.62 (ACC-best 90.84 not used)",used ACC-mean 88.75 (not cherry-picked ACC-best 90.84); cross-session 95.82/82.25 not pooled,yes,yes,yes,verified-from-full-text-table (pdftotext results table read directly),"2026-06-26 results table read directly (full-census batch 8); preprint-status audit 2026-06-28: SSRN/preprint only, no confirmed publisher version in this pass"
EEG-0161,Yun Xiao; Yimeng Zhang; Xiaopeng Peng; Shuzheng Han; Xia Zheng; Dingyi Fang; Xiaojiang Chen,2024,Multi-source EEG emotion recognition via dynamic contrastive domain adaptation (MS-DCDA),"SSRN/arXiv 2408.10235 preprint, 2024",preprint,10.2139/ssrn.4937543,https://doi.org/10.2139/ssrn.4937543,none found,NA,no (preprint; published venue not confirmed),SEED-IV,15,unclear,62,200,movie clips,discrete-4class,happy/sad/fear/neu,not reported,public,not verified,not verified,not verified,not verified,not verified,not verified,self-supervised or contrastive EEG representation learned by multi-source dynamic contrastive DA (input feature details not captured),not verified,unclear,learned self-supervised/contrastive features,multi-source dynamic contrastive DA,dynamic contrastive domain adaptation,none,yes,no,not verified,yes,LOSO (cross-subject),not verified,none,not verified,unclear,accuracy,74.34,10.62,not reported,unclear,mean+-SD,not verified,not verified,yes,mean,B (transductive-UDA),none (transductive),some-concerns,"ablation BOTH+LN (full model): cross-subject SEED 88.75/8.89, SEED-IV 74.34/10.62 (ACC-best 90.84 not used)",used ACC-mean 88.75 (not cherry-picked ACC-best 90.84); cross-session 95.82/82.25 not pooled,yes,yes,no,verified-from-full-text-table (pdftotext results table read directly),"2026-06-26 results table read directly (full-census batch 8); preprint-status audit 2026-06-28: SSRN/preprint only, no confirmed publisher version in this pass"
EEG-0162,Wenhui Guo; Guixun Xu; Yanjiang Wang,2023,Multi-source domain adaptation with spatio-temporal feature extractor for EEG emotion recognition (DiFLM),"Biomedical Signal Processing and Control, 2023",journal,10.1016/j.bspc.2023.104998,https://doi.org/10.2139/ssrn.4356344,none found,NA,yes,SEED,15,unclear,62,200,film clips,discrete-3class,pos/neu/neg,not reported,public,not verified,not verified,not verified,not verified,not verified,not verified,learned EEG representation from multi-source DA + Bi-LSTM/CNN spatio-temporal (DiFLM) (exact input features not captured),not verified,unclear,learned deep EEG features,multi-source DA + Bi-LSTM/CNN spatio-temporal (DiFLM),multi-source domain adaptation,none,yes,no,not verified,yes,LOSO (cross-subject),not verified,none,not verified,unclear,accuracy,91.65,2.91,not reported,unclear,mean+-SD,not verified,not verified,yes,mean,B (transductive-UDA),none (transductive),some-concerns,"text: Bi-LSTM+CNN (DiFLM) cross-subject SEED 91.65/2.91, SEED-IV 73.92/6.04 (cross-session 92.12/76.16)",SEED SD 2.91 tighter than typical LOSO; cross-subject values used (not cross-session),yes,yes,yes,verified-from-full-text-table (pdftotext results table read directly),2026-06-26 results table read directly (full-census batch 8)
EEG-0162,Wenhui Guo; Guixun Xu; Yanjiang Wang,2023,Multi-source domain adaptation with spatio-temporal feature extractor for EEG emotion recognition (DiFLM),"Biomedical Signal Processing and Control, 2023",journal,10.1016/j.bspc.2023.104998,https://doi.org/10.2139/ssrn.4356344,none found,NA,yes,SEED-IV,15,unclear,62,200,movie clips,discrete-4class,happy/sad/fear/neu,not reported,public,not verified,not verified,not verified,not verified,not verified,not verified,learned EEG representation from multi-source DA + Bi-LSTM/CNN spatio-temporal (DiFLM) (exact input features not captured),not verified,unclear,learned deep EEG features,multi-source DA + Bi-LSTM/CNN spatio-temporal (DiFLM),multi-source domain adaptation,none,yes,no,not verified,yes,LOSO (cross-subject),not verified,none,not verified,unclear,accuracy,73.92,6.04,not reported,unclear,mean+-SD,not verified,not verified,yes,mean,B (transductive-UDA),none (transductive),some-concerns,"text: Bi-LSTM+CNN (DiFLM) cross-subject SEED 91.65/2.91, SEED-IV 73.92/6.04 (cross-session 92.12/76.16)",SEED SD 2.91 tighter than typical LOSO; cross-subject values used (not cross-session),yes,yes,no,verified-from-full-text-table (pdftotext results table read directly),2026-06-26 results table read directly (full-census batch 8)
EEG-0163,Qingsong Ai; Chenhuan Wang; Kun Chen; Li Ma,2025,Multi-source domain separation adversarial domain adaptation for EEG emotion recognition,"Biomedical Signal Processing and Control, 2025",journal,10.1016/j.bspc.2025.108016,https://doi.org/10.1016/j.bspc.2025.108016,none found,NA,yes,SEED,15,unclear,62,200,film clips,discrete-3class,pos/neu/neg,not reported,public,not verified,not verified,not verified,not verified,not verified,not verified,domain-aligned or transfer-learned EEG representation learned by multi-source domain separation adversarial DA (exact signal features not captured),not verified,unclear,domain-adaptation/transfer-learned features,multi-source domain separation adversarial DA,domain separation adversarial DA,none,yes,no,not verified,yes,LOSO (cross-subject),not verified,none,not verified,unclear,accuracy,91.68,7.34,not reported,unclear,mean+-SD,not verified,not verified,yes,mean,B (transductive-UDA),none (transductive),some-concerns,"Table: cross-subject SEED (one target, all-session) 91.68/7.34, SEED-IV 76.70; DREAMER binary V 72.84 D 82.62 A 82.72",SEED-IV all-session SD not cleanly read -> narrative; DREAMER binary narrative,yes,yes,yes,verified-from-full-text-table (pdftotext results table read directly),2026-06-26 results table read directly (full-census batch 8)
EEG-0163,Qingsong Ai; Chenhuan Wang; Kun Chen; Li Ma,2025,Multi-source domain separation adversarial domain adaptation for EEG emotion recognition,"Biomedical Signal Processing and Control, 2025",journal,10.1016/j.bspc.2025.108016,https://doi.org/10.1016/j.bspc.2025.108016,none found,NA,yes,SEED-IV,15,unclear,62,200,movie clips,discrete-4class,happy/sad/fear/neu,not reported,public,not verified,not verified,not verified,not verified,not verified,not verified,domain-aligned or transfer-learned EEG representation learned by multi-source domain separation adversarial DA (exact signal features not captured),not verified,unclear,domain-adaptation/transfer-learned features,multi-source domain separation adversarial DA,domain separation adversarial DA,none,yes,no,not verified,yes,LOSO (cross-subject),not verified,none,not verified,unclear,accuracy,76.7,not reported,not reported,unclear,mean+-SD,not verified,not verified,yes,mean,B (transductive-UDA),none (transductive),some-concerns,"Table: cross-subject SEED (one target, all-session) 91.68/7.34, SEED-IV 76.70; DREAMER binary V 72.84 D 82.62 A 82.72",SEED-IV all-session SD not cleanly read -> narrative; DREAMER binary narrative,no,yes,no,verified-from-full-text-table (pdftotext results table read directly),2026-06-26 results table read directly (full-census batch 8)
EEG-0163,Qingsong Ai; Chenhuan Wang; Kun Chen; Li Ma,2025,Multi-source domain separation adversarial domain adaptation for EEG emotion recognition,"Biomedical Signal Processing and Control, 2025",journal,10.1016/j.bspc.2025.108016,https://doi.org/10.1016/j.bspc.2025.108016,none found,NA,yes,DREAMER,23,unclear,14,128,film clips,dimensional-arousal,high/low arousal,not reported,public,not verified,not verified,not verified,not verified,not verified,not verified,domain-aligned or transfer-learned EEG representation learned by multi-source domain separation adversarial DA (exact signal features not captured),not verified,unclear,domain-adaptation/transfer-learned features,multi-source domain separation adversarial DA,domain separation adversarial DA,none,yes,no,not verified,yes,LOSO (cross-subject),not verified,none,not verified,unclear,accuracy,82.72,not reported,not reported,unclear,mean+-SD,not verified,not verified,yes,mean,B (transductive-UDA),none (transductive),some-concerns,"Table: cross-subject SEED (one target, all-session) 91.68/7.34, SEED-IV 76.70; DREAMER binary V 72.84 D 82.62 A 82.72",SEED-IV all-session SD not cleanly read -> narrative; DREAMER binary narrative,no,yes,no,verified-from-full-text-table (pdftotext results table read directly),2026-06-26 results table read directly (full-census batch 8)
EEG-0164,Zhuang Ma; Ao Li; Jiehao Tang; Jianhua Zhang; Zhong Yin,2025,Multimodal emotion recognition by fusing complementary patterns from central to peripheral (C2PCI-Net),"Engineering Applications of Artificial Intelligence, 2025",journal,10.1016/j.engappai.2025.110004,https://doi.org/10.1016/j.engappai.2025.110004,none found,NA,yes,SEED-IV,15,unclear,62,200,movie clips,discrete-4class(EEG+eye),happy/sad/fear/neu,not reported,public,not verified,not verified,not verified,not verified,not verified,not verified,multimodal EEG plus non-EEG representation/features (exact extraction not captured),not verified,unclear,multimodal features,central-peripheral complementary fusion (C2PCI-Net),multimodal fusion,none,no,no,not verified,yes,LOSO-CV,not verified,multimodal (EEG+eye/peripheral),not verified,unclear,accuracy,71.94,8.8,not reported,unclear,mean+-SD,not verified,not verified,yes,mean,A (inductive; multimodal),none (LOSO),some-concerns,"Table 7 LOSO: EEG-EYE SEED-IV 71.94/8.80, SEED-V 84.83/1.05 (EEG-only SEED-IV 49.16/2.09); DEAP+peri V~73.67 A~79.50",multimodal (EEG+eye/peripheral); EEG-only much lower; not pooled in EEG-only meta -> narrative,no,yes,yes,verified-from-full-text-table (pdftotext results table read directly),2026-06-26 results table read directly (full-census batch 8)
EEG-0164,Zhuang Ma; Ao Li; Jiehao Tang; Jianhua Zhang; Zhong Yin,2025,Multimodal emotion recognition by fusing complementary patterns from central to peripheral (C2PCI-Net),"Engineering Applications of Artificial Intelligence, 2025",journal,10.1016/j.engappai.2025.110004,https://doi.org/10.1016/j.engappai.2025.110004,none found,NA,yes,SEED-V,16,unclear,62,200,not verified,discrete-5class(EEG+eye),5 emotions,not reported,public,not verified,not verified,not verified,not verified,not verified,not verified,multimodal EEG plus non-EEG representation/features (exact extraction not captured),not verified,unclear,multimodal features,central-peripheral complementary fusion (C2PCI-Net),multimodal fusion,none,no,no,not verified,yes,LOSO-CV,not verified,multimodal (EEG+eye/peripheral),not verified,unclear,accuracy,84.83,1.05,not reported,unclear,mean+-SD,not verified,not verified,yes,mean,A (inductive; multimodal),none (LOSO),some-concerns,"Table 7 LOSO: EEG-EYE SEED-IV 71.94/8.80, SEED-V 84.83/1.05 (EEG-only SEED-IV 49.16/2.09); DEAP+peri V~73.67 A~79.50",multimodal (EEG+eye/peripheral); EEG-only much lower; not pooled in EEG-only meta -> narrative,no,yes,no,verified-from-full-text-table (pdftotext results table read directly),2026-06-26 results table read directly (full-census batch 8)
EEG-0165,Sara Bagherzadeh; Keivan Maghooli; Ahmad Shalbaf; Arash Maghsoudi,2022,Recognition of emotional states using frequency effective connectivity maps through transfer learning,"Biomedical Signal Processing and Control, 2022",journal,10.1016/j.bspc.2022.103544,https://doi.org/10.1016/j.bspc.2022.103544,none found,NA,yes,DEAP,32,unclear,32,128,music-video clips,discrete-5class,5 emotions,not reported,public,not verified,not verified,not verified,not verified,not verified,not verified,functional-connectivity / brain-network EEG features (metric/window details not captured),not verified,unclear,connectivity/brain-network features,PDC connectivity images + ResNet-18 (transfer learning),ImageNet transfer (fine-tune),none,unclear,unclear,not verified,claimed (LOSO),subject-independent LOSO-CV (claimed),not verified,none,not verified,unclear,accuracy,94.27,2.36,not reported,unclear,mean+-SD,not verified,not verified,yes,mean,ambiguous (5-class 94-96% under claimed LOSO implausible),protocol-ambiguity; near-ceiling subject-independent suspect,high,"text: claimed subject-independent LOSO-CV DEAP 94.27/2.36, MAHNOB-HCI 95.25, DREAMER 96.00 (5 emotional states, alpha PDC)",94-96% on 5-class under claimed LOSO far exceeds field cross-subject (DEAP/DREAMER ~65-75%); tiny SD ~2% -> strong leakage/labeling suspect; excluded from meta,no,yes,yes,verified-from-full-text-table (pdftotext results table read directly),2026-06-26 results table read directly (full-census batch 8)
EEG-0165,Sara Bagherzadeh; Keivan Maghooli; Ahmad Shalbaf; Arash Maghsoudi,2022,Recognition of emotional states using frequency effective connectivity maps through transfer learning,"Biomedical Signal Processing and Control, 2022",journal,10.1016/j.bspc.2022.103544,https://doi.org/10.1016/j.bspc.2022.103544,none found,NA,yes,MAHNOB-HCI,27,unclear,32,256,video clips,discrete-5class,5 emotions,not reported,public,not verified,not verified,not verified,not verified,not verified,not verified,functional-connectivity / brain-network EEG features (metric/window details not captured),not verified,unclear,connectivity/brain-network features,PDC connectivity images + ResNet-18 (transfer learning),ImageNet transfer (fine-tune),none,unclear,unclear,not verified,claimed (LOSO),subject-independent LOSO-CV (claimed),not verified,none,not verified,unclear,accuracy,95.25,not reported,not reported,unclear,mean+-SD,not verified,not verified,yes,mean,ambiguous (5-class 94-96% under claimed LOSO implausible),protocol-ambiguity; near-ceiling subject-independent suspect,high,"text: claimed subject-independent LOSO-CV DEAP 94.27/2.36, MAHNOB-HCI 95.25, DREAMER 96.00 (5 emotional states, alpha PDC)",94-96% on 5-class under claimed LOSO far exceeds field cross-subject (DEAP/DREAMER ~65-75%); tiny SD ~2% -> strong leakage/labeling suspect; excluded from meta,no,yes,no,verified-from-full-text-table (pdftotext results table read directly),2026-06-26 results table read directly (full-census batch 8)
EEG-0165,Sara Bagherzadeh; Keivan Maghooli; Ahmad Shalbaf; Arash Maghsoudi,2022,Recognition of emotional states using frequency effective connectivity maps through transfer learning,"Biomedical Signal Processing and Control, 2022",journal,10.1016/j.bspc.2022.103544,https://doi.org/10.1016/j.bspc.2022.103544,none found,NA,yes,DREAMER,23,unclear,14,128,film clips,discrete-5class,5 emotions,not reported,public,not verified,not verified,not verified,not verified,not verified,not verified,functional-connectivity / brain-network EEG features (metric/window details not captured),not verified,unclear,connectivity/brain-network features,PDC connectivity images + ResNet-18 (transfer learning),ImageNet transfer (fine-tune),none,unclear,unclear,not verified,claimed (LOSO),subject-independent LOSO-CV (claimed),not verified,none,not verified,unclear,accuracy,96,not reported,not reported,unclear,mean+-SD,not verified,not verified,yes,mean,ambiguous (5-class 94-96% under claimed LOSO implausible),protocol-ambiguity; near-ceiling subject-independent suspect,high,"text: claimed subject-independent LOSO-CV DEAP 94.27/2.36, MAHNOB-HCI 95.25, DREAMER 96.00 (5 emotional states, alpha PDC)",94-96% on 5-class under claimed LOSO far exceeds field cross-subject (DEAP/DREAMER ~65-75%); tiny SD ~2% -> strong leakage/labeling suspect; excluded from meta,no,yes,no,verified-from-full-text-table (pdftotext results table read directly),2026-06-26 results table read directly (full-census batch 8)
EEG-0166,Dongdong Li; Shengyao Huang; Yujun Shen; Zhe Wang,2025,Resource-efficient cross-subject emotion recognition via spiking domain discriminators (CDSCN),"Engineering Applications of Artificial Intelligence, 2025",journal,10.1016/j.engappai.2025.112422,https://doi.org/10.1016/j.engappai.2025.112422,none found,NA,yes,SEED,15,unclear,62,200,film clips,discrete-3class,pos/neu/neg,not reported,public,not verified,not verified,not verified,not verified,not verified,not verified,learned EEG representation from cross-domain spiking convolutional network (exact input features not captured),not verified,unclear,learned deep EEG features,cross-domain spiking convolutional network,spiking domain-adversarial adaptation,none,yes,no,not verified,yes,LOSO (cross-subject),not verified,none,not verified,unclear,accuracy,87.02,not reported,not reported,unclear,not verified,not verified,not verified,yes,mean,B (transductive-UDA),none (transductive),some-concerns,"abstract+Table 3 (Mean+-SD): cross-subject SEED 87.02, SEED-IV 64.48 (baselines SVM 56.73/16.29, TCA 63.64/14.88)",proposed row SD not cleanly isolated from pdftotext -> narrative,no,yes,yes,verified-from-full-text-table (pdftotext results table read directly),2026-06-26 results table read directly (full-census batch 9)
EEG-0166,Dongdong Li; Shengyao Huang; Yujun Shen; Zhe Wang,2025,Resource-efficient cross-subject emotion recognition via spiking domain discriminators (CDSCN),"Engineering Applications of Artificial Intelligence, 2025",journal,10.1016/j.engappai.2025.112422,https://doi.org/10.1016/j.engappai.2025.112422,none found,NA,yes,SEED-IV,15,unclear,62,200,movie clips,discrete-4class,happy/sad/fear/neu,not reported,public,not verified,not verified,not verified,not verified,not verified,not verified,learned EEG representation from cross-domain spiking convolutional network (exact input features not captured),not verified,unclear,learned deep EEG features,cross-domain spiking convolutional network,spiking domain-adversarial adaptation,none,yes,no,not verified,yes,LOSO (cross-subject),not verified,none,not verified,unclear,accuracy,64.48,not reported,not reported,unclear,not verified,not verified,not verified,yes,mean,B (transductive-UDA),none (transductive),some-concerns,"abstract+Table 3 (Mean+-SD): cross-subject SEED 87.02, SEED-IV 64.48 (baselines SVM 56.73/16.29, TCA 63.64/14.88)",proposed row SD not cleanly isolated from pdftotext -> narrative,no,yes,no,verified-from-full-text-table (pdftotext results table read directly),2026-06-26 results table read directly (full-census batch 9)
EEG-0167,Bihai Lin; Chuanzhi Liu; Xinyi Wu; Xiaowei Chen,2026,Selective channel bypassing meets capsules: efficient and robust EEG emotion recognition (PconvCapsNet),"Biomedical Signal Processing and Control, 2026",journal,10.1016/j.bspc.2026.110077,https://doi.org/10.1016/j.bspc.2026.110077,none found,NA,yes,DEAP,32,unclear,32,128,music-video clips,dimensional-arousal,high/low arousal,not reported,public,not verified,not verified,not verified,not verified,not verified,not verified,learned EEG representation from selective channel bypass + capsule network (exact input features not captured),not verified,unclear,learned deep EEG features,selective channel bypass + capsule network,none,none,no,no,not verified,yes,subject-independent (LOSO),not verified,none,not verified,unclear,accuracy,76.13,not reported,not reported,unclear,not verified,not verified,not verified,yes,mean,A (inductive),none (inductive),some-concerns,Table 7 subject-independent: DEAP A 76.13 V 74.01 D 74.72; DREAMER A 69.32 V 68.51 D 70.13 (subject-dependent DEAP ~98%),honest cross-subject values (subject-dependent 98% near-ceiling is separate); no SD isolated -> narrative,no,yes,yes,verified-from-full-text-table (pdftotext results table read directly),2026-06-26 results table read directly (full-census batch 9)
EEG-0167,Bihai Lin; Chuanzhi Liu; Xinyi Wu; Xiaowei Chen,2026,Selective channel bypassing meets capsules: efficient and robust EEG emotion recognition (PconvCapsNet),"Biomedical Signal Processing and Control, 2026",journal,10.1016/j.bspc.2026.110077,https://doi.org/10.1016/j.bspc.2026.110077,none found,NA,yes,DEAP,32,unclear,32,128,music-video clips,dimensional-valence,high/low valence,not reported,public,not verified,not verified,not verified,not verified,not verified,not verified,learned EEG representation from selective channel bypass + capsule network (exact input features not captured),not verified,unclear,learned deep EEG features,selective channel bypass + capsule network,none,none,no,no,not verified,yes,subject-independent (LOSO),not verified,none,not verified,unclear,accuracy,74.01,not reported,not reported,unclear,not verified,not verified,not verified,yes,mean,A (inductive),none (inductive),some-concerns,Table 7 subject-independent: DEAP A 76.13 V 74.01 D 74.72; DREAMER A 69.32 V 68.51 D 70.13 (subject-dependent DEAP ~98%),honest cross-subject values (subject-dependent 98% near-ceiling is separate); no SD isolated -> narrative,no,yes,no,verified-from-full-text-table (pdftotext results table read directly),2026-06-26 results table read directly (full-census batch 9)
EEG-0167,Bihai Lin; Chuanzhi Liu; Xinyi Wu; Xiaowei Chen,2026,Selective channel bypassing meets capsules: efficient and robust EEG emotion recognition (PconvCapsNet),"Biomedical Signal Processing and Control, 2026",journal,10.1016/j.bspc.2026.110077,https://doi.org/10.1016/j.bspc.2026.110077,none found,NA,yes,DREAMER,23,unclear,14,128,film clips,dimensional-arousal,high/low arousal,not reported,public,not verified,not verified,not verified,not verified,not verified,not verified,learned EEG representation from selective channel bypass + capsule network (exact input features not captured),not verified,unclear,learned deep EEG features,selective channel bypass + capsule network,none,none,no,no,not verified,yes,subject-independent (LOSO),not verified,none,not verified,unclear,accuracy,69.32,not reported,not reported,unclear,not verified,not verified,not verified,yes,mean,A (inductive),none (inductive),some-concerns,Table 7 subject-independent: DEAP A 76.13 V 74.01 D 74.72; DREAMER A 69.32 V 68.51 D 70.13 (subject-dependent DEAP ~98%),honest cross-subject values (subject-dependent 98% near-ceiling is separate); no SD isolated -> narrative,no,yes,no,verified-from-full-text-table (pdftotext results table read directly),2026-06-26 results table read directly (full-census batch 9)
EEG-0167,Bihai Lin; Chuanzhi Liu; Xinyi Wu; Xiaowei Chen,2026,Selective channel bypassing meets capsules: efficient and robust EEG emotion recognition (PconvCapsNet),"Biomedical Signal Processing and Control, 2026",journal,10.1016/j.bspc.2026.110077,https://doi.org/10.1016/j.bspc.2026.110077,none found,NA,yes,DREAMER,23,unclear,14,128,film clips,dimensional-valence,high/low valence,not reported,public,not verified,not verified,not verified,not verified,not verified,not verified,learned EEG representation from selective channel bypass + capsule network (exact input features not captured),not verified,unclear,learned deep EEG features,selective channel bypass + capsule network,none,none,no,no,not verified,yes,subject-independent (LOSO),not verified,none,not verified,unclear,accuracy,68.51,not reported,not reported,unclear,not verified,not verified,not verified,yes,mean,A (inductive),none (inductive),some-concerns,Table 7 subject-independent: DEAP A 76.13 V 74.01 D 74.72; DREAMER A 69.32 V 68.51 D 70.13 (subject-dependent DEAP ~98%),honest cross-subject values (subject-dependent 98% near-ceiling is separate); no SD isolated -> narrative,no,yes,no,verified-from-full-text-table (pdftotext results table read directly),2026-06-26 results table read directly (full-census batch 9)
EEG-0168,Lei Chen; Qingshan She; Ming Meng; Qizhong Zhang; Jianhai Zhang,2023,Similarity constraint style transfer mapping for emotion recognition (SCSTM),"Biomedical Signal Processing and Control, 2023",journal,10.1016/j.bspc.2022.104314,https://doi.org/10.1016/j.bspc.2022.104314,none found,NA,yes,SEED,15,unclear,62,200,film clips,discrete-3class,pos/neu/neg,not reported,public,not verified,not verified,not verified,not verified,not verified,not verified,graph/spatial EEG representation learned by similarity-constraint style transfer mapping (input feature details not captured),not verified,unclear,graph/deep spatial features,similarity-constraint style transfer mapping,style transfer mapping (target data),none,yes,no,not verified,yes,cross-subject,not verified,none,not verified,unclear,accuracy,82.29,not reported,not reported,unclear,not verified,not verified,not verified,yes,mean,B (transductive-UDA),none (transductive),some-concerns,"Table: cross-subject SCSTM SEED 81.65, DEAP 79.47; SCSTM+DSSWGFK SEED 82.29; SEED-IV 56.46",DEAP cross-subject 79.47 high vs field (~65%); no aggregate SD -> narrative,no,yes,yes,verified-from-full-text-table (pdftotext results table read directly),2026-06-26 results table read directly (full-census batch 9)
EEG-0168,Lei Chen; Qingshan She; Ming Meng; Qizhong Zhang; Jianhai Zhang,2023,Similarity constraint style transfer mapping for emotion recognition (SCSTM),"Biomedical Signal Processing and Control, 2023",journal,10.1016/j.bspc.2022.104314,https://doi.org/10.1016/j.bspc.2022.104314,none found,NA,yes,DEAP,32,unclear,32,128,music-video clips,dimensional (V/A),binary,not reported,public,not verified,not verified,not verified,not verified,not verified,not verified,graph/spatial EEG representation learned by similarity-constraint style transfer mapping (input feature details not captured),not verified,unclear,graph/deep spatial features,similarity-constraint style transfer mapping,style transfer mapping (target data),none,yes,no,not verified,yes,cross-subject,not verified,none,not verified,unclear,accuracy,79.47,not reported,not reported,unclear,not verified,not verified,not verified,yes,mean,B (transductive-UDA),none (transductive),some-concerns,"Table: cross-subject SCSTM SEED 81.65, DEAP 79.47; SCSTM+DSSWGFK SEED 82.29; SEED-IV 56.46",DEAP cross-subject 79.47 high vs field (~65%); no aggregate SD -> narrative,no,yes,no,verified-from-full-text-table (pdftotext results table read directly),2026-06-26 results table read directly (full-census batch 9)
EEG-0168,Lei Chen; Qingshan She; Ming Meng; Qizhong Zhang; Jianhai Zhang,2023,Similarity constraint style transfer mapping for emotion recognition (SCSTM),"Biomedical Signal Processing and Control, 2023",journal,10.1016/j.bspc.2022.104314,https://doi.org/10.1016/j.bspc.2022.104314,none found,NA,yes,SEED-IV,15,unclear,62,200,movie clips,discrete-4class,happy/sad/fear/neu,not reported,public,not verified,not verified,not verified,not verified,not verified,not verified,graph/spatial EEG representation learned by similarity-constraint style transfer mapping (input feature details not captured),not verified,unclear,graph/deep spatial features,similarity-constraint style transfer mapping,style transfer mapping (target data),none,yes,no,not verified,yes,cross-subject,not verified,none,not verified,unclear,accuracy,56.46,not reported,not reported,unclear,not verified,not verified,not verified,yes,mean,B (transductive-UDA),none (transductive),some-concerns,"Table: cross-subject SCSTM SEED 81.65, DEAP 79.47; SCSTM+DSSWGFK SEED 82.29; SEED-IV 56.46",DEAP cross-subject 79.47 high vs field (~65%); no aggregate SD -> narrative,no,yes,no,verified-from-full-text-table (pdftotext results table read directly),2026-06-26 results table read directly (full-census batch 9)
EEG-0169,Zhirong Wang; Ming Chen; Guofu Feng,2023,Study on Driver Cross-Subject Emotion Recognition Based on Raw Multi-Channel EEG Data (SACNN),"Electronics, 2023, 12(11):2359",journal,10.3390/electronics12112359,https://doi.org/10.3390/electronics12112359,none found,NA,yes,SEED,15,unclear,62,200,film clips,discrete-3class,pos/neu/neg,not reported,public,not verified,not verified,not verified,not verified,not verified,not verified,attention/transformer EEG representation learned by self-attention CNN (SACNN) (input feature details not captured),not verified,unclear,learned attention/transformer features,self-attention CNN (SACNN),domain adaptation (target domain),none,yes,no,not verified,yes,cross-subject (LOSO),not verified,none,not verified,unclear,accuracy,87.07,not reported,not reported,unclear,not verified,not verified,not verified,yes,mean,B (transductive-UDA),none (transductive),some-concerns,"text: cross-subject SEED 87.07, DEAP 67.99 (best 91.82 SEED reported separately)",cross-subject SEED 87.07/DEAP 67.99 plausible; no SD -> narrative,no,yes,yes,verified-from-full-text-table (pdftotext results table read directly),2026-06-26 results table read directly (full-census batch 9)
EEG-0169,Zhirong Wang; Ming Chen; Guofu Feng,2023,Study on Driver Cross-Subject Emotion Recognition Based on Raw Multi-Channel EEG Data (SACNN),"Electronics, 2023, 12(11):2359",journal,10.3390/electronics12112359,https://doi.org/10.3390/electronics12112359,none found,NA,yes,DEAP,32,unclear,32,128,music-video clips,dimensional (V/A),binary,not reported,public,not verified,not verified,not verified,not verified,not verified,not verified,attention/transformer EEG representation learned by self-attention CNN (SACNN) (input feature details not captured),not verified,unclear,learned attention/transformer features,self-attention CNN (SACNN),domain adaptation (target domain),none,yes,no,not verified,yes,cross-subject (LOSO),not verified,none,not verified,unclear,accuracy,67.99,not reported,not reported,unclear,not verified,not verified,not verified,yes,mean,B (transductive-UDA),none (transductive),some-concerns,"text: cross-subject SEED 87.07, DEAP 67.99 (best 91.82 SEED reported separately)",cross-subject SEED 87.07/DEAP 67.99 plausible; no SD -> narrative,no,yes,no,verified-from-full-text-table (pdftotext results table read directly),2026-06-26 results table read directly (full-census batch 9)
EEG-0170,Ahmed Elrefaiy; Nahed Tawfik; Nourhan Zayed; Ibrahim Elhenawy,2025,Subject-independent multi-channel voting for EEG-based emotion recognition using wavelet,"Pattern Analysis and Applications, 2025",journal,10.1007/s10044-025-01501-1,https://doi.org/10.1007/s10044-025-01501-1,none found,NA,yes,SEED-IV,15,unclear,62,200,movie clips,discrete-4class,happy/sad/fear/neu,not reported,public,not verified,not verified,not verified,not verified,not verified,not verified,time-frequency / wavelet EEG representation (parameters not captured),not verified,unclear,time-frequency/wavelet features,wavelet features + ResNet-18 multi-channel voting,none,none,no,no,not verified,yes,subject-independent (LOSO),not verified,none,not verified,unclear,accuracy,76.66,not reported,not reported,unclear,not verified,not verified,not verified,yes,mean,A (inductive),none (inductive),some-concerns,"text: subject-independent SEED-IV 76.66, SEED-V 78.12 (ResNet-18 voting)",subject-independent voting; no SD -> narrative,no,yes,yes,verified-from-full-text-table (pdftotext results table read directly),2026-06-26 results table read directly (full-census batch 9)
EEG-0170,Ahmed Elrefaiy; Nahed Tawfik; Nourhan Zayed; Ibrahim Elhenawy,2025,Subject-independent multi-channel voting for EEG-based emotion recognition using wavelet,"Pattern Analysis and Applications, 2025",journal,10.1007/s10044-025-01501-1,https://doi.org/10.1007/s10044-025-01501-1,none found,NA,yes,SEED-V,16,unclear,62,200,not verified,discrete-5class,5 emotions,not reported,public,not verified,not verified,not verified,not verified,not verified,not verified,time-frequency / wavelet EEG representation (parameters not captured),not verified,unclear,time-frequency/wavelet features,wavelet features + ResNet-18 multi-channel voting,none,none,no,no,not verified,yes,subject-independent (LOSO),not verified,none,not verified,unclear,accuracy,78.12,not reported,not reported,unclear,not verified,not verified,not verified,yes,mean,A (inductive),none (inductive),some-concerns,"text: subject-independent SEED-IV 76.66, SEED-V 78.12 (ResNet-18 voting)",subject-independent voting; no SD -> narrative,no,yes,no,verified-from-full-text-table (pdftotext results table read directly),2026-06-26 results table read directly (full-census batch 9)
EEG-0171,Yoelvis Moreno-Alcayde; V. Javier Traver; Luis A. Leiva,2023,Sneaky emotions: impact of data partitions in affective computing experiments with brain signals,"Biomedical Engineering Letters, 2023",journal,10.1007/s13534-023-00316-5,https://doi.org/10.1007/s13534-023-00316-5,none found,NA,yes,DEAP,32,unclear,32,128,music-video clips,methodological-study,binary valence,not reported,public,not verified,not verified,not verified,not verified,not verified,not verified,n/a (methodological/dataset paper),not verified,unclear,n/a (methodological/dataset paper),methodological study (data-partition analysis),N/A,none,varies (study variable),varies,not verified,study variable,compares subject-independent vs video-independent vs time-based,not verified,none,not verified,unclear,accuracy,not applicable (methodological),not reported,not reported,unclear,multiple partition conditions,not verified,not verified,yes,mean,methodological (leakage demonstration),DEMONSTRATES partition leakage: 'data transfer rate' (test data seen in training) drives accuracy,low,Finding: accuracy ranges ~50%-90% by partition; affective decoding (subject-independent) stays near baseline UNLESS test-subject data leaks into training,"KEY methodological reference for leakage thesis; no single 'proposed' accuracy -> recorded as leakage-evidence entry, not a meta result",no,yes,yes,"verified-from-full-text (OA, pdftotext read directly)",2026-06-26 OA full-text read directly (full-census batch 10)
EEG-0172,"Asadzadeh, Yousefi Rezaii, Beheshti, Meshgini",2022,Accurate emotion recognition using Bayesian model based EEG sources as dynamic graph convolutional neural network nodes,Scientific Reports 12:10282,journal,10.1038/s41598-022-14217-7,https://doi.org/10.1038/s41598-022-14217-7,none found,NA,yes,SEED,15,unclear,62,200,film clips,discrete-3class,pos/neu/neg,not reported,public,not verified,not verified,not verified,not verified,not verified,not verified,graph/spatial EEG representation learned by Bernoulli-Laplace Bayesian source model + DGCNN (input feature details not captured),not verified,unclear,graph/deep spatial features,Bernoulli-Laplace Bayesian source model + DGCNN,none stated,none,unclear,unclear,not verified,claimed,subject-independent (claimed),not verified,none,not verified,unclear,accuracy,98.51,not reported,not reported,unclear,not verified,not verified,not verified,yes,mean,ambiguous (subject-independent ~98% implausible),protocol-ambiguity; near-ceiling subject-independent suspect,high,"text: subject-independent SEED 98.51, DEAP 98.32; subject-dependent 99.25/98.96",subject-independent SEED 98.51 / DEAP 98.32 far exceeds field cross-subject (~85%/~65%); near-equal to subject-dependent -> strong leakage suspect; excluded from meta,no,yes,yes,"verified-from-full-text (OA, pdftotext read directly)",2026-06-26 OA full-text read directly (full-census batch 10)
EEG-0172,"Asadzadeh, Yousefi Rezaii, Beheshti, Meshgini",2022,Accurate emotion recognition using Bayesian model based EEG sources as dynamic graph convolutional neural network nodes,Scientific Reports 12:10282,journal,10.1038/s41598-022-14217-7,https://doi.org/10.1038/s41598-022-14217-7,none found,NA,yes,DEAP,32,unclear,32,128,music-video clips,dimensional (V/A),binary,not reported,public,not verified,not verified,not verified,not verified,not verified,not verified,graph/spatial EEG representation learned by Bernoulli-Laplace Bayesian source model + DGCNN (input feature details not captured),not verified,unclear,graph/deep spatial features,Bernoulli-Laplace Bayesian source model + DGCNN,none stated,none,unclear,unclear,not verified,claimed,subject-independent (claimed),not verified,none,not verified,unclear,accuracy,98.32,not reported,not reported,unclear,not verified,not verified,not verified,yes,mean,ambiguous (subject-independent ~98% implausible),protocol-ambiguity; near-ceiling subject-independent suspect,high,"text: subject-independent SEED 98.51, DEAP 98.32; subject-dependent 99.25/98.96",subject-independent SEED 98.51 / DEAP 98.32 far exceeds field cross-subject (~85%/~65%); near-equal to subject-dependent -> strong leakage suspect; excluded from meta,no,yes,no,"verified-from-full-text (OA, pdftotext read directly)",2026-06-26 OA full-text read directly (full-census batch 10)
EEG-0173,"Ahuja, Sethia",2025,SS-EMERGE: self-supervised enhancement for multidimension emotion recognition using GNNs for EEG,Scientific Reports 15:14254,journal,10.1038/s41598-025-98623-7,https://doi.org/10.1038/s41598-025-98623-7,none found,NA,yes,SEED,15,unclear,62,200,film clips,discrete-3class,pos/neu/neg,not reported,public,not verified,not verified,not verified,not verified,not verified,not verified,"graph/spatial EEG representation learned by causal conv + GAT + spectral embedding (self-supervised, meiosis contrastive) (input feature details not captured)",not verified,unclear,graph/deep spatial features,"causal conv + GAT + spectral embedding (self-supervised, meiosis contrastive)",self-supervised pretraining + fine-tune (minimal labels),none,yes,minimal (fine-tune),not verified,yes,LOSO,not verified,none,not verified,unclear,accuracy,92.35,not reported,not reported,unclear,not verified,not verified,not verified,yes,mean,B (transductive/SSL pretraining),none stated (SSL pretrain + LOSO),some-concerns,"abstract: LOSO SEED 92.35, SEED-IV 81.51 (10% labelled fine-tune -> 75.5% SEED)",SSL pretraining + LOSO; SEED 92.35 high end; no SD surfaced -> narrative,no,yes,yes,"verified-from-full-text (OA, pdftotext read directly)",2026-06-26 OA full-text read directly (full-census batch 10)
EEG-0173,"Ahuja, Sethia",2025,SS-EMERGE: self-supervised enhancement for multidimension emotion recognition using GNNs for EEG,Scientific Reports 15:14254,journal,10.1038/s41598-025-98623-7,https://doi.org/10.1038/s41598-025-98623-7,none found,NA,yes,SEED-IV,15,unclear,62,200,movie clips,discrete-4class,happy/sad/fear/neu,not reported,public,not verified,not verified,not verified,not verified,not verified,not verified,"graph/spatial EEG representation learned by causal conv + GAT + spectral embedding (self-supervised, meiosis contrastive) (input feature details not captured)",not verified,unclear,graph/deep spatial features,"causal conv + GAT + spectral embedding (self-supervised, meiosis contrastive)",self-supervised pretraining + fine-tune (minimal labels),none,yes,minimal (fine-tune),not verified,yes,LOSO,not verified,none,not verified,unclear,accuracy,81.51,not reported,not reported,unclear,not verified,not verified,not verified,yes,mean,B (transductive/SSL pretraining),none stated (SSL pretrain + LOSO),some-concerns,"abstract: LOSO SEED 92.35, SEED-IV 81.51 (10% labelled fine-tune -> 75.5% SEED)",SSL pretraining + LOSO; SEED 92.35 high end; no SD surfaced -> narrative,no,yes,no,"verified-from-full-text (OA, pdftotext read directly)",2026-06-26 OA full-text read directly (full-census batch 10)
EEG-0174,Xiaomin Wang; Yu Pei; Zhiguo Luo; Shaokai Zhao; Liang Xie; Ye Yan; Erwei Yin; Shuang Liu; Dong Ming,2024,Fusion of Multi-domain EEG Signatures Improves Emotion Recognition,"Journal of Integrative Neuroscience, 2024",journal,10.31083/j.jin2301018,https://doi.org/10.31083/j.jin2301018,none found,NA,yes,SEED,15,unclear,62,200,film clips,discrete-3class,pos/neu/neg,not reported,public,not verified,not verified,not verified,not verified,not verified,not verified,handcrafted or selected EEG feature set (exact list not captured),not verified,unclear,handcrafted/selected EEG features,multi-domain EEG signature fusion,none,none,no,no,not verified,yes,LOSO (cross-subject),not verified,none,not verified,unclear,accuracy,71.14,6.97,not reported,unclear,mean+-SD,not verified,not verified,yes,mean,A (inductive),none (inductive LOSO),some-concerns,"text: cross-subject SEED 71.14/6.97 (BCI2020-A 61.48/10.97, BCI2020-B 66.62/9.10)",SEED 71.14 low-end but honest LOSO; class set assumed SEED 3-class,yes,yes,yes,"verified-from-full-text (OA, pdftotext read directly)",2026-06-26 OA full-text read directly (full-census batch 11)
EEG-0175,Xin Chai; Qisong Wang; Yongping Zhao; Xin Liu; Dan Liu; Ou Bai,2018,Multi-subject subspace alignment for non-stationary EEG-based emotion recognition (MSSA),"Technology and Health Care, 2018",journal,10.3233/THC-174739,https://doi.org/10.3233/thc-174739,none found,NA,yes,SEED,15,unclear,62,200,film clips,discrete-3class,pos/neu/neg,not reported,public,not verified,not verified,not verified,not verified,not verified,not verified,"subspace, sparse, or dictionary-based EEG representation learned by multi-subject subspace alignment (exact signal features not captured)",not verified,unclear,subspace/dictionary-transfer features,multi-subject subspace alignment,subspace alignment (target data),none,yes,no,not verified,yes,LOSO (cross-subject),not verified,none,not verified,unclear,accuracy,79.61,not reported,not reported,unclear,not verified,not verified,not verified,yes,mean,B (transductive-UDA),none (transductive),some-concerns,text: MSSA SEED mean 79.61 (vs 76.31 TPT/Zheng&Lu),SEED 79.61 plausible transductive; no SD surfaced -> narrative,no,yes,yes,"verified-from-full-text (OA, pdftotext read directly)",2026-06-26 OA full-text read directly (full-census batch 11)
EEG-0176,Liu et al.,2024,Directional Spatial and Spectral Attention Network (DSSA Net) for EEG-based emotion recognition,Frontiers in Neurorobotics,journal,10.3389/fnbot.2024.1481746,https://doi.org/10.3389/fnbot.2024.1481746,none found,NA,yes,SEED,15,unclear,62,200,film clips,discrete-3class,pos/neu/neg,not reported,public,not verified,not verified,not verified,not verified,not verified,not verified,spectral-band / PSD EEG features (exact bands or estimator not captured),not verified,unclear,spectral/PSD features,directional spatial-spectral attention network,none,none,no,no,not verified,yes,subject-independent (LOSO),not verified,none,not verified,unclear,accuracy,87.03,5.97,not reported,unclear,mean+-SD (Table 1),not verified,not verified,yes,mean,A (inductive),none (inductive),some-concerns,"Table 1 mean/std: subject-independent SEED 87.03/5.97, SEED-IV 75.86/7.18 (subject-dependent SEED 96.61/5.39, SEED-IV 85.07/11.93)",clean subject-independent mean+-SD; DEAP valence 94.97 is subject-dependent (separate),yes,yes,yes,"verified-from-full-text (OA, pdftotext read directly)",2026-06-26 OA full-text read directly (full-census batch 11)
EEG-0176,Liu et al.,2024,Directional Spatial and Spectral Attention Network (DSSA Net) for EEG-based emotion recognition,Frontiers in Neurorobotics,journal,10.3389/fnbot.2024.1481746,https://doi.org/10.3389/fnbot.2024.1481746,none found,NA,yes,SEED-IV,15,unclear,62,200,movie clips,discrete-4class,happy/sad/fear/neu,not reported,public,not verified,not verified,not verified,not verified,not verified,not verified,spectral-band / PSD EEG features (exact bands or estimator not captured),not verified,unclear,spectral/PSD features,directional spatial-spectral attention network,none,none,no,no,not verified,yes,subject-independent (LOSO),not verified,none,not verified,unclear,accuracy,75.86,7.18,not reported,unclear,mean+-SD (Table 1),not verified,not verified,yes,mean,A (inductive),none (inductive),some-concerns,"Table 1 mean/std: subject-independent SEED 87.03/5.97, SEED-IV 75.86/7.18 (subject-dependent SEED 96.61/5.39, SEED-IV 85.07/11.93)",clean subject-independent mean+-SD; DEAP valence 94.97 is subject-dependent (separate),yes,yes,no,"verified-from-full-text (OA, pdftotext read directly)",2026-06-26 OA full-text read directly (full-census batch 11)
EEG-0177,(Front Comput Neurosci 2021),2021,Emotion Recognition Based on Dynamic Energy Features Using a Bi-LSTM Network,Frontiers in Computational Neuroscience,journal,10.3389/fncom.2021.741086,https://doi.org/10.3389/fncom.2021.741086,none found,NA,yes,SEED,15,unclear,62,200,film clips,discrete-3class,pos/neu/neg,not reported,public,not verified,not verified,not verified,not verified,not verified,not verified,learned EEG representation from dynamic energy features + Bi-LSTM (exact input features not captured),not verified,unclear,learned deep EEG features,dynamic energy features + Bi-LSTM,none,none,no,no,not verified,yes,LOSO (cross-subject) + 10-fold (subject-dependent) both reported,not verified,none,not verified,unclear,accuracy,69.76,not reported,not reported,unclear,mean (per-fold figures),not verified,not verified,yes,mean (LOSO),A (inductive LOSO),none for LOSO row; abstract 89.42 is 10-fold subject-dependent best,some-concerns,"text: LOSO SEED 3-class 69.76, 2-class 83.87; DEAP LOSO 72.5; abstract headline 89.42 SEED = 10-fold CV (subject-dependent), NOT cross-subject",abstract conflates 10-fold 89.42 with cross-subject; honest LOSO 3-class is 69.76 -> recorded as the cross-subject result,no,yes,yes,"verified-from-full-text (OA, pdftotext read directly)",2026-06-26 OA full-text read directly (full-census batch 12)
EEG-0177,(Front Comput Neurosci 2021),2021,Emotion Recognition Based on Dynamic Energy Features Using a Bi-LSTM Network,Frontiers in Computational Neuroscience,journal,10.3389/fncom.2021.741086,https://doi.org/10.3389/fncom.2021.741086,none found,NA,yes,DEAP,32,unclear,32,128,music-video clips,dimensional (V/A),binary,not reported,public,not verified,not verified,not verified,not verified,not verified,not verified,learned EEG representation from dynamic energy features + Bi-LSTM (exact input features not captured),not verified,unclear,learned deep EEG features,dynamic energy features + Bi-LSTM,none,none,no,no,not verified,yes,LOSO (cross-subject) + 10-fold (subject-dependent) both reported,not verified,none,not verified,unclear,accuracy,72.5,not reported,not reported,unclear,mean (per-fold figures),not verified,not verified,yes,mean (LOSO),A (inductive LOSO),none for LOSO row; abstract 89.42 is 10-fold subject-dependent best,some-concerns,"text: LOSO SEED 3-class 69.76, 2-class 83.87; DEAP LOSO 72.5; abstract headline 89.42 SEED = 10-fold CV (subject-dependent), NOT cross-subject",abstract conflates 10-fold 89.42 with cross-subject; honest LOSO 3-class is 69.76 -> recorded as the cross-subject result,no,yes,no,"verified-from-full-text (OA, pdftotext read directly)",2026-06-26 OA full-text read directly (full-census batch 12)
EEG-0178,Shaohua Zhang; Yan Feng; Ruzhen Chen; Song Huang; Qianchu Wang,2025,CNN-BiLSTM with DC-IGN for EEG emotion recognition,"Frontiers in Computational Neuroscience, 2025",journal,10.3389/fncom.2025.1589247,https://doi.org/10.3389/fncom.2025.1589247,none found,NA,yes,SEED,15,unclear,62,200,film clips,discrete-3class,pos/neu/neg,not reported,public,not verified,not verified,not verified,not verified,not verified,not verified,learned EEG representation from CNN-BiLSTM + DC-IGN disentangled features (exact input features not captured),not verified,unclear,learned deep EEG features,CNN-BiLSTM + DC-IGN disentangled features,fine-tune (target calibration),none,yes,likely (fine-tune),not verified,claimed,claimed subject-independent (fine-tune),not verified,none,not verified,unclear,accuracy,94.35,1.26,not reported,unclear,mean+-SD,not verified,not verified,yes,mean,ambiguous (near-ceiling subject-independent w/ fine-tune),near-ceiling suspect; tight SD + target fine-tune,high,"text: SEED 94.35/1.26, DEAP 89.84/90.31; very tight SD + target fine-tune -> exceeds honest cross-subject ceiling",SEED 94.35 subject-independent far above field (~85%) with 1.26 SD; flagged for visual PDF-verify; excluded from meta,no,yes,yes,"verified-from-full-text (OA, pdftotext read directly)",2026-06-26 OA full-text read directly (full-census batch 12)
EEG-0178,Shaohua Zhang; Yan Feng; Ruzhen Chen; Song Huang; Qianchu Wang,2025,CNN-BiLSTM with DC-IGN for EEG emotion recognition,"Frontiers in Computational Neuroscience, 2025",journal,10.3389/fncom.2025.1589247,https://doi.org/10.3389/fncom.2025.1589247,none found,NA,yes,DEAP,32,unclear,32,128,music-video clips,dimensional (V/A),binary,not reported,public,not verified,not verified,not verified,not verified,not verified,not verified,learned EEG representation from CNN-BiLSTM + DC-IGN disentangled features (exact input features not captured),not verified,unclear,learned deep EEG features,CNN-BiLSTM + DC-IGN disentangled features,fine-tune (target calibration),none,yes,likely (fine-tune),not verified,claimed,claimed subject-independent (fine-tune),not verified,none,not verified,unclear,accuracy,89.84,not reported,not reported,unclear,mean+-SD,not verified,not verified,yes,mean,ambiguous (near-ceiling subject-independent w/ fine-tune),near-ceiling suspect; tight SD + target fine-tune,high,"text: SEED 94.35/1.26, DEAP 89.84/90.31; very tight SD + target fine-tune -> exceeds honest cross-subject ceiling",SEED 94.35 subject-independent far above field (~85%) with 1.26 SD; flagged for visual PDF-verify; excluded from meta,no,yes,no,"verified-from-full-text (OA, pdftotext read directly)",2026-06-26 OA full-text read directly (full-census batch 12)
EEG-0179,"Lin, Jung",2017,Improving EEG-Based Emotion Classification Using Conditional Transfer Learning,Frontiers in Human Neuroscience 11:334,journal,10.3389/fnhum.2017.00334,https://doi.org/10.3389/fnhum.2017.00334,none found,NA,yes,"custom (Oscar EEG dataset, 26 subjects)",26,unclear,not verified,not verified,not verified,dimensional (2-class valence / 2-class arousal),binary valence / binary arousal,not reported,public,not verified,not verified,not verified,not verified,not verified,not verified,domain-aligned or transfer-learned EEG representation learned by conditional transfer learning (cTL) + Gaussian Naive Bayes (exact signal features not captured),not verified,unclear,domain-adaptation/transfer-learned features,conditional transfer learning (cTL) + Gaussian Naive Bayes,conditional transfer learning (select transferable source individuals),none,yes,yes (little calibration data),not verified,cross-subject TL,cross-subject transfer with per-subject calibration,not verified,none,not verified,unclear,accuracy improvement (delta),cTL +~15% valence / +~12% arousal vs subject-specific (26 subjects),not reported,not reported,unclear,paired comparison vs subject-specific baseline,not verified,not verified,yes,mean,F (few-shot target-calibration TL),"none (early TL benchmark, delta improvements not raw cross-subject acc)",some-concerns,abstract: cTL improved 26 individuals by ~15% (valence) and ~12% (arousal) vs subject-specific baseline; 14 transferable individuals identified,foundational cross-subject TL paper on private dataset; reports improvement deltas not standard LOSO accuracy -> narrative only,no,yes,yes,"verified-from-full-text (OA, pdftotext read directly)",2026-06-26 OA full-text read directly (full-census batch 12)
EEG-0180,Guangcheng Bao; Ning Zhuang; Li Tong; Bin Yan; Jun Shu; Linyuan Wang; Ying Zeng; Zhichong Shen,2020,Two-Level Domain Adaptation Neural Network for EEG-Based Emotion Recognition (TDANN),"Frontiers in Human Neuroscience, 2021",journal,10.3389/fnhum.2020.605246,https://doi.org/10.3389/fnhum.2020.605246,none found,NA,yes,SEED,15,unclear,62,200,film clips,discrete-3class,pos/neu/neg,not reported,public,not verified,not verified,not verified,not verified,not verified,not verified,graph/spatial EEG representation learned by two-level domain adaptation neural network (TDANN) (input feature details not captured),not verified,unclear,graph/deep spatial features,two-level domain adaptation neural network (TDANN),two-level (marginal+conditional) domain adaptation,none,yes,no,not verified,yes,cross-subject (LOSO),not verified,none,not verified,unclear,accuracy,87.9,not reported,not reported,unclear,not verified,not verified,not verified,yes,mean,B (transductive-UDA),none (transductive),some-concerns,"text: cross-subject SEED 3-class 87.9 (most stable, higher than WGAN-DA); self-built 4-class 56.88",SEED 87.9 high-end transductive; self-built dataset 4-class 56.88 separate; no aggregate SD -> narrative,no,yes,yes,"verified-from-full-text (OA, pdftotext read directly)",2026-06-26 OA full-text read directly (full-census batch 12)
EEG-0181,"Li, Liang, Liu, et al. (Pan)",2021,MindLink-Eumpy: An Open-Source Python Toolbox for Multimodal Emotion Recognition,Frontiers in Human Neuroscience 15:621493,journal,10.3389/fnhum.2021.621493,https://doi.org/10.3389/fnhum.2021.621493,none found,NA,yes,DEAP,32,unclear,32,128,music-video clips,dimensional-valence,high/low valence,not reported,public,not verified,not verified,not verified,not verified,not verified,not verified,multimodal EEG plus non-EEG representation/features (exact extraction not captured),not verified,unclear,multimodal features,"open-source toolbox: subject-independent LSTM (EEG) + multitask CNN (face), decision fusion",none (subject-independent LSTM),none,no,no,not verified,yes,subject-independent (LOSO),not verified,none,not verified,unclear,accuracy,78.56,not reported,not reported,unclear,not verified,not verified,not verified,yes,mean,A (inductive),none (inductive),some-concerns,"abstract: subject-independent LSTM DEAP valence 78.56, arousal 77.22 (subject-dependent multimodal 71.00/72.14 separate)",toolbox paper; DEAP subject-independent 78.56 high-end (field ~65-70%) but honest LOSO; EEG-only LSTM; no SD -> narrative,no,yes,yes,"verified-from-full-text (OA, pdftotext read directly)",2026-06-26 OA full-text read directly (full-census batch 12)
EEG-0181,"Li, Liang, Liu, et al. (Pan)",2021,MindLink-Eumpy: An Open-Source Python Toolbox for Multimodal Emotion Recognition,Frontiers in Human Neuroscience 15:621493,journal,10.3389/fnhum.2021.621493,https://doi.org/10.3389/fnhum.2021.621493,none found,NA,yes,DEAP,32,unclear,32,128,music-video clips,dimensional-arousal,high/low arousal,not reported,public,not verified,not verified,not verified,not verified,not verified,not verified,multimodal EEG plus non-EEG representation/features (exact extraction not captured),not verified,unclear,multimodal features,"open-source toolbox: subject-independent LSTM (EEG) + multitask CNN (face), decision fusion",none (subject-independent LSTM),none,no,no,not verified,yes,subject-independent (LOSO),not verified,none,not verified,unclear,accuracy,77.22,not reported,not reported,unclear,not verified,not verified,not verified,yes,mean,A (inductive),none (inductive),some-concerns,"abstract: subject-independent LSTM DEAP valence 78.56, arousal 77.22 (subject-dependent multimodal 71.00/72.14 separate)",toolbox paper; DEAP subject-independent 78.56 high-end (field ~65-70%) but honest LOSO; EEG-only LSTM; no SD -> narrative,no,yes,no,"verified-from-full-text (OA, pdftotext read directly)",2026-06-26 OA full-text read directly (full-census batch 12)
EEG-0182,"Garg, Garg, Anand, Baths",2022,Decoding the neural signatures of valence and arousal from portable EEG headset,Frontiers in Human Neuroscience 16:1051463,journal,10.3389/fnhum.2022.1051463,https://doi.org/10.3389/fnhum.2022.1051463,none found,NA,yes,DREAMER / DEAP / OASIS-elicited (Emotiv Epoc X),varies,unclear,14,128,not verified,dimensional (valence/arousal regression),continuous valence/arousal,not reported,public,not verified,not verified,not verified,not verified,not verified,not verified,handcrafted or selected EEG feature set (exact list not captured),not verified,unclear,handcrafted/selected EEG features,feature extraction/selection + ML regressors (RF etc.),none,none,no,no,not verified,yes,LOSO cross-validation,not verified,none,not verified,unclear,RMSE (regression),"valence RMSE: DREAMER 0.905, DEAP 1.902, own 2.728; arousal RMSE: DREAMER 0.749, DEAP 1.769, own 2.3",not reported,not reported,unclear,"RMSE, LOSO",not verified,not verified,yes,mean,"A (inductive LOSO, regression)",none (inductive),some-concerns,abstract: LOSO RMSE valence DREAMER 0.905 / DEAP 1.902; arousal DREAMER 0.749 / DEAP 1.769 (portable Emotiv headset),regression (RMSE) not classification accuracy -> excluded from accuracy meta; narrative (portable-headset cross-subject),no,yes,yes,"verified-from-full-text (OA, pdftotext read directly)",2026-06-26 OA full-text read directly (full-census batch 12)
EEG-0183,"Liang, Su, Fu, Wu",2022,Multi-source joint domain adaptation for cross-subject and cross-session emotion recognition from EEG (MSJDA),Frontiers in Human Neuroscience 16:921346,journal,10.3389/fnhum.2022.921346,https://doi.org/10.3389/fnhum.2022.921346,none found,NA,yes,SEED,15,unclear,62,200,film clips,discrete-3class,pos/neu/neg,not reported,public,not verified,not verified,not verified,not verified,not verified,not verified,domain-aligned or transfer-learned EEG representation learned by multi-source joint domain adaptation network (MSJDA) (exact signal features not captured),not verified,unclear,domain-adaptation/transfer-learned features,multi-source joint domain adaptation network (MSJDA),multi-source joint domain adaptation (no target labels),none,yes,no,not verified,yes,LOSO (cross-subject),not verified,none,not verified,unclear,accuracy,83.6,7.82,not reported,unclear,mean+-SD (Table),not verified,not verified,yes,mean,"B (transductive-UDA, multi-source)","none (transductive, no target labels)",some-concerns,"Table (cross-subject): MSJDA SEED 83.60/7.82 (JAN 80.68/6.55, MEERNet 80.96/6.87); cross-session SEED ~higher (separate). No target-domain labels in training.",clean transductive multi-source UDA cross-subject SEED 83.60/7.82; cross-session numbers separate,yes,yes,yes,"verified-from-full-text (OA, pdftotext read directly)",2026-06-26 OA full-text read directly (full-census batch 12)
EEG-0184,"Tavakkoli, Motie Nasrabadi",2022,A Spherical Phase Space Partitioning Based Symbolic Time Series Analysis (SPSP-STSA) for Emotion Recognition Using EEG,Frontiers in Human Neuroscience 16:936393,journal,10.3389/fnhum.2022.936393,https://doi.org/10.3389/fnhum.2022.936393,none found,NA,yes,DEAP,32,unclear,32,128,music-video clips,discrete (happiness vs sadness),happiness/sadness binary,not reported,public,not verified,not verified,not verified,not verified,not verified,not verified,spherical phase-space partitioning symbolic time-series EEG features (parameters not captured),not verified,unclear,symbolic time-series features,spherical phase-space partitioning symbolic time series analysis (SPSP-STSA),none stated,none,unclear,unclear,not verified,claimed,subject-independent (claimed),not verified,none,not verified,unclear,accuracy,98.44,not reported,not reported,unclear,not verified,not verified,not verified,yes,mean,ambiguous (subject-independent ~98% implausible),near-ceiling subject-independent suspect (DEAP binary 98.44%),high,text: subject-independent DEAP happiness/sadness 98.44% (others 90.35/84.41 comparisons),DEAP subject-independent 98.44% far exceeds field cross-subject (~65%); binary happiness-vs-sadness subset; strong leakage suspect -> excluded from meta,no,yes,yes,"verified-from-full-text (OA, pdftotext read directly)",2026-06-26 OA full-text read directly (full-census batch 12)
EEG-0185,Shuang Ran; Wei Zhong; Danting Duan; Long Ye; Qin Zhang,2023,SSTM-IS: simplified STM method based on instance selection for real-time EEG emotion recognition,"Frontiers in Human Neuroscience, 2023",journal,10.3389/fnhum.2023.1132254,https://doi.org/10.3389/fnhum.2023.1132254,none found,NA,yes,SEED,15,unclear,62,200,film clips,discrete-3class,pos/neu/neg,not reported,public,not verified,not verified,not verified,not verified,not verified,not verified,domain-aligned or transfer-learned EEG representation learned by simplified style transfer mapping + instance selection (SSTM-IS) (exact signal features not captured),not verified,unclear,domain-adaptation/transfer-learned features,simplified style transfer mapping + instance selection (SSTM-IS),style transfer mapping w/ labeled target calibration (instance selection),none,labeled+unlabeled target (few-shot/target-label; adjudicated),yes (limited target labels; adjudicated),not verified,yes,LOSO with target-session calibration,not verified,none,not verified,unclear,accuracy,86.78,6.65,not reported,unclear,mean+-SD (Table 1),not verified,not verified,yes,mean (best instance count),F (few-shot/target-label; adjudicated),none (target-label use disclosed),some-concerns,"Table 1 (cross-subject, mean+-SD): SSTM-IS SEED 86.78/6.65, SEED-IV 82.55/8.48, self-collected 77.68/5.13; uses first 3 target sessions as labeled calibration; Adjudicator: Table 1","SSTM-IS = proposed final (instance selection); SEED 86.78 plausible WITH target-label calibration; the '86.78 up to' = best over instance count; mean+-SD from comparison table; Adjudicator decision=reclassify; Uses labeled target samples; valid few-shot/target-label result, but not comparable with no-target LOSO or unlabeled UDA. reclassify to few-shot/target-label stratum",yes,yes,yes,"verified-from-full-text (OA, pdftotext read directly)",2026-06-26 OA full-text read directly (full-census batch 12); adjudicator decision applied 2026-07-04
EEG-0185,Shuang Ran; Wei Zhong; Danting Duan; Long Ye; Qin Zhang,2023,SSTM-IS: simplified STM method based on instance selection for real-time EEG emotion recognition,"Frontiers in Human Neuroscience, 2023",journal,10.3389/fnhum.2023.1132254,https://doi.org/10.3389/fnhum.2023.1132254,none found,NA,yes,SEED-IV,15,unclear,62,200,movie clips,discrete-4class,happy/sad/fear/neu,not reported,public,not verified,not verified,not verified,not verified,not verified,not verified,domain-aligned or transfer-learned EEG representation learned by simplified style transfer mapping + instance selection (SSTM-IS) (exact signal features not captured),not verified,unclear,domain-adaptation/transfer-learned features,simplified style transfer mapping + instance selection (SSTM-IS),style transfer mapping w/ labeled target calibration (instance selection),none,labeled+unlabeled target (few-shot/target-label; adjudicated),yes (limited target labels; adjudicated),not verified,yes,LOSO with target-session calibration,not verified,none,not verified,unclear,accuracy,82.55,8.48,not reported,unclear,mean+-SD (Table 1),not verified,not verified,yes,mean (best instance count),F (few-shot/target-label; adjudicated),none (target-label use disclosed),some-concerns,"Table 1 (cross-subject, mean+-SD): SSTM-IS SEED 86.78/6.65, SEED-IV 82.55/8.48, self-collected 77.68/5.13; uses first 3 target sessions as labeled calibration; Adjudicator: Table 1","SSTM-IS = proposed final (instance selection); SEED 86.78 plausible WITH target-label calibration; the '86.78 up to' = best over instance count; mean+-SD from comparison table; Adjudicator decision=reclassify; Uses labeled target samples; valid few-shot/target-label result, but not comparable with no-target LOSO or unlabeled UDA. reclassify to few-shot/target-label stratum",yes,yes,yes,"verified-from-full-text (OA, pdftotext read directly)",2026-06-26 OA full-text read directly (full-census batch 12); adjudicator decision applied 2026-07-04
EEG-0186,"Li, Pan, Huang, Pan, Wang",2023,STGATE: Spatial-temporal graph attention network with a transformer encoder for EEG-based emotion recognition,Frontiers in Human Neuroscience 17:1169949,journal,10.3389/fnhum.2023.1169949,https://doi.org/10.3389/fnhum.2023.1169949,none found,NA,yes,SEED,15,unclear,62,200,film clips,discrete-3class,pos/neu/neg,not reported,public,not verified,not verified,not verified,not verified,not verified,not verified,graph/spatial EEG representation learned by spatial-temporal graph attention network + transformer encoder (STGATE) (input feature details not captured),not verified,unclear,graph/deep spatial features,spatial-temporal graph attention network + transformer encoder (STGATE),none,none,no,no,not verified,yes,leave-one-subject-out (cross-subject),not verified,none,not verified,unclear,accuracy,90.37,6.18,not reported,unclear,mean+-SD (Tables 1-2),not verified,not verified,yes,mean,A (inductive LOSO),"none (inductive LOSO, no target data)",some-concerns,"Tables: cross-subject mean/std SEED 90.37/6.18, SEED-IV 76.43/5.01, DREAMER 76.35/8.40 (valence 77.44/8.40, arousal 75.26/9.71)","SEED 90.37 high-end for inductive but full mean+-SD, reputable LOSO, no target data -> meta-eligible",yes,yes,yes,"verified-from-full-text (OA, pdftotext read directly)",2026-06-26 OA full-text read directly (full-census batch 12)
EEG-0186,"Li, Pan, Huang, Pan, Wang",2023,STGATE: Spatial-temporal graph attention network with a transformer encoder for EEG-based emotion recognition,Frontiers in Human Neuroscience 17:1169949,journal,10.3389/fnhum.2023.1169949,https://doi.org/10.3389/fnhum.2023.1169949,none found,NA,yes,SEED-IV,15,unclear,62,200,movie clips,discrete-4class,happy/sad/fear/neu,not reported,public,not verified,not verified,not verified,not verified,not verified,not verified,graph/spatial EEG representation learned by spatial-temporal graph attention network + transformer encoder (STGATE) (input feature details not captured),not verified,unclear,graph/deep spatial features,spatial-temporal graph attention network + transformer encoder (STGATE),none,none,no,no,not verified,yes,leave-one-subject-out (cross-subject),not verified,none,not verified,unclear,accuracy,76.43,5.01,not reported,unclear,mean+-SD (Tables 1-2),not verified,not verified,yes,mean,A (inductive LOSO),"none (inductive LOSO, no target data)",some-concerns,"Tables: cross-subject mean/std SEED 90.37/6.18, SEED-IV 76.43/5.01, DREAMER 76.35/8.40 (valence 77.44/8.40, arousal 75.26/9.71)","SEED 90.37 high-end for inductive but full mean+-SD, reputable LOSO, no target data -> meta-eligible",yes,yes,no,"verified-from-full-text (OA, pdftotext read directly)",2026-06-26 OA full-text read directly (full-census batch 12)
EEG-0186,"Li, Pan, Huang, Pan, Wang",2023,STGATE: Spatial-temporal graph attention network with a transformer encoder for EEG-based emotion recognition,Frontiers in Human Neuroscience 17:1169949,journal,10.3389/fnhum.2023.1169949,https://doi.org/10.3389/fnhum.2023.1169949,none found,NA,yes,DREAMER,23,unclear,14,128,film clips,dimensional (V/A avg),high/low (V/A averaged),not reported,public,not verified,not verified,not verified,not verified,not verified,not verified,graph/spatial EEG representation learned by spatial-temporal graph attention network + transformer encoder (STGATE) (input feature details not captured),not verified,unclear,graph/deep spatial features,spatial-temporal graph attention network + transformer encoder (STGATE),none,none,no,no,not verified,yes,leave-one-subject-out (cross-subject),not verified,none,not verified,unclear,accuracy,76.35,8.4,not reported,unclear,mean+-SD (Tables 1-2),not verified,not verified,yes,mean,A (inductive LOSO),"none (inductive LOSO, no target data)",some-concerns,"Tables: cross-subject mean/std SEED 90.37/6.18, SEED-IV 76.43/5.01, DREAMER 76.35/8.40 (valence 77.44/8.40, arousal 75.26/9.71)","SEED 90.37 high-end for inductive but full mean+-SD, reputable LOSO, no target data -> meta-eligible",yes,yes,no,"verified-from-full-text (OA, pdftotext read directly)",2026-06-26 OA full-text read directly (full-census batch 12)
EEG-0187,Wei Lu; Haiyan Liu; Hua Ma; Tien-Ping Tan; Lingnan Xia,2023,Hybrid transfer learning strategy for cross-subject EEG emotion recognition (DFF-Net),"Frontiers in Human Neuroscience, 2023",journal,10.3389/fnhum.2023.1280241,https://doi.org/10.3389/fnhum.2023.1280241,none found,NA,yes,SEED,15,unclear,62,200,film clips,discrete-3class,pos/neu/neg,not reported,public,not verified,not verified,not verified,not verified,not verified,not verified,domain-aligned or transfer-learned EEG representation learned by Domain Adaptation + Few-shot Fine-tuning Network (DFF-Net) (exact signal features not captured),not verified,unclear,domain-adaptation/transfer-learned features,Domain Adaptation + Few-shot Fine-tuning Network (DFF-Net),domain adaptation + few-shot fine-tuning on target,none,labeled+unlabeled target (few-shot/target-label; adjudicated),yes (limited target labels; adjudicated),not verified,yes,LOSO with few-shot target fine-tuning,not verified,none,not verified,unclear,accuracy,93.37,1.88,not reported,unclear,mean+-SD,not verified,not verified,yes,mean,F (few-shot/target-label; adjudicated),none (target-label use disclosed),some-concerns,"abstract+text: SEED 93.37 (dispersion 1.88), SEED-IV 82.32; ablation w/o FT&DA 58.94, only-DA 71.32, only-FT 88.09 -> FT (target labels) drives accuracy; Adjudicator: Table 3","93.37 high but uses few-shot target labels by design (protocol F); SEED-IV 82.32 no SD; Adjudicator decision=reclassify; Uses labeled target samples; valid few-shot/target-label result, but not comparable with no-target LOSO or unlabeled UDA. reclassify to few-shot/target-label stratum",yes,yes,yes,"verified-from-full-text (OA, pdftotext read directly)",2026-06-26 OA full-text read directly (full-census batch 13); adjudicator decision applied 2026-07-04
EEG-0187,Wei Lu; Haiyan Liu; Hua Ma; Tien-Ping Tan; Lingnan Xia,2023,Hybrid transfer learning strategy for cross-subject EEG emotion recognition (DFF-Net),"Frontiers in Human Neuroscience, 2023",journal,10.3389/fnhum.2023.1280241,https://doi.org/10.3389/fnhum.2023.1280241,none found,NA,yes,SEED-IV,15,unclear,62,200,movie clips,discrete-4class,happy/sad/fear/neu,not reported,public,not verified,not verified,not verified,not verified,not verified,not verified,domain-aligned or transfer-learned EEG representation learned by Domain Adaptation + Few-shot Fine-tuning Network (DFF-Net) (exact signal features not captured),not verified,unclear,domain-adaptation/transfer-learned features,Domain Adaptation + Few-shot Fine-tuning Network (DFF-Net),domain adaptation + few-shot fine-tuning on target,none,yes,yes (few-shot fine-tune),not verified,yes,LOSO with few-shot target fine-tuning,not verified,none,not verified,unclear,accuracy,82.32,not reported,not reported,unclear,mean+-SD,not verified,not verified,yes,mean,F (few-shot target-calibration),none (declared few-shot calibration; target labels used by design),some-concerns,"abstract+text: SEED 93.37 (dispersion 1.88), SEED-IV 82.32; ablation w/o FT&DA 58.94, only-DA 71.32, only-FT 88.09 -> FT (target labels) drives accuracy",93.37 high but uses few-shot target labels by design (protocol F); SEED-IV 82.32 no SD,no,yes,no,"verified-from-full-text (OA, pdftotext read directly)",2026-06-26 OA full-text read directly (full-census batch 13)
EEG-0188,Xu Wu; Xiangyu Ju; Sheng Dai; Xinyu Li; Ming Li,2024,Multi-source domain adaptation for EEG emotion recognition based on inter-domain sample hybridization,"Frontiers in Human Neuroscience, 2024",journal,10.3389/fnhum.2024.1464431,https://doi.org/10.3389/fnhum.2024.1464431,none found,NA,yes,SEED,15,unclear,62,200,film clips,discrete-3class,pos/neu/neg,not reported,public,not verified,not verified,not verified,not verified,not verified,not verified,domain-aligned or transfer-learned EEG representation learned by multi-source DA common-branch network + sample hybridization (exact signal features not captured),not verified,unclear,domain-adaptation/transfer-learned features,multi-source DA common-branch network + sample hybridization,multi-source domain adaptation (unlabeled target via sample hybridization),none,yes,no,not verified,yes,LOSO (cross-subject),not verified,none,not verified,unclear,accuracy,90.27,5.56,not reported,unclear,mean+-SD (Table),not verified,not verified,yes,mean,"B (transductive-UDA, multi-source)","none (transductive, no target labels)",some-concerns,"Table cross-subject: SEED 90.27/5.56, SEED-IV 73.41/8.27 (cross-session SEED 94.16/6.92, SEED-IV 75.05/8.19 separate)",cross-subject SEED 90.27 high-end transductive; SD from comparison table; cross-session numbers kept separate,yes,yes,yes,"verified-from-full-text (OA, pdftotext read directly)",2026-06-26 OA full-text read directly (full-census batch 13)
EEG-0188,Xu Wu; Xiangyu Ju; Sheng Dai; Xinyu Li; Ming Li,2024,Multi-source domain adaptation for EEG emotion recognition based on inter-domain sample hybridization,"Frontiers in Human Neuroscience, 2024",journal,10.3389/fnhum.2024.1464431,https://doi.org/10.3389/fnhum.2024.1464431,none found,NA,yes,SEED-IV,15,unclear,62,200,movie clips,discrete-4class,happy/sad/fear/neu,not reported,public,not verified,not verified,not verified,not verified,not verified,not verified,domain-aligned or transfer-learned EEG representation learned by multi-source DA common-branch network + sample hybridization (exact signal features not captured),not verified,unclear,domain-adaptation/transfer-learned features,multi-source DA common-branch network + sample hybridization,multi-source domain adaptation (unlabeled target via sample hybridization),none,yes,no,not verified,yes,LOSO (cross-subject),not verified,none,not verified,unclear,accuracy,73.41,8.27,not reported,unclear,mean+-SD (Table),not verified,not verified,yes,mean,"B (transductive-UDA, multi-source)","none (transductive, no target labels)",some-concerns,"Table cross-subject: SEED 90.27/5.56, SEED-IV 73.41/8.27 (cross-session SEED 94.16/6.92, SEED-IV 75.05/8.19 separate)",cross-subject SEED 90.27 high-end transductive; SD from comparison table; cross-session numbers kept separate,yes,yes,no,"verified-from-full-text (OA, pdftotext read directly)",2026-06-26 OA full-text read directly (full-census batch 13)
EEG-0189,Wei Lu; Xiaobo Zhang; Lingnan Xia; Hua Ma; Tien-Ping Tan,2024,Domain adaptation spatial feature perception neural network for cross-subject EEG emotion recognition (DSP-EmotionNet),"Frontiers in Human Neuroscience, 2024",journal,10.3389/fnhum.2024.1471634,https://doi.org/10.3389/fnhum.2024.1471634,none found,NA,yes,SEED,15,unclear,62,200,film clips,discrete-3class,pos/neu/neg,not reported,public,not verified,not verified,not verified,not verified,not verified,not verified,learned EEG representation from domain-adaptation spatial-feature perception network (DSP-EmotionNet) (exact input features not captured),not verified,unclear,learned deep EEG features,domain-adaptation spatial-feature perception network (DSP-EmotionNet),domain adaptation (unlabeled target),none,yes,no,not verified,yes,LOSO (cross-subject),not verified,none,not verified,unclear,accuracy,82.5,not reported,not reported,unclear,not verified,not verified,not verified,yes,mean,B (transductive-UDA),none (transductive),some-concerns,"text+Table: SEED 82.5, SEED-IV 65.9 (point estimates, no SD); ablation SAE 69.7/51.4, STE 72.6/55.6",SEED 82.5 / SEED-IV 65.9 plausible transductive; no SD reported -> narrative,no,yes,yes,"verified-from-full-text (OA, pdftotext read directly)",2026-06-26 OA full-text read directly (full-census batch 13)
EEG-0189,Wei Lu; Xiaobo Zhang; Lingnan Xia; Hua Ma; Tien-Ping Tan,2024,Domain adaptation spatial feature perception neural network for cross-subject EEG emotion recognition (DSP-EmotionNet),"Frontiers in Human Neuroscience, 2024",journal,10.3389/fnhum.2024.1471634,https://doi.org/10.3389/fnhum.2024.1471634,none found,NA,yes,SEED-IV,15,unclear,62,200,movie clips,discrete-4class,happy/sad/fear/neu,not reported,public,not verified,not verified,not verified,not verified,not verified,not verified,learned EEG representation from domain-adaptation spatial-feature perception network (DSP-EmotionNet) (exact input features not captured),not verified,unclear,learned deep EEG features,domain-adaptation spatial-feature perception network (DSP-EmotionNet),domain adaptation (unlabeled target),none,yes,no,not verified,yes,LOSO (cross-subject),not verified,none,not verified,unclear,accuracy,65.9,not reported,not reported,unclear,not verified,not verified,not verified,yes,mean,B (transductive-UDA),none (transductive),some-concerns,"text+Table: SEED 82.5, SEED-IV 65.9 (point estimates, no SD); ablation SAE 69.7/51.4, STE 72.6/55.6",SEED 82.5 / SEED-IV 65.9 plausible transductive; no SD reported -> narrative,no,yes,no,"verified-from-full-text (OA, pdftotext read directly)",2026-06-26 OA full-text read directly (full-census batch 13)
EEG-0190,"You, Zhong, He, Liu, Zhong",2025,Cross-subject affective analysis based on dynamic brain functional networks,Frontiers in Human Neuroscience 19:1445763,journal,10.3389/fnhum.2025.1445763,https://doi.org/10.3389/fnhum.2025.1445763,none found,NA,yes,DEAP,32,unclear,32,128,music-video clips,dimensional (V/A),binary,not reported,public,not verified,not verified,not verified,not verified,not verified,not verified,dynamic brain functional network EEG features (connectivity metric/window details not captured),not verified,unclear,dynamic brain functional-network features,dynamic brain functional networks + classifier,none stated,none,unclear,unclear,not verified,claimed (LOSO),LOSO (DEAP),not verified,none,not verified,unclear,accuracy,"pending PDF-verify (Dynamic-10 reported 94.69/10.3, suspect)",see note,not reported,unclear,mean+-SD (large SDs),not verified,not verified,yes,mean,ambiguous (DEAP cross-subject ~94% near-ceiling suspect),near-ceiling suspect: Dynamic-10 DEAP 94.69/10.3 with very large SD -> possible per-subject/subject-dependent contamination,high,"Table: Static 90.31/10.15, Dynamic-10 94.69/10.3 (DEAP); SDs 10-24 suggest per-subject; 94.69 DEAP cross-subject implausibly high",PARTIAL - cross-subject protocol verified; proposed accuracy pending visual PDF-table read (pdftotext table garbled/ambiguous); Dynamic-10 DEAP 94.69 cross-subject far exceeds field (~65-70%) -> visual verify static/dynamic & subject-dep vs LOSO before any meta use,no,yes,yes,PARTIAL - pending visual PDF-table verify (near-ceiling suspect),2026-06-26 OA full-text read directly (full-census batch 13)
EEG-0191,Jingjing Li; Xinqi Liu; Xia Wu; Ya Wang; Xin Huang,2026,DSP-MCF: dual stream pre-training and multi-view consistency fine-tuning for cross-subject EEG emotion recognition,"Frontiers in Human Neuroscience, 2026",journal,10.3389/fnhum.2026.1723907,https://doi.org/10.3389/fnhum.2026.1723907,none found,NA,yes,SEED,15,unclear,62,200,film clips,discrete-3class,pos/neu/neg,not reported,public,not verified,not verified,not verified,not verified,not verified,not verified,self-supervised or contrastive EEG representation learned by dual-stream pretrain + multi-view consistency fine-tuning (DSP-MCF) (input feature details not captured),not verified,unclear,learned self-supervised/contrastive features,dual-stream pretrain + multi-view consistency fine-tuning (DSP-MCF),domain generalization (no target access) + source-side fine-tuning,none,no,no,not verified,yes,"LOSO (cross-subject, domain generalization)",not verified,none,not verified,unclear,accuracy,89.76,not reported,not reported,unclear,not verified,not verified,not verified,yes,mean,K (domain generalization),"none (DG, no target access)",some-concerns,"abstract: DG architecture, 'operates without any access to target domain'; SEED 89.76, SEED-IV 77.02 (point estimates, no SD)",domain generalization; SEED 89.76 high-end DG; no SD reported -> narrative,no,yes,yes,"verified-from-full-text (OA, pdftotext read directly)",2026-06-26 OA full-text read directly (full-census batch 13)
EEG-0191,Jingjing Li; Xinqi Liu; Xia Wu; Ya Wang; Xin Huang,2026,DSP-MCF: dual stream pre-training and multi-view consistency fine-tuning for cross-subject EEG emotion recognition,"Frontiers in Human Neuroscience, 2026",journal,10.3389/fnhum.2026.1723907,https://doi.org/10.3389/fnhum.2026.1723907,none found,NA,yes,SEED-IV,15,unclear,62,200,movie clips,discrete-4class,happy/sad/fear/neu,not reported,public,not verified,not verified,not verified,not verified,not verified,not verified,self-supervised or contrastive EEG representation learned by dual-stream pretrain + multi-view consistency fine-tuning (DSP-MCF) (input feature details not captured),not verified,unclear,learned self-supervised/contrastive features,dual-stream pretrain + multi-view consistency fine-tuning (DSP-MCF),domain generalization (no target access) + source-side fine-tuning,none,no,no,not verified,yes,"LOSO (cross-subject, domain generalization)",not verified,none,not verified,unclear,accuracy,77.02,not reported,not reported,unclear,not verified,not verified,not verified,yes,mean,K (domain generalization),"none (DG, no target access)",some-concerns,"abstract: DG architecture, 'operates without any access to target domain'; SEED 89.76, SEED-IV 77.02 (point estimates, no SD)",domain generalization; SEED 89.76 high-end DG; no SD reported -> narrative,no,yes,no,"verified-from-full-text (OA, pdftotext read directly)",2026-06-26 OA full-text read directly (full-census batch 13)
EEG-0192,"Li, Zhao, Song, et al.",2020,Latent Factor Decoding of Multi-Channel EEG for Emotion Recognition Through Autoencoder-Like Neural Networks,Frontiers in Neuroscience 14:87,journal,10.3389/fnins.2020.00087,https://doi.org/10.3389/fnins.2020.00087,none found,NA,yes,DEAP,32,unclear,32,128,music-video clips,dimensional (V/A),binary,not reported,public,not verified,not verified,not verified,not verified,not verified,not verified,learned EEG representation from autoencoder-like latent factor decoding + L1-SVM (exact input features not captured),not verified,unclear,learned deep EEG features,autoencoder-like latent factor decoding + L1-SVM,none (latent default-brain-variable factoring),none,no,no,not verified,yes,"LOSO (cross-subject, DEAP)",not verified,none,not verified,unclear,accuracy,"pending PDF-verify (cross-subject DEAP, Fig 6)",not reported,not reported,unclear,not verified,not verified,not verified,yes,mean,A (inductive LOSO),none (inductive),some-concerns,text: 'Mean cross-subject recognition performance' with L1-SVM; proposed accuracy reported in figures not cleanly in pdftotext,"PARTIAL - cross-subject protocol verified; proposed accuracy pending visual PDF-table read (pdftotext table garbled/ambiguous); cross-subject DEAP latent-factor; mean accuracy in Figure 6, needs visual read",no,yes,yes,PARTIAL - pending visual PDF-figure verify,2026-06-26 OA full-text read directly (full-census batch 13)
EEG-0193,"Tao, Dan",2021,Multi-Source Co-adaptation for EEG-Based Emotion Recognition by Mining Correlation Information,Frontiers in Neuroscience 15:677106,journal,10.3389/fnins.2021.677106,https://doi.org/10.3389/fnins.2021.677106,none found,NA,yes,SEED / DEAP (cross-subject & cross-dataset),varies,unclear,varies,varies,not verified,discrete/dimensional,varies,not reported,public,not verified,not verified,not verified,not verified,not verified,not verified,domain-aligned or transfer-learned EEG representation learned by multi-source co-adaptation (correlation mining) (exact signal features not captured),not verified,unclear,domain-adaptation/transfer-learned features,multi-source co-adaptation (correlation mining),multi-source domain adaptation (LOSO),none,yes,unclear,not verified,yes,LOSO (cross-subject / cross-dataset),not verified,none,not verified,unclear,accuracy,pending PDF-verify (LOSO tables),not reported,not reported,unclear,not verified,not verified,not verified,yes,mean,B/E (multi-source DA; cross-subject & cross-dataset tables),none stated,some-concerns,text: LOSO cross-validation; proposed accuracies in large cross-dataset comparison tables (pdftotext garbled),PARTIAL - cross-subject protocol verified; proposed accuracy pending visual PDF-table read (pdftotext table garbled/ambiguous); multi-source co-adaptation; cross-subject & cross-dataset cells need visual read,no,yes,yes,PARTIAL - pending visual PDF-table verify,2026-06-26 OA full-text read directly (full-census batch 13)
EEG-0194,"Tao, Dan, Zhou, He",2022,Robust Latent Multi-Source Adaptation for Encephalogram-Based Emotion Recognition (LMA),Frontiers in Neuroscience 16:850906,journal,10.3389/fnins.2022.850906,https://doi.org/10.3389/fnins.2022.850906,none found,NA,yes,SEED->DEAP (cross-dataset),32,unclear,32,128,not verified,dimensional (V/A),binary,not reported,public,not verified,not verified,not verified,not verified,not verified,not verified,self-supervised or contrastive EEG representation learned by robust latent multi-source adaptation (LMA) (input feature details not captured),not verified,unclear,learned self-supervised/contrastive features,robust latent multi-source adaptation (LMA),multi-source latent adaptation (cross-dataset),none,yes,no,not verified,yes,cross-dataset (SEED sessions -> DEAP target),not verified,cross-dataset,not verified,unclear,accuracy,74.57,not reported,not reported,unclear,not verified,not verified,not verified,yes,mean,E (cross-dataset transfer),"none (cross-dataset, no target labels)",some-concerns,"Table: {SI,SIII}->DEAP LMA 74.57 (ablations LMA_NF 73.52, LMA_NL 69.13, LMA_NS 72.68); FSSL no-adapt SEED 53.78","cross-DATASET transfer (SEED->DEAP) 74.57, not within-SEED LOSO; protocol E -> narrative, not pooled with within-dataset SEED meta",no,yes,yes,"verified-from-full-text (OA, pdftotext read directly)",2026-06-26 OA full-text read directly (full-census batch 13)
EEG-0195,"Perry Fordson, Xing, Guo, Xu",2022,Not All Electrode Channels Are Needed: Knowledge Transfer From Only Stimulated Brain Regions for EEG Emotion Recognition,Frontiers in Neuroscience 16:865201,journal,10.3389/fnins.2022.865201,https://doi.org/10.3389/fnins.2022.865201,none found,NA,yes,DEAP / MAHNOB-HCI,varies,unclear,varies,varies,not verified,dimensional (V/A),binary,not reported,public,not verified,not verified,not verified,not verified,not verified,not verified,domain-aligned or transfer-learned EEG representation learned by channel-selective knowledge transfer (stimulated regions) (exact signal features not captured),not verified,unclear,domain-adaptation/transfer-learned features,channel-selective knowledge transfer (stimulated regions),domain adaptation (leave-one-out cross-subject),none,yes,unclear,not verified,yes,leave-one-subject-out (cross-subject),not verified,none,not verified,unclear,accuracy,pending PDF-verify (LOSO tables),not reported,not reported,unclear,not verified,not verified,not verified,yes,mean,B (transductive-UDA),none stated,some-concerns,"text Sec 3.1: 'cross-subject setting, leave-one-out cross-validation on each database'; proposed accuracy in tables (pdftotext garbled)",PARTIAL - cross-subject protocol verified; proposed accuracy pending visual PDF-table read (pdftotext table garbled/ambiguous); channel-selective transfer; DEAP/MAHNOB cross-subject cells need visual read,no,yes,yes,PARTIAL - pending visual PDF-table verify,2026-06-26 OA full-text read directly (full-census batch 13)
EEG-0196,"Chen, Min, Wang, Tang, Liu, Hu",2022,EEG Emotion Recognition Using Brain Connectivity Feature and Domain Adaptive Residual Convolution Model,Frontiers in Neuroscience 16:878146,journal,10.3389/fnins.2022.878146,https://doi.org/10.3389/fnins.2022.878146,none found,NA,yes,DEAP,32,unclear,32,128,music-video clips,dimensional-valence,high/low valence,not reported,public,not verified,not verified,not verified,not verified,not verified,not verified,functional-connectivity / brain-network EEG features (metric/window details not captured),not verified,unclear,connectivity/brain-network features,brain-connectivity (PLV) feature + domain-adaptive residual CNN,domain-adaptive residual convolution (unlabeled target),none,yes,no,not verified,yes,LOSO (subject-independent) + 10-fold (subject-dependent) both reported,not verified,none,not verified,unclear,accuracy,88.28,not reported,not reported,unclear,mean (per-subject averaged),not verified,not verified,yes,mean,B (transductive-UDA),high-end DEAP cross-subject suspect (88.28% valence),some-concerns,"text: subject-independent binary valence 88.28%, arousal 87.66% (PLV); subject-dependent 95.15% (separate)","DEAP subject-independent valence 88.28 high vs field (~65-70%) but explicitly distinguished from subject-dependent 95.15; transductive DA; no clean SD for SI row -> narrative, high-end flag",no,yes,yes,"verified-from-full-text (OA, pdftotext read directly)",2026-06-26 OA full-text read directly (full-census batch 13)
EEG-0196,"Chen, Min, Wang, Tang, Liu, Hu",2022,EEG Emotion Recognition Using Brain Connectivity Feature and Domain Adaptive Residual Convolution Model,Frontiers in Neuroscience 16:878146,journal,10.3389/fnins.2022.878146,https://doi.org/10.3389/fnins.2022.878146,none found,NA,yes,DEAP,32,unclear,32,128,music-video clips,dimensional-arousal,high/low arousal,not reported,public,not verified,not verified,not verified,not verified,not verified,not verified,functional-connectivity / brain-network EEG features (metric/window details not captured),not verified,unclear,connectivity/brain-network features,brain-connectivity (PLV) feature + domain-adaptive residual CNN,domain-adaptive residual convolution (unlabeled target),none,yes,no,not verified,yes,LOSO (subject-independent) + 10-fold (subject-dependent) both reported,not verified,none,not verified,unclear,accuracy,87.66,not reported,not reported,unclear,mean (per-subject averaged),not verified,not verified,yes,mean,B (transductive-UDA),high-end DEAP cross-subject suspect (88.28% valence),some-concerns,"text: subject-independent binary valence 88.28%, arousal 87.66% (PLV); subject-dependent 95.15% (separate)","DEAP subject-independent valence 88.28 high vs field (~65-70%) but explicitly distinguished from subject-dependent 95.15; transductive DA; no clean SD for SI row -> narrative, high-end flag",no,yes,no,"verified-from-full-text (OA, pdftotext read directly)",2026-06-26 OA full-text read directly (full-census batch 13)
EEG-0197,Jianwen Tao; Yufang Dan; Di Zhou,2023,Local domain generalization with low-rank constraint for EEG-based emotion recognition (LDG),"Frontiers in Neuroscience, 2023",journal,10.3389/fnins.2023.1213099,https://doi.org/10.3389/fnins.2023.1213099,none found,NA,yes,SEED / DEAP (5-fold cross-subject + cross-dataset),varies,unclear,varies,varies,not verified,discrete/dimensional,varies,not reported,public,not verified,not verified,not verified,not verified,not verified,not verified,handcrafted/statistical EEG features or selected feature set (exact feature list not captured),not verified,unclear,handcrafted/statistical features,local domain generalization + low-rank constraint (LDG),domain generalization (no target in training),none,no,no,not verified,yes,5-fold cross-subject within-dataset + cross-dataset within-session,5,none,not verified,unclear,accuracy,75.06 (+-4.97) reported but dataset-cell ambiguous - pending PDF-verify,4.97 (cell ambiguous),not reported,unclear,mean+-SD,not verified,not verified,yes,mean,K (domain generalization),none (DG),some-concerns,text: LDG best mean 75.06/4.97 'in all cases' (LRE-SVM 73.32/3.85); SEED+DEAP under cross-subject within-dataset & cross-dataset,"PARTIAL - cross-subject protocol verified; proposed accuracy pending visual PDF-table read (pdftotext table garbled/ambiguous); LDG 75.06/4.97 dataset/protocol-cell attribution ambiguous (SEED vs DEAP, within vs cross-dataset) -> visual verify before meta",no,yes,yes,PARTIAL - pending visual PDF-table verify (dataset attribution),2026-06-26 OA full-text read directly (full-census batch 13)
EEG-0198,Jianwen Tao; Yufang Dan; Di Zhou,2023,Possibilistic distribution distance metric: a robust domain adaptation learning method (C-PDDM),"Frontiers in Neuroscience, 2023",journal,10.3389/fnins.2023.1247082,https://doi.org/10.3389/fnins.2023.1247082,none found,NA,yes,SEED,15,unclear,62,200,film clips,discrete-3class,pos/neu/neg,not reported,public,not verified,not verified,not verified,not verified,not verified,not verified,domain-aligned or transfer-learned EEG representation learned by possibilistic distribution distance metric DA (C-PDDM) (exact signal features not captured),not verified,unclear,domain-adaptation/transfer-learned features,possibilistic distribution distance metric DA (C-PDDM),"unsupervised domain adaptation (possibilistic distance, no target labels)",none,yes,no,not verified,yes,leave-one-subject-out (cross-subject single-session; also cross-subject cross-session),not verified,none,not verified,unclear,accuracy,86.49,5.2,not reported,unclear,mean+-SD,not verified,not verified,yes,mean,B (transductive-UDA),"none (UDA, no target labels)",some-concerns,"text: SEED 3-class cross-subject cross-session 73.82/6.12, single-session LOSO 86.49/5.20; SEED-IV 67.83/8.06 (cross-session) & 72.88/6.02 (single-session)","single-session LOSO (field-standard) = SEED 86.49/5.20, SEED-IV 72.88/6.02 -> meta; cross-session 73.82/67.83 kept as narrative",yes,yes,yes,"verified-from-full-text (OA, pdftotext read directly)",2026-06-26 OA full-text read directly (full-census batch 13)
EEG-0198,Jianwen Tao; Yufang Dan; Di Zhou,2023,Possibilistic distribution distance metric: a robust domain adaptation learning method (C-PDDM),"Frontiers in Neuroscience, 2023",journal,10.3389/fnins.2023.1247082,https://doi.org/10.3389/fnins.2023.1247082,none found,NA,yes,SEED-IV,15,unclear,62,200,movie clips,discrete-4class,happy/sad/fear/neu,not reported,public,not verified,not verified,not verified,not verified,not verified,not verified,domain-aligned or transfer-learned EEG representation learned by possibilistic distribution distance metric DA (C-PDDM) (exact signal features not captured),not verified,unclear,domain-adaptation/transfer-learned features,possibilistic distribution distance metric DA (C-PDDM),"unsupervised domain adaptation (possibilistic distance, no target labels)",none,yes,no,not verified,yes,leave-one-subject-out (cross-subject single-session; also cross-subject cross-session),not verified,none,not verified,unclear,accuracy,72.88,6.02,not reported,unclear,mean+-SD,not verified,not verified,yes,mean,B (transductive-UDA),"none (UDA, no target labels)",some-concerns,"text: SEED 3-class cross-subject cross-session 73.82/6.12, single-session LOSO 86.49/5.20; SEED-IV 67.83/8.06 (cross-session) & 72.88/6.02 (single-session)","single-session LOSO (field-standard) = SEED 86.49/5.20, SEED-IV 72.88/6.02 -> meta; cross-session 73.82/67.83 kept as narrative",yes,yes,no,"verified-from-full-text (OA, pdftotext read directly)",2026-06-26 OA full-text read directly (full-census batch 13)
EEG-0199,Lei Zhang; Di Xiao; Xiaojing Guo; Fan Li; Wen Liang; Bangyan Zhou,2023,Cross-subject emotion EEG signal recognition based on source microstate analysis,"Frontiers in Neuroscience, 2023",journal,10.3389/fnins.2023.1288580,https://doi.org/10.3389/fnins.2023.1288580,none found,NA,yes,"custom (13-subject, odor/video stimuli)",13,unclear,not verified,not verified,video / odor+video,dimensional/discrete (custom),custom,not reported,public,not verified,not verified,not verified,not verified,not verified,not verified,learned EEG representation from EEG source microstate features + SVM/CNN (exact input features not captured),not verified,unclear,learned deep EEG features,EEG source microstate features + SVM/CNN,style transfer (microstate),none,yes,no,not verified,yes,cross-subject (13 subjects),not verified,none,not verified,unclear,accuracy,84.9,8.24,not reported,unclear,mean+-SD,not verified,not verified,yes,mean,"A/B (cross-subject, custom dataset)",none stated,some-concerns,text: cross-subject microstate-SVM 84.90/8.24 (pure video) and 87.43/7.54 (odor+video); CNN 86.44/91.49,"custom 13-subject odor/video dataset (NOT SEED/DEAP) -> narrative, not pooled with standard-dataset meta",no,yes,yes,"verified-from-full-text (OA, pdftotext read directly)",2026-06-26 OA full-text read directly (full-census batch 14)
EEG-0200,Ming Gong; Wei Zhong; Long Ye; Qin Zhang,2024,MISNet: multi-source information-shared EEG emotion recognition network with two-stream structure,"Frontiers in Neuroscience, 2024",journal,10.3389/fnins.2024.1293962,https://doi.org/10.3389/fnins.2024.1293962,none found,NA,yes,SEED,15,unclear,62,200,film clips,discrete-3class,pos/neu/neg,not reported,public,not verified,not verified,not verified,not verified,not verified,not verified,graph/spatial EEG representation learned by multi-source information-shared two-stream network (MISNet) (input feature details not captured),not verified,unclear,graph/deep spatial features,multi-source information-shared two-stream network (MISNet),multi-source domain adaptation (unlabeled target),none,yes,no,not verified,yes,LOSO (cross-subject),not verified,none,not verified,unclear,accuracy,88.8,not reported,not reported,unclear,not verified,not verified,not verified,yes,mean,"B (transductive-UDA, multi-source)",none (transductive),some-concerns,"abstract+text: LOSO mean SEED 88.80, SEED-IV 74.60 (vs MS-MDA); proposed-row aggregate SD not cleanly isolable from per-class table",SEED 88.80 high-end transductive; aggregate SD for proposed row not isolated in pdftotext -> narrative,no,yes,yes,"verified-from-full-text (OA, pdftotext read directly)",2026-06-26 OA full-text read directly (full-census batch 14)
EEG-0200,Ming Gong; Wei Zhong; Long Ye; Qin Zhang,2024,MISNet: multi-source information-shared EEG emotion recognition network with two-stream structure,"Frontiers in Neuroscience, 2024",journal,10.3389/fnins.2024.1293962,https://doi.org/10.3389/fnins.2024.1293962,none found,NA,yes,SEED-IV,15,unclear,62,200,movie clips,discrete-4class,happy/sad/fear/neu,not reported,public,not verified,not verified,not verified,not verified,not verified,not verified,graph/spatial EEG representation learned by multi-source information-shared two-stream network (MISNet) (input feature details not captured),not verified,unclear,graph/deep spatial features,multi-source information-shared two-stream network (MISNet),multi-source domain adaptation (unlabeled target),none,yes,no,not verified,yes,LOSO (cross-subject),not verified,none,not verified,unclear,accuracy,74.6,not reported,not reported,unclear,not verified,not verified,not verified,yes,mean,"B (transductive-UDA, multi-source)",none (transductive),some-concerns,"abstract+text: LOSO mean SEED 88.80, SEED-IV 74.60 (vs MS-MDA); proposed-row aggregate SD not cleanly isolable from per-class table",SEED 88.80 high-end transductive; aggregate SD for proposed row not isolated in pdftotext -> narrative,no,yes,no,"verified-from-full-text (OA, pdftotext read directly)",2026-06-26 OA full-text read directly (full-census batch 14)
EEG-0201,Yufang Dan; Di Zhou; Zhongheng Wang,2024,Discriminative possibilistic clustering promoting cross-domain emotion recognition,"Frontiers in Neuroscience, 2024",journal,10.3389/fnins.2024.1458815,https://doi.org/10.3389/fnins.2024.1458815,none found,NA,yes,SEED / SEED-IV (cross-subject & cross-dataset),varies,unclear,varies,varies,not verified,discrete,varies,not reported,public,not verified,not verified,not verified,not verified,not verified,not verified,domain-aligned or transfer-learned EEG representation learned by discriminative possibilistic clustering (cross-domain) (exact signal features not captured),not verified,unclear,domain-adaptation/transfer-learned features,discriminative possibilistic clustering (cross-domain),domain adaptation (LOSO/cross-dataset),none,yes,unclear,not verified,yes,LOSO (cross-subject) / cross-dataset,not verified,none,not verified,unclear,accuracy,pending PDF-verify (DA tables),not reported,not reported,unclear,not verified,not verified,not verified,yes,mean,B/E (DA cross-subject & cross-dataset),none stated,some-concerns,text: cross-domain DA with fine-tune/LOSO; proposed accuracies in cross-dataset comparison tables (pdftotext garbled),PARTIAL - cross-subject/cross-dataset protocol verified; proposed cross-subject cell pending visual PDF-table read (cross-session vs cross-subject column ambiguous); possibilistic-clustering cross-domain; cells need visual read,no,yes,yes,PARTIAL - pending visual PDF-table verify,2026-06-26 OA full-text read directly (full-census batch 14)
EEG-0202,Zhuozheng Wang; Yihan Wang,2025,Emotion recognition based on multimodal physiological electrical signals,"Frontiers in Neuroscience, 2025",journal,10.3389/fnins.2025.1512799,https://doi.org/10.3389/fnins.2025.1512799,none found,NA,yes,DEAP,32,unclear,32,128,music-video clips,dimensional (V/A),binary,not reported,public,not verified,not verified,not verified,not verified,not verified,not verified,multimodal EEG plus non-EEG representation/features (exact extraction not captured),not verified,unclear,multimodal features,multimodal physiological signal fusion (EEG + peripheral),none,none,N/A,N/A,not verified,no (subject-dependent CV),"k-fold cross-validation (subject-dependent, mixed-subject)",not verified,none,not verified,unclear,accuracy,93.75,not reported,not reported,unclear,not verified,not verified,not verified,yes,best,subject-dependent (not cross-subject),subject-dependent multimodal: no subject-independent split -> not a cross-subject result,high,text: DEAP 92.5/93.75 via mixed-subject cross-validation; multimodal EEG+peripheral; no LOSO/subject-independent split,"multimodal + subject-dependent CV; DEAP 92-94% not a cross-subject generalization result -> narrative, excluded from meta",no,yes,yes,"verified-from-full-text (OA, pdftotext read directly)",2026-06-26 OA full-text read directly (full-census batch 14)
EEG-0203,Yufang Dan; Qun Li; Xianhua Wang; Di Zhou,2025,Domain adaptive deep possibilistic clustering for EEG-based emotion recognition,"Frontiers in Neuroscience, 2025",journal,10.3389/fnins.2025.1592070,https://doi.org/10.3389/fnins.2025.1592070,none found,NA,yes,SEED,15,unclear,62,200,film clips,discrete-3class,pos/neu/neg,not reported,public,not verified,not verified,not verified,not verified,not verified,not verified,learned EEG representation from domain-adaptive deep possibilistic clustering (exact input features not captured),not verified,unclear,learned deep EEG features,domain-adaptive deep possibilistic clustering,"unsupervised domain adaptation (CUSE/CUCE LOSO, no target labels)",none,yes,no,not verified,yes,leave-one-subject-out (CUSE single-session),not verified,none,not verified,unclear,accuracy,87.83,4.21,not reported,unclear,mean+-SD,not verified,not verified,yes,mean,B (transductive-UDA),"none (UDA, no target labels)",some-concerns,"text: cross-subject single-session LOSO SEED 87.83/4.21 (3-class), SEED-IV 75.31/6.22 (4-class); strict CUCE/CUSE-LOSO protocol",clean transductive UDA cross-subject single-session LOSO with mean+-SD -> meta,yes,yes,yes,"verified-from-full-text (OA, pdftotext read directly)",2026-06-26 OA full-text read directly (full-census batch 14)
EEG-0203,Yufang Dan; Qun Li; Xianhua Wang; Di Zhou,2025,Domain adaptive deep possibilistic clustering for EEG-based emotion recognition,"Frontiers in Neuroscience, 2025",journal,10.3389/fnins.2025.1592070,https://doi.org/10.3389/fnins.2025.1592070,none found,NA,yes,SEED-IV,15,unclear,62,200,movie clips,discrete-4class,happy/sad/fear/neu,not reported,public,not verified,not verified,not verified,not verified,not verified,not verified,learned EEG representation from domain-adaptive deep possibilistic clustering (exact input features not captured),not verified,unclear,learned deep EEG features,domain-adaptive deep possibilistic clustering,"unsupervised domain adaptation (CUSE/CUCE LOSO, no target labels)",none,yes,no,not verified,yes,leave-one-subject-out (CUSE single-session),not verified,none,not verified,unclear,accuracy,75.31,6.22,not reported,unclear,mean+-SD,not verified,not verified,yes,mean,B (transductive-UDA),"none (UDA, no target labels)",some-concerns,"text: cross-subject single-session LOSO SEED 87.83/4.21 (3-class), SEED-IV 75.31/6.22 (4-class); strict CUCE/CUSE-LOSO protocol",clean transductive UDA cross-subject single-session LOSO with mean+-SD -> meta,yes,yes,no,"verified-from-full-text (OA, pdftotext read directly)",2026-06-26 OA full-text read directly (full-census batch 14)
EEG-0204,Yunqi Han; Yifan Chen; Hang Ruan; Deqing Song; Haoxuan Xu; Haiqi Zhu,2025,RS-STGCN: Regional-Synergy Spatio-Temporal Graph Convolutional Network for cross-subject emotion recognition,"Frontiers in Neuroscience, 2025",journal,10.3389/fnins.2025.1704476,https://doi.org/10.3389/fnins.2025.1704476,none found,NA,yes,SEED,15,unclear,62,200,film clips,discrete-3class,pos/neu/neg,not reported,public,not verified,not verified,not verified,not verified,not verified,not verified,graph/spatial EEG representation learned by regional-synergy spatio-temporal graph conv network (RS-STGCN) (input feature details not captured),not verified,unclear,graph/deep spatial features,regional-synergy spatio-temporal graph conv network (RS-STGCN),"domain adaptation (unsupervised, unlabeled target)",none,yes,no,not verified,yes,LOSO (subject-independent),not verified,none,not verified,unclear,accuracy,88,not reported,not reported,unclear,not verified,not verified,not verified,yes,mean,B (transductive-UDA),SEED-IV cross-subject 85.43 high-end suspect (field ~73%),some-concerns,"text: subject-independent LOSO SEED 88.00, SEED-IV 85.43 (all bands SEED 83.70; alpha-band SEED-IV 80.99); no aggregate SD surfaced",SEED-IV cross-subject 85.43 notably above field best (~82%) -> flagged high-end; no SD -> narrative,no,yes,yes,"verified-from-full-text (OA, pdftotext read directly)",2026-06-26 OA full-text read directly (full-census batch 14)
EEG-0204,Yunqi Han; Yifan Chen; Hang Ruan; Deqing Song; Haoxuan Xu; Haiqi Zhu,2025,RS-STGCN: Regional-Synergy Spatio-Temporal Graph Convolutional Network for cross-subject emotion recognition,"Frontiers in Neuroscience, 2025",journal,10.3389/fnins.2025.1704476,https://doi.org/10.3389/fnins.2025.1704476,none found,NA,yes,SEED-IV,15,unclear,62,200,movie clips,discrete-4class,happy/sad/fear/neu,not reported,public,not verified,not verified,not verified,not verified,not verified,not verified,graph/spatial EEG representation learned by regional-synergy spatio-temporal graph conv network (RS-STGCN) (input feature details not captured),not verified,unclear,graph/deep spatial features,regional-synergy spatio-temporal graph conv network (RS-STGCN),"domain adaptation (unsupervised, unlabeled target)",none,yes,no,not verified,yes,LOSO (subject-independent),not verified,none,not verified,unclear,accuracy,85.43,not reported,not reported,unclear,not verified,not verified,not verified,yes,mean,B (transductive-UDA),SEED-IV cross-subject 85.43 high-end suspect (field ~73%),some-concerns,"text: subject-independent LOSO SEED 88.00, SEED-IV 85.43 (all bands SEED 83.70; alpha-band SEED-IV 80.99); no aggregate SD surfaced",SEED-IV cross-subject 85.43 notably above field best (~82%) -> flagged high-end; no SD -> narrative,no,yes,no,"verified-from-full-text (OA, pdftotext read directly)",2026-06-26 OA full-text read directly (full-census batch 14)
EEG-0205,Hanwen Liu; Yifeng Gong; Zuwei Yan; Zeheng Zhuang; Jiaxuan Lu,2026,MSGM: a multi-scale spatiotemporal graph Mamba for EEG emotion recognition,"Frontiers in Neuroscience, 2026",journal,10.3389/fnins.2026.1665145,https://doi.org/10.3389/fnins.2026.1665145,none found,NA,yes,SEED,15,unclear,62,200,film clips,discrete-3class,pos/neu/neg,not reported,public,not verified,not verified,not verified,not verified,not verified,not verified,graph/spatial EEG representation learned by multi-scale spatiotemporal graph Mamba (MSGM) (input feature details not captured),not verified,unclear,graph/deep spatial features,multi-scale spatiotemporal graph Mamba (MSGM),none,none,no,no,not verified,yes,15-fold leave-one-subject-out (SEED),15 (LOSO),none,not verified,unclear,accuracy,83.43,11.42,not reported,unclear,mean+-SD,not verified,not verified,yes,mean,A (inductive LOSO),none (inductive LOSO),some-concerns,Table: subject-independent SEED 83.43/11.42 (F1 85.03/9.09); lowest SD vs BiDANN (16.45); THU-EP/FACED 10-fold leave-n-out separate,subject-independent LOSO SEED 83.43/11.42 with mean+-SD -> meta; large SD honest per-subject spread,yes,yes,yes,"verified-from-full-text (OA, pdftotext read directly)",2026-06-26 OA full-text read directly (full-census batch 14)
EEG-0206,not verified,not verified,Emotion recognition based on the temporal patterns of EEG signals and ensemble learning,not verified (OA Frontiers),journal,NA,not verified,none found,NA,yes,"custom (42 adults, audiovisual elicitation)",42,unclear,not verified,not verified,not verified,dimensional (V/A),custom,not reported,public,not verified,not verified,not verified,not verified,not verified,not verified,temporal or spatiotemporal EEG representation learned by temporal-pattern features + ensemble learning (exact input features not captured),not verified,unclear,learned temporal/spatiotemporal features,temporal-pattern features + ensemble learning,none,none,no,no,not verified,yes,subject-independent 5-fold cross-validation,5,none,not verified,unclear,accuracy,87.42,2.13,not reported,unclear,mean+-SD,not verified,not verified,yes,mean,"A (inductive, subject-independent)",none (subject-independent),some-concerns,"text: subject-independent 5-fold mean 87.42/2.13 (precision 87.6, recall 87.4, F1 87.5); custom 42-adult dataset","custom 42-adult dataset (NOT SEED/DEAP) -> narrative, not pooled with standard-dataset meta",no,yes,yes,"verified-from-full-text (OA, pdftotext read directly)",2026-06-26 OA full-text read directly (full-census batch 14)
EEG-0207,Tongguang Ni; Yuyao Ni; Jing Xue; Suhong Wang,2021,A Domain Adaptation Sparse Representation Classifier for Cross-Domain EEG Emotion Classification (DASRC),"Frontiers in Psychology, 2021",journal,10.3389/fpsyg.2021.721266,https://doi.org/10.3389/fpsyg.2021.721266,none found,NA,yes,SEED / DEAP (cross-subject + cross-dataset),varies,unclear,varies,varies,not verified,discrete/dimensional,varies,not reported,public,not verified,not verified,not verified,not verified,not verified,not verified,"subspace, sparse, or dictionary-based EEG representation learned by domain-adaptation sparse representation classifier (DASRC/CSFDDL) (exact signal features not captured)",not verified,unclear,subspace/dictionary-transfer features,domain-adaptation sparse representation classifier (DASRC/CSFDDL),domain adaptation (subspace + dictionary learning),none,yes,unclear,not verified,yes,cross-subject within-dataset + cross-dataset (SEED->DEAP),not verified,none,not verified,unclear,accuracy,pending PDF-verify (Table 2),not reported,not reported,unclear,not verified,not verified,not verified,yes,mean,B/E (cross-subject & cross-dataset),none stated,some-concerns,text+Table 2: cross-dataset accuracy(std) SEED->DEAP; cross-subject within-dataset cells in tables (pdftotext garbled),PARTIAL - cross-subject/cross-dataset protocol verified; proposed cross-subject cell pending visual PDF-table read (cross-session vs cross-subject column ambiguous); DASRC cross-subject within-dataset SEED cell needs visual read,no,yes,yes,PARTIAL - pending visual PDF-table verify,2026-06-26 OA full-text read directly (full-census batch 14)
EEG-0208,not verified,not verified,Multi-Source and Multi-Representation Adaptation for Cross-Domain EEG Emotion Classification (MSMRA),Frontiers in Psychology,journal,10.3389/fpsyg.2021.809459,https://doi.org/10.3389/fpsyg.2021.809459,none found,NA,yes,SEED / SEED-IV (cross-subject & cross-session),15,unclear,62,200,not verified,discrete,varies,not reported,public,not verified,not verified,not verified,not verified,not verified,not verified,domain-aligned or transfer-learned EEG representation learned by multi-source multi-representation adaptation (MSMRA) (exact signal features not captured),not verified,unclear,domain-adaptation/transfer-learned features,multi-source multi-representation adaptation (MSMRA),multi-source unsupervised domain adaptation,none,yes,no,not verified,yes,cross-subject AND cross-session (two columns),not verified,none,not verified,unclear,accuracy,SEED 90.30/5.26 or 87.62/7.53 (column ambiguous) - pending PDF-verify,see note,not reported,unclear,mean+-SD,not verified,not verified,yes,mean,B (transductive-UDA),none (UDA),some-concerns,Table: MSMRA(Ours) SEED 90.30/5.26 & 87.62/7.53 (cross-session vs cross-subject columns); SEED-IV 72.38/10.12 & 80.88/7.22 -- which column is cross-subject ambiguous in pdftotext,PARTIAL - cross-subject/cross-dataset protocol verified; proposed cross-subject cell pending visual PDF-table read (cross-session vs cross-subject column ambiguous); MSMRA SEED cross-subject is 90.30 or 87.62 (column attribution unclear) -> visual verify before meta,no,yes,yes,PARTIAL - pending visual PDF-table verify (cross-subject vs cross-session column),2026-06-26 OA full-text read directly (full-census batch 14)
EEG-0209,Nastaran Saffaryazdi; Syed Talal Wasim; Kuldeep Dileep; Alireza Farrokhi Nia; Suranga Nanayakkara; Elizabeth Broadbent; Mark Billinghurst,2022,Using Facial Micro-Expressions with EEG and Physiological Signals for Emotion Recognition,"Frontiers in Psychology, 2022 (title: ""...in Combination With EEG..."")",journal,10.3389/fpsyg.2022.864047,https://doi.org/10.3389/fpsyg.2022.864047,none found,NA,yes,DEAP,32,unclear,32,128,music-video clips,dimensional-valence,high/low valence,not reported,public,not verified,not verified,not verified,not verified,not verified,not verified,multimodal EEG plus non-EEG representation/features (exact extraction not captured),not verified,unclear,multimodal features,multimodal fusion (facial micro-expressions + EEG + physiological),none,none,no,no,not verified,yes,leave-one-subject-out (LOSO),not verified,none,not verified,unclear,accuracy,69.2,not reported,not reported,unclear,not verified,not verified,not verified,yes,mean,"A (cross-subject LOSO, multimodal)",none (LOSO),some-concerns,abstract: LOSO DEAP arousal & valence ~69.2% (multimodal facial+EEG+physio); also new custom multimodal dataset,"multimodal (not EEG-only) LOSO; DEAP valence 69.2 plausible cross-subject -> narrative, not pooled (multimodal)",no,yes,yes,"verified-from-full-text (OA, pdftotext read directly)",2026-06-26 OA full-text read directly (full-census batch 14)
EEG-0210,Yang Ruan; Mengyun Du; Tongguang Ni,2022,Transfer Discriminative Dictionary Pair Learning Approach for Across-Subject EEG Emotion Classification,"Frontiers in Psychology, 2022",journal,10.3389/fpsyg.2022.899983,https://doi.org/10.3389/fpsyg.2022.899983,none found,NA,yes,SEED / SEED-IV (across-subject),varies,unclear,varies,varies,not verified,discrete,varies,not reported,public,not verified,not verified,not verified,not verified,not verified,not verified,"subspace, sparse, or dictionary-based EEG representation learned by transfer discriminative dictionary-pair learning (exact signal features not captured)",not verified,unclear,subspace/dictionary-transfer features,transfer discriminative dictionary-pair learning,"domain adaptation (dictionary-pair, calibration)",none,yes,unclear,not verified,yes,across-subject (LOSO) / cross-session,not verified,none,not verified,unclear,accuracy,pending PDF-verify,not reported,not reported,unclear,not verified,not verified,not verified,yes,mean,B (transductive-UDA),none stated,some-concerns,text: across-subject dictionary-pair DA with calibration; proposed accuracy in comparison tables (pdftotext garbled),PARTIAL - across-subject protocol verified; proposed accuracy pending visual PDF-table read,no,yes,yes,PARTIAL - pending visual PDF-table verify,2026-06-26 full-text read directly (full-census batch 15)
EEG-0211,Fatima Islam Mouri; Camilo E. Valderrama; Sergio G. Camorlinga,2023,Identifying relevant asymmetry features of EEG for emotion processing,"Frontiers in Psychology, 2023",journal,10.3389/fpsyg.2023.1217178,https://doi.org/10.3389/fpsyg.2023.1217178,none found,NA,yes,not standard,not verified,unclear,not verified,not verified,not verified,dimensional/discrete,varies,not reported,public,not verified,not verified,not verified,not verified,not verified,not verified,EEG asymmetry feature set for emotion processing (exact feature list not captured),not verified,unclear,hemispheric/asymmetry EEG features,EEG asymmetry feature relevance (explainability),none,none,N/A,N/A,not verified,no (subject-dependent),subject-dependent,not verified,none,not verified,unclear,accuracy,feature-relevance study (no clean cross-subject benchmark),not reported,not reported,unclear,not verified,not verified,not verified,yes,mean,subject-dependent (feature-relevance study),subject-dependent; not a cross-subject benchmark,high,"text: asymmetry-feature relevance study, subject-dependent approach; no clean cross-subject accuracy benchmark on SEED/DEAP","feature-relevance/explainability study, subject-dependent -> narrative context only, excluded from meta",no,yes,yes,"verified-from-full-text (OA/top, pdftotext read directly)",2026-06-26 full-text read directly (full-census batch 15)
EEG-0212,Camilo E. Valderrama; Anshul Sheoran,2025,Identifying relevant EEG channels for subject-independent emotion recognition using attention,"Frontiers in Psychiatry, 2025",journal,10.3389/fpsyt.2025.1494369,https://doi.org/10.3389/fpsyt.2025.1494369,none found,NA,yes,SEED,15,unclear,62,200,film clips,discrete-3class,pos/neu/neg,not reported,public,not verified,not verified,not verified,not verified,not verified,not verified,attention/transformer EEG representation learned by attention-based relevant-channel selection (subject-independent) (input feature details not captured),not verified,unclear,learned attention/transformer features,attention-based relevant-channel selection (subject-independent),none,none,no,no,not verified,yes,subject-independent (LOSO),not verified,none,not verified,unclear,accuracy,79.3,not reported (95% CI),76.0-82.5,unclear,mean + 95% CI,not verified,not verified,yes,mean,"A (inductive, subject-independent)",none (inductive),some-concerns,"abstract: subject-independent SEED 79.3% (CI 76.0-82.5), SEED-IV 69.5% (CI 64.2-74.8), SEED-V 60.7% (CI 52.3-69.2)","subject-independent with 95% CI (poolable); honest mid-range values; SEED 3-class, SEED-IV 4-class, SEED-V 5-class",yes,yes,yes,"verified-from-full-text (OA/top, pdftotext read directly)",2026-06-26 full-text read directly (full-census batch 15)
EEG-0212,Camilo E. Valderrama; Anshul Sheoran,2025,Identifying relevant EEG channels for subject-independent emotion recognition using attention,"Frontiers in Psychiatry, 2025",journal,10.3389/fpsyt.2025.1494369,https://doi.org/10.3389/fpsyt.2025.1494369,none found,NA,yes,SEED-IV,15,unclear,62,200,movie clips,discrete-4class,happy/sad/fear/neu,not reported,public,not verified,not verified,not verified,not verified,not verified,not verified,attention/transformer EEG representation learned by attention-based relevant-channel selection (subject-independent) (input feature details not captured),not verified,unclear,learned attention/transformer features,attention-based relevant-channel selection (subject-independent),none,none,no,no,not verified,yes,subject-independent (LOSO),not verified,none,not verified,unclear,accuracy,69.5,not reported (95% CI),64.2-74.8,unclear,mean + 95% CI,not verified,not verified,yes,mean,"A (inductive, subject-independent)",none (inductive),some-concerns,"abstract: subject-independent SEED 79.3% (CI 76.0-82.5), SEED-IV 69.5% (CI 64.2-74.8), SEED-V 60.7% (CI 52.3-69.2)","subject-independent with 95% CI (poolable); honest mid-range values; SEED 3-class, SEED-IV 4-class, SEED-V 5-class",yes,yes,no,"verified-from-full-text (OA/top, pdftotext read directly)",2026-06-26 full-text read directly (full-census batch 15)
EEG-0212,Camilo E. Valderrama; Anshul Sheoran,2025,Identifying relevant EEG channels for subject-independent emotion recognition using attention,"Frontiers in Psychiatry, 2025",journal,10.3389/fpsyt.2025.1494369,https://doi.org/10.3389/fpsyt.2025.1494369,none found,NA,yes,SEED-V,16,unclear,62,200,not verified,discrete-5class,5 emotions,not reported,public,not verified,not verified,not verified,not verified,not verified,not verified,attention/transformer EEG representation learned by attention-based relevant-channel selection (subject-independent) (input feature details not captured),not verified,unclear,learned attention/transformer features,attention-based relevant-channel selection (subject-independent),none,none,no,no,not verified,yes,subject-independent (LOSO),not verified,none,not verified,unclear,accuracy,60.7,not reported (95% CI),52.3-69.2,unclear,mean + 95% CI,not verified,not verified,yes,mean,"A (inductive, subject-independent)",none (inductive),some-concerns,"abstract: subject-independent SEED 79.3% (CI 76.0-82.5), SEED-IV 69.5% (CI 64.2-74.8), SEED-V 60.7% (CI 52.3-69.2)","subject-independent with 95% CI (poolable); honest mid-range values; SEED 3-class, SEED-IV 4-class, SEED-V 5-class",yes,yes,no,"verified-from-full-text (OA/top, pdftotext read directly)",2026-06-26 full-text read directly (full-census batch 15)
EEG-0213,Shihang Ding; Kaixuan Wang; Wenhao Jiang; Cong Xu; Hongjian Bo; Lin Ma; Haifeng Li,2025,DGAT: a dynamic graph attention neural network framework for EEG emotion recognition,"Frontiers in Psychiatry, 2025",journal,10.3389/fpsyt.2025.1633860,https://doi.org/10.3389/fpsyt.2025.1633860,none found,NA,yes,SEED,15,unclear,62,200,film clips,discrete-3class,pos/neu/neg,not reported,public,not verified,not verified,not verified,not verified,not verified,not verified,graph/spatial EEG representation learned by dynamic graph attention network (DGAT) (input feature details not captured),not verified,unclear,graph/deep spatial features,dynamic graph attention network (DGAT),none,none,no,no,not verified,yes,subject-independent (LOSO),not verified,none,not verified,unclear,accuracy,90.03,4.28,not reported,unclear,mean+-SD,not verified,not verified,yes,mean,A (inductive LOSO),none (inductive); DEAP SI 84.27 high-end,some-concerns,"text+Table: subject-independent SEED 90.03/4.28 (subject-dependent 94.00/2.60); DEAP SI valence 84.27/13.74, arousal 83.84/10.20 (subject-dep 93.19/3.65)","SEED subject-independent 90.03/4.28 high-end inductive but with SD -> meta; DEAP SI 84.27 valence implausibly high (field ~65-70%) -> narrative, high-end flag",yes,yes,yes,"verified-from-full-text (OA/top, pdftotext read directly)",2026-06-26 full-text read directly (full-census batch 15)
EEG-0213,Shihang Ding; Kaixuan Wang; Wenhao Jiang; Cong Xu; Hongjian Bo; Lin Ma; Haifeng Li,2025,DGAT: a dynamic graph attention neural network framework for EEG emotion recognition,"Frontiers in Psychiatry, 2025",journal,10.3389/fpsyt.2025.1633860,https://doi.org/10.3389/fpsyt.2025.1633860,none found,NA,yes,DEAP,32,unclear,32,128,music-video clips,dimensional-valence,high/low valence,not reported,public,not verified,not verified,not verified,not verified,not verified,not verified,graph/spatial EEG representation learned by dynamic graph attention network (DGAT) (input feature details not captured),not verified,unclear,graph/deep spatial features,dynamic graph attention network (DGAT),none,none,no,no,not verified,yes,subject-independent (LOSO),not verified,none,not verified,unclear,accuracy,84.27,13.74,not reported,unclear,mean+-SD,not verified,not verified,yes,mean,A (inductive LOSO),none (inductive); DEAP SI 84.27 high-end,some-concerns,"text+Table: subject-independent SEED 90.03/4.28 (subject-dependent 94.00/2.60); DEAP SI valence 84.27/13.74, arousal 83.84/10.20 (subject-dep 93.19/3.65)","SEED subject-independent 90.03/4.28 high-end inductive but with SD -> meta; DEAP SI 84.27 valence implausibly high (field ~65-70%) -> narrative, high-end flag",no,yes,no,"verified-from-full-text (OA/top, pdftotext read directly)",2026-06-26 full-text read directly (full-census batch 15)
EEG-0213,Shihang Ding; Kaixuan Wang; Wenhao Jiang; Cong Xu; Hongjian Bo; Lin Ma; Haifeng Li,2025,DGAT: a dynamic graph attention neural network framework for EEG emotion recognition,"Frontiers in Psychiatry, 2025",journal,10.3389/fpsyt.2025.1633860,https://doi.org/10.3389/fpsyt.2025.1633860,none found,NA,yes,DEAP,32,unclear,32,128,music-video clips,dimensional-arousal,high/low arousal,not reported,public,not verified,not verified,not verified,not verified,not verified,not verified,graph/spatial EEG representation learned by dynamic graph attention network (DGAT) (input feature details not captured),not verified,unclear,graph/deep spatial features,dynamic graph attention network (DGAT),none,none,no,no,not verified,yes,subject-independent (LOSO),not verified,none,not verified,unclear,accuracy,83.84,10.2,not reported,unclear,mean+-SD,not verified,not verified,yes,mean,A (inductive LOSO),none (inductive); DEAP SI 84.27 high-end,some-concerns,"text+Table: subject-independent SEED 90.03/4.28 (subject-dependent 94.00/2.60); DEAP SI valence 84.27/13.74, arousal 83.84/10.20 (subject-dep 93.19/3.65)","SEED subject-independent 90.03/4.28 high-end inductive but with SD -> meta; DEAP SI 84.27 valence implausibly high (field ~65-70%) -> narrative, high-end flag",no,yes,no,"verified-from-full-text (OA/top, pdftotext read directly)",2026-06-26 full-text read directly (full-census batch 15)
EEG-0214,Mingyi Sun; Weigang Cui; Shuyue Yu; Hongbin Han; Bin Hu; Yang Li,2022,A Dual-Branch Dynamic Graph Convolution Based Adaptive Transformer Feature Fusion Network for EEG Emotion Recognition,"IEEE Trans. Affective Computing, 2022",journal,10.1109/TAFFC.2022.3199075,https://doi.org/10.1109/taffc.2022.3199075,none found,NA,yes,SEED,15,unclear,62,200,film clips,discrete-3class,pos/neu/neg,not reported,public,not verified,not verified,not verified,not verified,not verified,not verified,graph/spatial EEG representation learned by dual-branch dynamic graph conv + adaptive transformer fusion (input feature details not captured),not verified,unclear,graph/deep spatial features,dual-branch dynamic graph conv + adaptive transformer fusion,fine-tuning,none,unclear,unclear,not verified,claimed (mixed subject-dependent/independent),LOSO + fine-tune (mixed),not verified,none,not verified,unclear,accuracy,94.39,not reported,not reported,unclear,not verified,not verified,not verified,yes,mean,ambiguous (SEED-IV 89.78 near-ceiling suspect),near-ceiling suspect: SEED-IV 89.78 far above field (~73-82%) -> likely subject-dependent or fine-tuned,high,text: 'Our method gains accuracy of 94.39% and 89.78% on SEED and SEED-IV'; SEED-IV 89.78 implausible for cross-subject,"SEED 94.39 / SEED-IV 89.78 likely subject-dependent or fine-tuned; cross-subject status unclear -> PDF-verify, excluded from meta",no,yes,yes,PARTIAL - pending visual PDF-table verify (protocol/leakage),2026-06-26 full-text read directly (full-census batch 15)
EEG-0214,Mingyi Sun; Weigang Cui; Shuyue Yu; Hongbin Han; Bin Hu; Yang Li,2022,A Dual-Branch Dynamic Graph Convolution Based Adaptive Transformer Feature Fusion Network for EEG Emotion Recognition,"IEEE Trans. Affective Computing, 2022",journal,10.1109/TAFFC.2022.3199075,https://doi.org/10.1109/taffc.2022.3199075,none found,NA,yes,SEED-IV,15,unclear,62,200,movie clips,discrete-4class,happy/sad/fear/neu,not reported,public,not verified,not verified,not verified,not verified,not verified,not verified,graph/spatial EEG representation learned by dual-branch dynamic graph conv + adaptive transformer fusion (input feature details not captured),not verified,unclear,graph/deep spatial features,dual-branch dynamic graph conv + adaptive transformer fusion,fine-tuning,none,unclear,unclear,not verified,claimed (mixed subject-dependent/independent),LOSO + fine-tune (mixed),not verified,none,not verified,unclear,accuracy,89.78,not reported,not reported,unclear,not verified,not verified,not verified,yes,mean,ambiguous (SEED-IV 89.78 near-ceiling suspect),near-ceiling suspect: SEED-IV 89.78 far above field (~73-82%) -> likely subject-dependent or fine-tuned,high,text: 'Our method gains accuracy of 94.39% and 89.78% on SEED and SEED-IV'; SEED-IV 89.78 implausible for cross-subject,"SEED 94.39 / SEED-IV 89.78 likely subject-dependent or fine-tuned; cross-subject status unclear -> PDF-verify, excluded from meta",no,yes,no,PARTIAL - pending visual PDF-table verify (protocol/leakage),2026-06-26 full-text read directly (full-census batch 15)
EEG-0215,J. X. Chen; D. M. Jiang; Y. N. Zhang,2019,A Hierarchical Bidirectional GRU Model With Attention for EEG-Based Emotion Classification,"IEEE Access, 2019",journal,10.1109/ACCESS.2019.2936817,https://doi.org/10.1109/access.2019.2936817,none found,NA,yes,DEAP,32,unclear,32,128,music-video clips,dimensional-valence,high/low valence,not reported,public,not verified,not verified,not verified,not verified,not verified,not verified,attention/transformer EEG representation learned by hierarchical bidirectional GRU + attention (input feature details not captured),not verified,unclear,learned attention/transformer features,hierarchical bidirectional GRU + attention,none,none,no,no,not verified,yes,10-fold cross-subject (subjects split into folds; 24 train / rest test),10 (cross-subject group),none,not verified,unclear,accuracy,85.65,not reported,not reported,unclear,not verified,not verified,not verified,yes,mean,"A (inductive, cross-subject group-k-fold)",DEAP cross-subject 85.65 high-end (group-10-fold),some-concerns,"text: 10-fold cross-subjects cross-validation (24 subjects train); DEAP 85.65 valence, 85.45 arousal","cross-subject group-10-fold (not LOSO); DEAP 85.65 high vs field (~65-70%) -> narrative, high-end flag; no SD",no,yes,yes,"verified-from-full-text (OA/top, pdftotext read directly)",2026-06-26 full-text read directly (full-census batch 15)
EEG-0215,J. X. Chen; D. M. Jiang; Y. N. Zhang,2019,A Hierarchical Bidirectional GRU Model With Attention for EEG-Based Emotion Classification,"IEEE Access, 2019",journal,10.1109/ACCESS.2019.2936817,https://doi.org/10.1109/access.2019.2936817,none found,NA,yes,DEAP,32,unclear,32,128,music-video clips,dimensional-arousal,high/low arousal,not reported,public,not verified,not verified,not verified,not verified,not verified,not verified,attention/transformer EEG representation learned by hierarchical bidirectional GRU + attention (input feature details not captured),not verified,unclear,learned attention/transformer features,hierarchical bidirectional GRU + attention,none,none,no,no,not verified,yes,10-fold cross-subject (subjects split into folds; 24 train / rest test),10 (cross-subject group),none,not verified,unclear,accuracy,85.45,not reported,not reported,unclear,not verified,not verified,not verified,yes,mean,"A (inductive, cross-subject group-k-fold)",DEAP cross-subject 85.65 high-end (group-10-fold),some-concerns,"text: 10-fold cross-subjects cross-validation (24 subjects train); DEAP 85.65 valence, 85.45 arousal","cross-subject group-10-fold (not LOSO); DEAP 85.65 high vs field (~65-70%) -> narrative, high-end flag; no SD",no,yes,no,"verified-from-full-text (OA/top, pdftotext read directly)",2026-06-26 full-text read directly (full-census batch 15)
EEG-0216,Wei Li; Ye Tian; Jianzhang Dong; Cheng Fang,2023,A Hierarchical Three-Dimensional MLP-Based Model for EEG Emotion Recognition (HMNN),"IEEE Sensors Letters, 2023",journal,10.1109/LSENS.2023.3307111,https://doi.org/10.1109/lsens.2023.3307111,none found,NA,yes,DEAP,32,unclear,32,128,music-video clips,dimensional-valence,high/low valence,not reported,public,not verified,not verified,not verified,not verified,not verified,not verified,learned EEG representation from hierarchical 3D-MLP (HMNN) (exact input features not captured),not verified,unclear,learned deep EEG features,hierarchical 3D-MLP (HMNN),none,none,no,no,not verified,yes,leave-one-subject-out (subject-independent),not verified,none,not verified,unclear,accuracy,63.69,not reported,not reported,unclear,not verified,not verified,not verified,yes,mean,A (inductive LOSO),none (inductive LOSO),some-concerns,text: LOSO DEAP valence 63.69 / arousal 60.03; DREAMER 62.51/64.49; SEED-IV 62.29,honest mid-range cross-subject LOSO; no SD surfaced -> narrative,no,yes,yes,"verified-from-full-text (OA/top, pdftotext read directly)",2026-06-26 full-text read directly (full-census batch 15)
EEG-0216,Wei Li; Ye Tian; Jianzhang Dong; Cheng Fang,2023,A Hierarchical Three-Dimensional MLP-Based Model for EEG Emotion Recognition (HMNN),"IEEE Sensors Letters, 2023",journal,10.1109/LSENS.2023.3307111,https://doi.org/10.1109/lsens.2023.3307111,none found,NA,yes,DREAMER,23,unclear,14,128,film clips,dimensional-valence,high/low valence,not reported,public,not verified,not verified,not verified,not verified,not verified,not verified,learned EEG representation from hierarchical 3D-MLP (HMNN) (exact input features not captured),not verified,unclear,learned deep EEG features,hierarchical 3D-MLP (HMNN),none,none,no,no,not verified,yes,leave-one-subject-out (subject-independent),not verified,none,not verified,unclear,accuracy,62.51,not reported,not reported,unclear,not verified,not verified,not verified,yes,mean,A (inductive LOSO),none (inductive LOSO),some-concerns,text: LOSO DEAP valence 63.69 / arousal 60.03; DREAMER 62.51/64.49; SEED-IV 62.29,honest mid-range cross-subject LOSO; no SD surfaced -> narrative,no,yes,no,"verified-from-full-text (OA/top, pdftotext read directly)",2026-06-26 full-text read directly (full-census batch 15)
EEG-0216,Wei Li; Ye Tian; Jianzhang Dong; Cheng Fang,2023,A Hierarchical Three-Dimensional MLP-Based Model for EEG Emotion Recognition (HMNN),"IEEE Sensors Letters, 2023",journal,10.1109/LSENS.2023.3307111,https://doi.org/10.1109/lsens.2023.3307111,none found,NA,yes,SEED-IV,15,unclear,62,200,movie clips,discrete-4class,happy/sad/fear/neu,not reported,public,not verified,not verified,not verified,not verified,not verified,not verified,learned EEG representation from hierarchical 3D-MLP (HMNN) (exact input features not captured),not verified,unclear,learned deep EEG features,hierarchical 3D-MLP (HMNN),none,none,no,no,not verified,yes,leave-one-subject-out (subject-independent),not verified,none,not verified,unclear,accuracy,62.29,not reported,not reported,unclear,not verified,not verified,not verified,yes,mean,A (inductive LOSO),none (inductive LOSO),some-concerns,text: LOSO DEAP valence 63.69 / arousal 60.03; DREAMER 62.51/64.49; SEED-IV 62.29,honest mid-range cross-subject LOSO; no SD surfaced -> narrative,no,yes,no,"verified-from-full-text (OA/top, pdftotext read directly)",2026-06-26 full-text read directly (full-census batch 15)
EEG-0217,Shadi Sartipi; Mastaneh Torkamani-Azar; Mujdat Cetin,2024,A Hybrid End-to-End Spatiotemporal Attention Neural Network With Graph-Smooth Signals for EEG Emotion Recognition,"IEEE Trans. Cognitive and Developmental Systems, 2024",journal,10.1109/TCDS.2023.3293321,https://doi.org/10.1109/tcds.2023.3293321,none found,NA,yes,DEAP / SEED (subject-dependent 10-fold),varies,unclear,varies,varies,not verified,dimensional/discrete,varies,not reported,public,not verified,not verified,not verified,not verified,not verified,not verified,graph/spatial EEG representation learned by spatiotemporal attention + graph-smooth signals (input feature details not captured),not verified,unclear,graph/deep spatial features,spatiotemporal attention + graph-smooth signals,fine-tune/calibration,none,yes,unclear,not verified,no (primarily subject-dependent 10-fold),10-fold (subject-dependent) + calibration,not verified,none,not verified,unclear,accuracy,subject-dependent 10-fold (not isolated),not reported,not reported,unclear,not verified,not verified,not verified,yes,mean,subject-dependent (10-fold) primary,subject-dependent 10-fold -> not a cross-subject benchmark,high,text/PROTO: 10-fold subject-dependent with calibration; proposed accuracy not cleanly isolated in pdftotext,"subject-dependent 10-fold primary protocol; number not isolated -> narrative, excluded from meta",no,yes,yes,"verified-from-full-text (OA/top, pdftotext read directly)",2026-06-26 full-text read directly (full-census batch 15)
EEG-0218,Hairong Chen; Ziyu Jia; Tianzi Jiang,2026,A Low-Rank Approximation based Multi-modal Multi-level Disentangling Network for Efficient Cross-Subject Emotion Recognition (tiny-MMDNet),"IEEE Trans. Affective Computing, 2026",journal,10.1109/TAFFC.2026.3691107,https://doi.org/10.1109/TAFFC.2026.3691107,none found,NA,yes,DEAP / MAHNOB-HCI / AMIGOS (multimodal),varies,unclear,varies,varies,not verified,dimensional (V/A),binary,not reported,public,not verified,not verified,not verified,not verified,not verified,not verified,multimodal EEG plus non-EEG representation/features (exact extraction not captured),not verified,unclear,multimodal features,multi-level disentangling + low-rank approx (tiny-MMDNet),subject-level disentangling (subject-shared/private),none,no,no,not verified,yes,cross-subject (multimodal),not verified,none,not verified,unclear,accuracy,multimodal cross-subject (not isolated),not reported,not reported,unclear,not verified,not verified,not verified,yes,mean,"A (cross-subject, multimodal physiological)",none stated; multimodal (not EEG-only),some-concerns,"abstract: lightweight cross-subject MULTIMODAL (EEG+peripheral) disentangling; DEAP, MAHNOB-HCI, AMIGOS; specific accuracy not isolated in this pass","multimodal (EEG + peripheral physiological), not EEG-only -> narrative, excluded from EEG-only meta; number not isolated",no,yes,yes,"verified-from-full-text (OA/top, pdftotext read directly)",2026-06-26 full-text read directly (full-census batch 15)
EEG-0219,Yang Li; Lei Wang; Wenming Zheng; Yuan Zong; Lei Qi; Zhen Cui; Tong Zhang; Tengfei Song,2021,A Novel Bi-Hemispheric Discrepancy Model for EEG Emotion Recognition (BiHDM),"IEEE Trans. Cognitive and Developmental Systems, 2021",journal,10.1109/TCDS.2020.2999337,https://doi.org/10.1109/tcds.2020.2999337,none found,NA,yes,SEED,15,unclear,62,200,film clips,discrete-3class,pos/neu/neg,not reported,public,not verified,not verified,not verified,not verified,not verified,not verified,"graph/spatial EEG representation learned by bi-hemispheric discrepancy model (BiHDM, RNN) (input feature details not captured)",not verified,unclear,graph/deep spatial features,"bi-hemispheric discrepancy model (BiHDM, RNN)","domain-adversarial (unsupervised, target data)",none,yes,no,not verified,yes,leave-one-subject-out (subject-independent),not verified,none,not verified,unclear,accuracy,91.07,not reported,not reported,unclear,not verified,not verified,not verified,yes,mean,B (transductive-UDA),none (transductive); possible DUPLICATE of earlier BiHDM corpus entry,some-concerns,"text: subject-independent BiHDM SEED 91.07, SEED-IV 72.22, MPED 38.55 (DGCNN-style cross-subject)","DUP-FLAG: BiHDM is a widely-cited paper, check DOI vs earlier corpus before final counts; SEED 91.07 high-end; no aggregate SD surfaced -> narrative",no,yes,yes,"verified-from-full-text (OA/top, pdftotext read directly)",2026-06-26 full-text read directly (full-census batch 15)
EEG-0219,Yang Li; Lei Wang; Wenming Zheng; Yuan Zong; Lei Qi; Zhen Cui; Tong Zhang; Tengfei Song,2021,A Novel Bi-Hemispheric Discrepancy Model for EEG Emotion Recognition (BiHDM),"IEEE Trans. Cognitive and Developmental Systems, 2021",journal,10.1109/TCDS.2020.2999337,https://doi.org/10.1109/tcds.2020.2999337,none found,NA,yes,SEED-IV,15,unclear,62,200,movie clips,discrete-4class,happy/sad/fear/neu,not reported,public,not verified,not verified,not verified,not verified,not verified,not verified,"graph/spatial EEG representation learned by bi-hemispheric discrepancy model (BiHDM, RNN) (input feature details not captured)",not verified,unclear,graph/deep spatial features,"bi-hemispheric discrepancy model (BiHDM, RNN)","domain-adversarial (unsupervised, target data)",none,yes,no,not verified,yes,leave-one-subject-out (subject-independent),not verified,none,not verified,unclear,accuracy,72.22,not reported,not reported,unclear,not verified,not verified,not verified,yes,mean,B (transductive-UDA),none (transductive); possible DUPLICATE of earlier BiHDM corpus entry,some-concerns,"text: subject-independent BiHDM SEED 91.07, SEED-IV 72.22, MPED 38.55 (DGCNN-style cross-subject)","DUP-FLAG: BiHDM is a widely-cited paper, check DOI vs earlier corpus before final counts; SEED 91.07 high-end; no aggregate SD surfaced -> narrative",no,yes,no,"verified-from-full-text (OA/top, pdftotext read directly)",2026-06-26 full-text read directly (full-census batch 15)
EEG-0220,Zekun Tian; Dahua Li; Yi Yang; Fazheng Hou; Zhiyi Yang; Yu Song; Qiang Gao,2023,A Novel Domain Adversarial Networks Based on 3D-LSTM and Local Domain Discriminator for Cross-Subject EEG Emotion Recognition,"IEEE J. Biomedical and Health Informatics, 2023 (CHECK: matched title says Hearing-Impaired)",journal,10.1109/JBHI.2022.3212475,https://doi.org/10.1109/JBHI.2022.3212475,none found,NA,yes,SEED / SEED-IV,varies,unclear,varies,varies,not verified,discrete,varies,not reported,public,not verified,not verified,not verified,not verified,not verified,not verified,learned EEG representation from 3D-LSTM + local domain discriminator DANN (exact input features not captured),not verified,unclear,learned deep EEG features,3D-LSTM + local domain discriminator DANN,"domain-adversarial (unsupervised, target data)",none,yes,no,not verified,yes,leave-one-subject-out,not verified,none,not verified,unclear,accuracy,pending PDF-verify,not reported,not reported,unclear,not verified,not verified,not verified,yes,mean,B (transductive-UDA),none (transductive),some-concerns,text: LOSO domain-adversarial 3D-LSTM; proposed accuracy in tables (pdftotext garbled),PARTIAL - pending visual PDF-table verify; cross-subject LOSO confirmed; SEED/SEED-IV accuracy pending visual read,no,yes,yes,PARTIAL - pending visual PDF-table verify,2026-06-26 full-text read directly (full-census batch 16)
EEG-0221,Shaojie Li; Wei Li; Zejian Xing; Wenjie Yuan; Xiangyu Wei; Xiaowei Zhang; Bin Hu,2022,A Personality-Guided Affective Brain-Computer Interface for Implementation of Emotional Recognition (PA-CRNN),"Frontiers of Information Technology & Electronic Engineering, 2022",journal,10.1631/FITEE.2100489,https://doi.org/10.1631/FITEE.2100489,none found,NA,yes,not isolated,not verified,unclear,not verified,not verified,not verified,dimensional (V/A),binary,not reported,public,not verified,not verified,not verified,not verified,not verified,not verified,learned EEG representation from personality-guided CRNN (PA-CRNN) (exact input features not captured),not verified,unclear,learned deep EEG features,personality-guided CRNN (PA-CRNN),personality-guided calibration,none,yes,unclear,not verified,yes,k-fold + LOSO,not verified,none,not verified,unclear,accuracy,improvement deltas only (pending PDF-verify),not reported,not reported,unclear,not verified,not verified,not verified,yes,mean,B/F (personality-guided),none stated,some-concerns,text: PA-CRNN reports improvement deltas (+10.2-16.2% accuracy) vs baselines; absolute cross-subject accuracy not cleanly isolated,PARTIAL - pending visual PDF-table verify; personality-guided; reports improvement deltas; absolute number pending visual read,no,yes,yes,PARTIAL - pending visual PDF-table verify,2026-06-26 full-text read directly (full-census batch 16)
EEG-0222,Ioannis Charalampous; Christos Mavrokefalidis; Kostas Berberidis,2025,A Pre-Activation Residual Convolutional Network With Attention Modules for High-Resolution EEG Emotion Recognition,"IEEE Access, 2025",journal,10.1109/ACCESS.2025.3530567,https://doi.org/10.1109/access.2025.3530567,none found,NA,yes,SEED,15,unclear,62,200,film clips,discrete-3class,pos/neu/neg,not reported,public,not verified,not verified,not verified,not verified,not verified,not verified,attention/transformer EEG representation learned by pre-activation residual CNN + attention (input feature details not captured),not verified,unclear,learned attention/transformer features,pre-activation residual CNN + attention,fine-tuning,none,yes,yes,not verified,"no (subject-dependent, 0.125s segments)","subject-dependent (0.125 s segmentation, fine-tune)",not verified,none,not verified,unclear,accuracy,99.51,not reported,not reported,unclear,not verified,not verified,not verified,yes,best,subject-dependent (window-segment leakage),LEAKAGE EXHIBIT: 0.125s short-segment subject-dependent -> near-ceiling SEED 99.51 / SEED-IV 97.51,high,"text: SEED 99.51, SEED-IV 97.51 with 0.125s segmentation (subject-dependent); not a cross-subject result","SEED 99.51 / SEED-IV 97.51 = subject-dependent short-segment near-ceiling (segment leakage) -> narrative leakage exhibit, excluded from meta",no,yes,yes,"verified-from-full-text (IEEE-top, pdftotext read directly)",2026-06-26 full-text read directly (full-census batch 16)
EEG-0223,Wenxu Wang; Jia Yang; Shengjia Li; Bin Wang; Kun Yang; Shengbo Sang; Qiang Zhang; Boyuan Liu,2024,A Random Forest Weights and 4-Dimensional Convolutional Recurrent Neural Network for EEG-Based Emotion Recognition (RFW-4DCRNN),"IEEE Access, 2024",journal,10.1109/ACCESS.2024.3375393,https://doi.org/10.1109/access.2024.3375393,none found,NA,yes,SEED,15,unclear,62,200,film clips,discrete-3class,pos/neu/neg,not reported,public,not verified,not verified,not verified,not verified,not verified,not verified,learned EEG representation from random-forest weighted 4D conv-recurrent network (RFW-4DCRNN) (exact input features not captured),not verified,unclear,learned deep EEG features,random-forest weighted 4D conv-recurrent network (RFW-4DCRNN),none,none,no,no,not verified,yes,leave-one-subject-out (subject-independent),not verified,none,not verified,unclear,accuracy,91.12,not reported,not reported,unclear,not verified,not verified,not verified,yes,mean,A (inductive LOSO),DEAP cross-subject 81.70 high-end suspect,some-concerns,"abstract: subject-independent SEED 91.12, DEAP 81.70 (subject-dependent SEED 94.21, DEAP 94.98)","SEED 91.12 high-end inductive; DEAP 81.70 cross-subject far above field (~65-70%) -> narrative, high-end flag; no SD",no,yes,yes,"verified-from-full-text (IEEE-top, pdftotext read directly)",2026-06-26 full-text read directly (full-census batch 16)
EEG-0223,Wenxu Wang; Jia Yang; Shengjia Li; Bin Wang; Kun Yang; Shengbo Sang; Qiang Zhang; Boyuan Liu,2024,A Random Forest Weights and 4-Dimensional Convolutional Recurrent Neural Network for EEG-Based Emotion Recognition (RFW-4DCRNN),"IEEE Access, 2024",journal,10.1109/ACCESS.2024.3375393,https://doi.org/10.1109/access.2024.3375393,none found,NA,yes,DEAP,32,unclear,32,128,music-video clips,dimensional (V/A),binary,not reported,public,not verified,not verified,not verified,not verified,not verified,not verified,learned EEG representation from random-forest weighted 4D conv-recurrent network (RFW-4DCRNN) (exact input features not captured),not verified,unclear,learned deep EEG features,random-forest weighted 4D conv-recurrent network (RFW-4DCRNN),none,none,no,no,not verified,yes,leave-one-subject-out (subject-independent),not verified,none,not verified,unclear,accuracy,81.7,not reported,not reported,unclear,not verified,not verified,not verified,yes,mean,A (inductive LOSO),DEAP cross-subject 81.70 high-end suspect,some-concerns,"abstract: subject-independent SEED 91.12, DEAP 81.70 (subject-dependent SEED 94.21, DEAP 94.98)","SEED 91.12 high-end inductive; DEAP 81.70 cross-subject far above field (~65-70%) -> narrative, high-end flag; no SD",no,yes,no,"verified-from-full-text (IEEE-top, pdftotext read directly)",2026-06-26 full-text read directly (full-census batch 16)
EEG-0224,Chunyu Lei; C. L. Philip Chen; Tong Zhang,2025,AM-ConvBLS: Adaptive Manifold Convolutional Broad Learning System for Cross-Session and Cross-Subject EEG Emotion Recognition,"IEEE Trans. Affective Computing, 2025",journal,10.1109/TAFFC.2025.3565570,https://doi.org/10.1109/taffc.2025.3565570,none found,NA,yes,SEED,15,unclear,62,200,film clips,discrete-3class,pos/neu/neg,not reported,public,not verified,not verified,not verified,not verified,not verified,not verified,"covariance, Riemannian, manifold, or geometric EEG representation (estimator not captured)",not verified,unclear,covariance/Riemannian-manifold features,adaptive-manifold convolutional broad learning system (AM-ConvBLS),adaptive manifold (target data),none,yes,no,not verified,yes,cross-subject + cross-session,not verified,none,not verified,unclear,accuracy,92.1,not reported,not reported,unclear,not verified,not verified,not verified,yes,mean,B (transductive-UDA),SEED-IV 83.2 high-end suspect,some-concerns,"text: cross-subject SEED 92.1, SEED-IV 83.2, SEED-V 83.7 (exceeds runner-up by 0.3-7.2%)","SEED 92.1 / SEED-IV 83.2 high-end transductive; no SD surfaced -> narrative, high-end flag",no,yes,yes,"verified-from-full-text (IEEE-top, pdftotext read directly)",2026-06-26 full-text read directly (full-census batch 16)
EEG-0224,Chunyu Lei; C. L. Philip Chen; Tong Zhang,2025,AM-ConvBLS: Adaptive Manifold Convolutional Broad Learning System for Cross-Session and Cross-Subject EEG Emotion Recognition,"IEEE Trans. Affective Computing, 2025",journal,10.1109/TAFFC.2025.3565570,https://doi.org/10.1109/taffc.2025.3565570,none found,NA,yes,SEED-IV,15,unclear,62,200,movie clips,discrete-4class,happy/sad/fear/neu,not reported,public,not verified,not verified,not verified,not verified,not verified,not verified,"covariance, Riemannian, manifold, or geometric EEG representation (estimator not captured)",not verified,unclear,covariance/Riemannian-manifold features,adaptive-manifold convolutional broad learning system (AM-ConvBLS),adaptive manifold (target data),none,yes,no,not verified,yes,cross-subject + cross-session,not verified,none,not verified,unclear,accuracy,83.2,not reported,not reported,unclear,not verified,not verified,not verified,yes,mean,B (transductive-UDA),SEED-IV 83.2 high-end suspect,some-concerns,"text: cross-subject SEED 92.1, SEED-IV 83.2, SEED-V 83.7 (exceeds runner-up by 0.3-7.2%)","SEED 92.1 / SEED-IV 83.2 high-end transductive; no SD surfaced -> narrative, high-end flag",no,yes,no,"verified-from-full-text (IEEE-top, pdftotext read directly)",2026-06-26 full-text read directly (full-census batch 16)
EEG-0225,Zhipeng Cai; Hongxiang Gao; Min Wu; Jianqing Li; Chengyu Liu,2025,A Unified Physiological Signal Interaction Network for Cross-Dataset Emotion Recognition,"IEEE Trans. Cognitive and Developmental Systems, 2025",journal,10.1109/TCDS.2025.3566229,https://doi.org/10.1109/tcds.2025.3566229,none found,NA,yes,"AMIGOS / DEAP / DECAF (cross-dataset, multimodal)",varies,unclear,varies,varies,not verified,dimensional (V/A),binary,not reported,public,not verified,not verified,not verified,not verified,not verified,not verified,multimodal EEG plus non-EEG representation/features (exact extraction not captured),not verified,unclear,multimodal features,unified physiological signal interaction network (multimodal),cross-dataset transfer,none,yes,no,not verified,yes,cross-dataset (10-fold),10,cross-dataset,not verified,unclear,accuracy,85.75,not reported,not reported,unclear,not verified,not verified,not verified,yes,mean,"E (cross-dataset, multimodal)",none stated; multimodal physiological (not EEG-only),some-concerns,"text: cross-dataset multimodal AMIGOS 85.75 (arousal), DECAF 71.9/60.5 (valence/arousal)","multimodal physiological cross-dataset -> narrative, excluded from EEG-only within-dataset meta",no,yes,yes,"verified-from-full-text (IEEE-top, pdftotext read directly)",2026-06-26 full-text read directly (full-census batch 16)
EEG-0226,C. L. Philip Chen; Bianna Chen; Tong Zhang,2025,AdamGraph: Adaptive Attention-Modulated Graph Network for EEG Emotion Recognition,"IEEE Trans. Cybernetics, 2025",journal,10.1109/TCYB.2025.3550191,https://doi.org/10.1109/tcyb.2025.3550191,none found,NA,yes,SEED / MPED,varies,unclear,varies,varies,not verified,discrete,varies,not reported,public,not verified,not verified,not verified,not verified,not verified,not verified,graph/spatial EEG representation learned by adaptive attention-modulated graph network (AdamGraph) (input feature details not captured),not verified,unclear,graph/deep spatial features,adaptive attention-modulated graph network (AdamGraph),domain adaptation (target data/labels),none,yes,unclear,not verified,claimed,LOSO + cross-session (mixed),not verified,none,not verified,unclear,accuracy,"SEED 91.86/96.65 (config ambiguous), MPED 40.29 - pending PDF-verify",minor (not isolated),not reported,unclear,not verified,not verified,not verified,yes,mean,ambiguous (SEED 91.86/96.65 config-dependent),protocol ambiguity; SEED 96.65 high-end,some-concerns,text: AdamGraph 91.86% (one config) up to 96.65% (minor SD); MPED 32.35->40.29% (cross-subject-consistent),PARTIAL - pending visual PDF-table verify; SEED 91.86 vs 96.65 config attribution + cross-subject vs cross-session ambiguous; MPED 40.29 looks cross-subject,no,yes,yes,PARTIAL - pending visual PDF-table verify,2026-06-26 full-text read directly (full-census batch 16)
EEG-0227,Xuezhu Hong; Changde Du; Huiguang He,2025,Adaptive Domain Alignment Neural Networks for Cross-Domain EEG Emotion Recognition (ADANN),"IEEE Trans. Affective Computing, 2025",journal,10.1109/TAFFC.2024.3480355,https://doi.org/10.1109/taffc.2024.3480355,none found,NA,yes,SEED,15,unclear,62,200,film clips,discrete-3class,pos/neu/neg,not reported,public,not verified,not verified,not verified,not verified,not verified,not verified,learned EEG representation from adaptive domain alignment neural network (ADANN) (exact input features not captured),not verified,unclear,learned deep EEG features,adaptive domain alignment neural network (ADANN),"adaptive domain alignment (unsupervised, target data)",none,yes,no,not verified,yes,cross-subject (LOSO); also cross-subject cross-session,not verified,none,not verified,unclear,accuracy,91.92,5.44,not reported,unclear,mean+-SD,not verified,not verified,yes,mean,B (transductive-UDA),none (transductive); SEED 91.92 high-end,some-concerns,"text: cross-subject ADANN SEED 91.92/5.44, SEED-IV 73.95/9.08 (highest among listed); cross-subject cross-session 90.03/6.99, 77.79/13.97 separate","cross-subject (standard) SEED 91.92/5.44, SEED-IV 73.95/9.08 -> meta; cross-session generalizability kept separate; SEED high-end but with SD",yes,yes,yes,"verified-from-full-text (IEEE-top, pdftotext read directly)",2026-06-26 full-text read directly (full-census batch 16)
EEG-0227,Xuezhu Hong; Changde Du; Huiguang He,2025,Adaptive Domain Alignment Neural Networks for Cross-Domain EEG Emotion Recognition (ADANN),"IEEE Trans. Affective Computing, 2025",journal,10.1109/TAFFC.2024.3480355,https://doi.org/10.1109/taffc.2024.3480355,none found,NA,yes,SEED-IV,15,unclear,62,200,movie clips,discrete-4class,happy/sad/fear/neu,not reported,public,not verified,not verified,not verified,not verified,not verified,not verified,learned EEG representation from adaptive domain alignment neural network (ADANN) (exact input features not captured),not verified,unclear,learned deep EEG features,adaptive domain alignment neural network (ADANN),"adaptive domain alignment (unsupervised, target data)",none,yes,no,not verified,yes,cross-subject (LOSO); also cross-subject cross-session,not verified,none,not verified,unclear,accuracy,73.95,9.08,not reported,unclear,mean+-SD,not verified,not verified,yes,mean,B (transductive-UDA),none (transductive); SEED 91.92 high-end,some-concerns,"text: cross-subject ADANN SEED 91.92/5.44, SEED-IV 73.95/9.08 (highest among listed); cross-subject cross-session 90.03/6.99, 77.79/13.97 separate","cross-subject (standard) SEED 91.92/5.44, SEED-IV 73.95/9.08 -> meta; cross-session generalizability kept separate; SEED high-end but with SD",yes,yes,no,"verified-from-full-text (IEEE-top, pdftotext read directly)",2026-06-26 full-text read directly (full-census batch 16)
EEG-0228,Ting Li; Zhan Wang; Huijing Liu,2025,Adversarial Domain Adaptation-Based EEG Emotion Transfer Recognition,"IEEE Access, 2025",journal,10.1109/ACCESS.2025.3540436,https://doi.org/10.1109/access.2025.3540436,none found,NA,yes,SEED / SEED-IV,varies,unclear,varies,varies,not verified,discrete,varies,not reported,public,not verified,not verified,not verified,not verified,not verified,not verified,domain-aligned or transfer-learned EEG representation learned by adversarial domain adaptation (emotion transfer) (exact signal features not captured),not verified,unclear,domain-adaptation/transfer-learned features,adversarial domain adaptation (emotion transfer),"adversarial domain adaptation (unsupervised, target data)",none,yes,no,not verified,yes,cross-subject / cross-session,not verified,none,not verified,unclear,accuracy,pending PDF-verify,not reported,not reported,unclear,not verified,not verified,not verified,yes,mean,B (transductive-UDA),none (transductive),some-concerns,text: adversarial DA cross-subject/cross-session; proposed accuracy in tables (pdftotext garbled),PARTIAL - pending visual PDF-table verify; cross-subject UDA confirmed; SEED/SEED-IV accuracy pending visual read,no,yes,yes,PARTIAL - pending visual PDF-table verify,2026-06-26 full-text read directly (full-census batch 16)
EEG-0229,Weichen Huang; Zijing Guan; Kendi Li; Yajun Zhou; Yuanqing Li,2024,An Affective Brain-Computer Interface Based on a Transfer Learning Method,"IEEE Trans. Affective Computing, 2024",journal,10.1109/TAFFC.2023.3305982,https://doi.org/10.1109/taffc.2023.3305982,none found,NA,yes,SEED,15,unclear,62,200,film clips,discrete-3class,pos/neu/neg,not reported,public,not verified,not verified,not verified,not verified,not verified,not verified,domain-aligned or transfer-learned EEG representation learned by transfer-learning aBCI (exact signal features not captured),not verified,unclear,domain-adaptation/transfer-learned features,transfer-learning aBCI,transfer learning (calibration / cross-session),none,yes,unclear,not verified,yes,cross-session / calibration,not verified,none,not verified,unclear,accuracy,pending PDF-verify (own result not isolated),not reported,not reported,unclear,not verified,not verified,not verified,yes,mean,B/F (transfer-learning calibration),none stated,some-concerns,text: cites prior SEED 79.95/84.16/86.7; own proposed accuracy not cleanly isolated in pdftotext,PARTIAL - pending visual PDF-table verify; transfer-learning aBCI; own proposed cross-subject/cross-session accuracy pending visual read,no,yes,yes,PARTIAL - pending visual PDF-table verify,2026-06-26 full-text read directly (full-census batch 16)
EEG-0230,Xiaoya Zhu; Haohao Zheng; Xiaolong Chen; Hong Zeng; Chenpu Li; Motonobu Hattori; Xiang Zhang,2026,An EEG-Based Multi-Source Domain Knowledge Transfer Framework for Cross-Session and Cross-Subject Emotion Recognition (MS-KTF),"IEEE Trans. Affective Computing, 2026",journal,10.1109/TAFFC.2026.3674803,https://doi.org/10.1109/taffc.2026.3674803,none found,NA,yes,SEED,15,unclear,62,200,film clips,discrete-3class,pos/neu/neg,not reported,public,not verified,not verified,not verified,not verified,not verified,not verified,domain-aligned or transfer-learned EEG representation learned by multi-source domain knowledge-transfer framework (MS-KTF) (exact signal features not captured),not verified,unclear,domain-adaptation/transfer-learned features,multi-source domain knowledge-transfer framework (MS-KTF),multi-source DA + fine-tune on small target data (few-shot),none,yes,yes (small target sample fine-tune),not verified,yes,cross-subject + cross-session (few-shot fine-tune),not verified,none,not verified,unclear,accuracy,96.43,9.23,not reported,unclear,mean+-SD,not verified,not verified,yes,best (highest config),F (few-shot target-calibration),none (declared few-shot calibration); SEED 96.43 high-end,some-concerns,text+Table: MS-KTF SEED highest 96.43/9.23 (fine-tune small target data); large SD; SEED-IV 87.34/9.89,"few-shot fine-tune (target labels) -> protocol F; SEED 96.43 high but with calibration + large SD 9.23 -> meta (F stratum), high-end flag",yes,yes,yes,"verified-from-full-text (IEEE-top, pdftotext read directly)",2026-06-26 full-text read directly (full-census batch 16)
EEG-0231,Cunbo Li; Tian Tang; Yue Pan; Lei Yang; Shuhan Zhang; Zhaojin Chen; Peiyang Li; Dongrui Gao; Huafu Chen; Fali Li; Dezhong Yao; Zehong Cao; Peng Xu,2025,An Efficient Graph Learning System for Emotion Recognition Inspired by the Cognitive Prior Graph of EEG Brain Network (BF-GCN),"IEEE Trans. Neural Networks and Learning Systems, 2025",journal,10.1109/TNNLS.2024.3405663,https://doi.org/10.1109/tnnls.2024.3405663,none found,NA,yes,SEED,15,unclear,62,200,film clips,discrete-3class,pos/neu/neg,not reported,public,not verified,not verified,not verified,not verified,not verified,not verified,functional-connectivity / brain-network EEG features (metric/window details not captured),not verified,unclear,connectivity/brain-network features,"brain-function graph conv network (BF-GCN, cognitive prior graph)",domain adaptation (target domain),none,yes,no,not verified,yes,subject-independent (LOSO),not verified,none,not verified,unclear,accuracy,93.06,5.12,not reported,unclear,mean+-SD,not verified,not verified,yes,mean,B (transductive-UDA),none (transductive); SEED 93.06 high-end,some-concerns,"text: subject-independent SEED 93.06/5.12 (abstract rounds 92.72), SEED-IV 82.03 (subject-dependent SEED-IV 89.55 separate)",subject-independent SEED 93.06/5.12 high-end transductive with SD -> meta; SEED-IV 82.03 no SD -> narrative,yes,yes,yes,"verified-from-full-text (IEEE-top, pdftotext read directly)",2026-06-26 full-text read directly (full-census batch 16)
EEG-0231,Cunbo Li; Tian Tang; Yue Pan; Lei Yang; Shuhan Zhang; Zhaojin Chen; Peiyang Li; Dongrui Gao; Huafu Chen; Fali Li; Dezhong Yao; Zehong Cao; Peng Xu,2025,An Efficient Graph Learning System for Emotion Recognition Inspired by the Cognitive Prior Graph of EEG Brain Network (BF-GCN),"IEEE Trans. Neural Networks and Learning Systems, 2025",journal,10.1109/TNNLS.2024.3405663,https://doi.org/10.1109/tnnls.2024.3405663,none found,NA,yes,SEED-IV,15,unclear,62,200,movie clips,discrete-4class,happy/sad/fear/neu,not reported,public,not verified,not verified,not verified,not verified,not verified,not verified,functional-connectivity / brain-network EEG features (metric/window details not captured),not verified,unclear,connectivity/brain-network features,"brain-function graph conv network (BF-GCN, cognitive prior graph)",domain adaptation (target domain),none,yes,no,not verified,yes,subject-independent (LOSO),not verified,none,not verified,unclear,accuracy,82.03,not reported,not reported,unclear,mean+-SD,not verified,not verified,yes,mean,B (transductive-UDA),none (transductive); SEED 93.06 high-end,some-concerns,"text: subject-independent SEED 93.06/5.12 (abstract rounds 92.72), SEED-IV 82.03 (subject-dependent SEED-IV 89.55 separate)",subject-independent SEED 93.06/5.12 high-end transductive with SD -> meta; SEED-IV 82.03 no SD -> narrative,no,yes,no,"verified-from-full-text (IEEE-top, pdftotext read directly)",2026-06-26 full-text read directly (full-census batch 16)
EEG-0232,Xiaobing Du; Cuixia Ma; Guanhua Zhang; Jinyao Li; Yu-Kun Lai; Guozhen Zhao; Xiaoming Deng; Yong-Jin Liu; Hongan Wang,2022,An Efficient LSTM Network for Emotion Recognition From Multichannel EEG Signals,"IEEE Trans. Affective Computing, 2022",journal,10.1109/TAFFC.2020.3013711,https://doi.org/10.1109/taffc.2020.3013711,none found,NA,yes,SEED / DEAP,varies,unclear,varies,varies,not verified,discrete/dimensional,varies,not reported,public,not verified,not verified,not verified,not verified,not verified,not verified,learned EEG representation from efficient LSTM network (exact input features not captured),not verified,unclear,learned deep EEG features,efficient LSTM network,domain adaptation (unsupervised) / mixed,none,yes,unclear,not verified,mixed (subject-dependent + LOSO),cross-session / LOSO (mixed),not verified,none,not verified,unclear,accuracy,pending PDF-verify,not reported,not reported,unclear,not verified,not verified,not verified,yes,mean,ambiguous (subject-dependent + cross-subject reported),none stated,some-concerns,text: SEED-style preprocessing; LSTM cross-session/LOSO; proposed cross-subject accuracy not cleanly isolated,PARTIAL - pending visual PDF-table verify; cross-subject vs subject-dependent number attribution pending visual read,no,yes,yes,PARTIAL - pending visual PDF-table verify,2026-06-26 full-text read directly (full-census batch 17)
EEG-0233,Raktim Acharjee; Shaik Rafi Ahamed,2026,An Interpretable Multiscale Temporal Residual Framework for Gender-Specific EEG-Based Emotion Recognition,"IEEE Sensors Journal, 2026",journal,10.1109/JSEN.2026.3683246,https://doi.org/10.1109/jsen.2026.3683246,none found,NA,yes,SEED,15,unclear,62,200,film clips,discrete-3class,pos/neu/neg,not reported,public,not verified,not verified,not verified,not verified,not verified,not verified,temporal or spatiotemporal EEG representation learned by multiscale temporal residual (gender-specific) (exact input features not captured),not verified,unclear,learned temporal/spatiotemporal features,multiscale temporal residual (gender-specific),none,none,unclear,unclear,not verified,claimed (gender-split SD & SI),gender-specific subject-dependent (SD) + subject-independent (SI),not verified,none,not verified,unclear,accuracy,98.21,not reported,not reported,unclear,mean+-SD (gender-split),not verified,not verified,yes,mean,ambiguous (SI SEED 98.21 near-ceiling),LEAKAGE SUSPECT: subject-independent SEED 98.21 / DREAMER 98.78 near-equal to subject-dependent -> likely gender-split partition leakage,high,"text: SI SEED 98.21 (SD 94.68), DREAMER SI 98.78 (SD 92.57), DEAP SI 83.95 (SD 84.12); SI >= SD on SEED/DREAMER implausible","subject-independent SEED 98.21/DREAMER 98.78 far exceed field cross-subject -> leakage suspect; narrative + PDF-verify, excluded from meta",no,yes,yes,PARTIAL - pending visual PDF-table verify,2026-06-26 full-text read directly (full-census batch 17)
EEG-0233,Raktim Acharjee; Shaik Rafi Ahamed,2026,An Interpretable Multiscale Temporal Residual Framework for Gender-Specific EEG-Based Emotion Recognition,"IEEE Sensors Journal, 2026",journal,10.1109/JSEN.2026.3683246,https://doi.org/10.1109/jsen.2026.3683246,none found,NA,yes,DREAMER,23,unclear,14,128,film clips,dimensional (V/A),binary,not reported,public,not verified,not verified,not verified,not verified,not verified,not verified,temporal or spatiotemporal EEG representation learned by multiscale temporal residual (gender-specific) (exact input features not captured),not verified,unclear,learned temporal/spatiotemporal features,multiscale temporal residual (gender-specific),none,none,unclear,unclear,not verified,claimed (gender-split SD & SI),gender-specific subject-dependent (SD) + subject-independent (SI),not verified,none,not verified,unclear,accuracy,98.78,not reported,not reported,unclear,mean+-SD (gender-split),not verified,not verified,yes,mean,ambiguous (SI SEED 98.21 near-ceiling),LEAKAGE SUSPECT: subject-independent SEED 98.21 / DREAMER 98.78 near-equal to subject-dependent -> likely gender-split partition leakage,high,"text: SI SEED 98.21 (SD 94.68), DREAMER SI 98.78 (SD 92.57), DEAP SI 83.95 (SD 84.12); SI >= SD on SEED/DREAMER implausible","subject-independent SEED 98.21/DREAMER 98.78 far exceed field cross-subject -> leakage suspect; narrative + PDF-verify, excluded from meta",no,yes,no,PARTIAL - pending visual PDF-table verify,2026-06-26 full-text read directly (full-census batch 17)
EEG-0234,Sun-Hee Kim; Hyung-Jeong Yang; Ngoc Anh Thi Nguyen; Seong-Whan Lee,2021,AsEmo: Automatic Approach for EEG-Based Multiple Emotional State Identification,"IEEE J. Biomedical and Health Informatics, 2021",journal,10.1109/JBHI.2020.3032678,https://doi.org/10.1109/jbhi.2020.3032678,none found,NA,yes,DEAP,32,unclear,32,128,music-video clips,dimensional (V/A),multi-class,not reported,public,not verified,not verified,not verified,not verified,not verified,not verified,common spatial pattern (CSP) or spatial-filter EEG features (details not captured),not verified,unclear,CSP/spatial-filter features,multi-class CSP + explained-variance feature extraction (AsEmo),none,none,no,no,not verified,yes,subject-independent (ten-fold over subject sets),not verified,none,not verified,unclear,accuracy,"84.20 (body) / 60.36 (abstract) - discrepant, pending PDF-verify",5.04 (body),not reported,unclear,mean+-SD,not verified,not verified,yes,mean,"A (inductive, subject-independent)",abstract/body number discrepancy,some-concerns,"body: proposed DEAP 84.20/5.04, SEED 82.71/3.83; abstract cites 60.36/3.98 (config-discrepant); DEAP 84.20 high-end",PARTIAL - pending visual PDF-table verify; AsEmo abstract 60.36 vs body 84.20 discrepancy + DEAP high-end -> verify which is the headline subject-independent result,no,yes,yes,PARTIAL - pending visual PDF-table verify,2026-06-26 full-text read directly (full-census batch 17)
EEG-0235,Ghulam Ghous; Shaheryar Najam; Mohammed Alshehri; Abdulmonem Alshahrani; Yahya AlQahtani; Ahmad Jalal; Hui Liu,2025,Attention-Driven Emotion Recognition in EEG: A Transformer-Based Approach With Cross-Dataset Generalization,"IEEE Access, 2025",journal,10.1109/ACCESS.2025.3561137,https://doi.org/10.1109/ACCESS.2025.3561137,none found,NA,yes,SEED,15,unclear,62,200,film clips,discrete-3class,pos/neu/neg,not reported,public,not verified,not verified,not verified,not verified,not verified,not verified,attention/transformer EEG representation learned by attention-driven transformer (residual CNN + transformer) (input feature details not captured),not verified,unclear,learned attention/transformer features,attention-driven transformer (residual CNN + transformer),domain adaptation (cross-dataset),none,yes,no,not verified,yes,cross-subject / cross-dataset,not verified,none,not verified,unclear,accuracy,88.83,not reported,not reported,unclear,not verified,not verified,not verified,yes,mean,"B/E (transductive, cross-dataset)",none (transductive),some-concerns,"text: 'In contrast, our model... 88.83% on SEED and 65.04% on DEAP'; MPED F1 90.6 (cross-dataset generalization)",own cross-subject SEED 88.83 / DEAP 65.04 plausible (DEAP honest); no SD surfaced -> narrative,no,yes,yes,"verified-from-full-text (IEEE-top, pdftotext read directly)",2026-06-26 full-text read directly (full-census batch 17)
EEG-0235,Ghulam Ghous; Shaheryar Najam; Mohammed Alshehri; Abdulmonem Alshahrani; Yahya AlQahtani; Ahmad Jalal; Hui Liu,2025,Attention-Driven Emotion Recognition in EEG: A Transformer-Based Approach With Cross-Dataset Generalization,"IEEE Access, 2025",journal,10.1109/ACCESS.2025.3561137,https://doi.org/10.1109/ACCESS.2025.3561137,none found,NA,yes,DEAP,32,unclear,32,128,music-video clips,dimensional (V/A),binary,not reported,public,not verified,not verified,not verified,not verified,not verified,not verified,attention/transformer EEG representation learned by attention-driven transformer (residual CNN + transformer) (input feature details not captured),not verified,unclear,learned attention/transformer features,attention-driven transformer (residual CNN + transformer),domain adaptation (cross-dataset),none,yes,no,not verified,yes,cross-subject / cross-dataset,not verified,none,not verified,unclear,accuracy,65.04,not reported,not reported,unclear,not verified,not verified,not verified,yes,mean,"B/E (transductive, cross-dataset)",none (transductive),some-concerns,"text: 'In contrast, our model... 88.83% on SEED and 65.04% on DEAP'; MPED F1 90.6 (cross-dataset generalization)",own cross-subject SEED 88.83 / DEAP 65.04 plausible (DEAP honest); no SD surfaced -> narrative,no,yes,no,"verified-from-full-text (IEEE-top, pdftotext read directly)",2026-06-26 full-text read directly (full-census batch 17)
EEG-0236,Dhanhanjay Pachori; Tapan Kumar Gandhi,2024,Automated Human Emotion Recognition System Using TQWT-Based EEG Subbands,"IEEE Sensors Letters, 2024",journal,10.1109/LSENS.2024.3486708,https://doi.org/10.1109/lsens.2024.3486708,none found,NA,yes,not clearly standard,not verified,unclear,not verified,not verified,not verified,dimensional/discrete,varies,not reported,public,not verified,not verified,not verified,not verified,not verified,not verified,tunable-Q wavelet transform (TQWT) EEG subband features (parameters not captured),not verified,unclear,time-frequency/wavelet features,TQWT subband features + ML classifiers (TNN),none,none,no,no,not verified,partial (80:20 tenfold; labeled subject-independent),tenfold 80:20 (subject-independent + subject-dependent analyses),10,none,not verified,unclear,accuracy,86.67,not reported,not reported,unclear,not verified,not verified,not verified,yes,mean,A (inductive; tenfold subject-independent claim weak),80:20 tenfold subject-independent may mix subjects,some-concerns,"text: subject-independent 86.67%, subject-dependent 88.87% (tenfold); dataset not clearly SEED/DEAP","80:20 tenfold 'subject-independent' may not be strict LOSO; dataset unclear -> narrative, no SD",no,yes,yes,"verified-from-full-text (IEEE-top, pdftotext read directly)",2026-06-26 full-text read directly (full-census batch 17)
EEG-0237,Yilin Wang; Li Zhang; Yan Zhang,2025,Band-Level Adaptive Fusion Network for Cross-Subject EEG Emotion Recognition (BAFNet),"IEEE Trans. Instrumentation and Measurement, 2025",journal,10.1109/TIM.2025.3544334,https://doi.org/10.1109/tim.2025.3544334,none found,NA,yes,SEED,15,unclear,62,200,film clips,discrete-3class,pos/neu/neg,not reported,public,not verified,not verified,not verified,not verified,not verified,not verified,domain-aligned or transfer-learned EEG representation learned by band-level adaptive fusion network (BAFNet) (exact signal features not captured),not verified,unclear,domain-adaptation/transfer-learned features,band-level adaptive fusion network (BAFNet),"domain adaptation (LOSO + calibration, target domain)",none,yes,no,not verified,yes,leave-one-subject-out (cross-subject),not verified,none,not verified,unclear,accuracy,93.93,not reported,not reported,unclear,not verified,not verified,not verified,yes,mean,B (transductive-UDA),SEED 93.93 high-end,some-concerns,"abstract: cross-subject SEED 93.93, SEED-IV 85.83 (point estimates, no SD surfaced)","SEED 93.93 / SEED-IV 85.83 high-end transductive; no SD -> narrative, high-end flag",no,yes,yes,"verified-from-full-text (IEEE-top, pdftotext read directly)",2026-06-26 full-text read directly (full-census batch 17)
EEG-0237,Yilin Wang; Li Zhang; Yan Zhang,2025,Band-Level Adaptive Fusion Network for Cross-Subject EEG Emotion Recognition (BAFNet),"IEEE Trans. Instrumentation and Measurement, 2025",journal,10.1109/TIM.2025.3544334,https://doi.org/10.1109/tim.2025.3544334,none found,NA,yes,SEED-IV,15,unclear,62,200,movie clips,discrete-4class,happy/sad/fear/neu,not reported,public,not verified,not verified,not verified,not verified,not verified,not verified,domain-aligned or transfer-learned EEG representation learned by band-level adaptive fusion network (BAFNet) (exact signal features not captured),not verified,unclear,domain-adaptation/transfer-learned features,band-level adaptive fusion network (BAFNet),"domain adaptation (LOSO + calibration, target domain)",none,yes,no,not verified,yes,leave-one-subject-out (cross-subject),not verified,none,not verified,unclear,accuracy,85.83,not reported,not reported,unclear,not verified,not verified,not verified,yes,mean,B (transductive-UDA),SEED 93.93 high-end,some-concerns,"abstract: cross-subject SEED 93.93, SEED-IV 85.83 (point estimates, no SD surfaced)","SEED 93.93 / SEED-IV 85.83 high-end transductive; no SD -> narrative, high-end flag",no,yes,no,"verified-from-full-text (IEEE-top, pdftotext read directly)",2026-06-26 full-text read directly (full-census batch 17)
EEG-0238,Marzieh Niaki; Shyamal Y. Dharia; Yangjun Chen; Camilo E. Valderrama,2025,Bipartite Graph Adversarial Network for Subject-Independent Emotion Recognition (BGAN),"IEEE J. Biomedical and Health Informatics, 2025",journal,10.1109/JBHI.2025.3570187,https://doi.org/10.1109/jbhi.2025.3570187,none found,NA,yes,SEED,15,unclear,62,200,film clips,discrete-3class,pos/neu/neg,not reported,public,not verified,not verified,not verified,not verified,not verified,not verified,"graph/spatial EEG representation learned by bipartite graph adversarial network (BGAN, DANN) (input feature details not captured)",not verified,unclear,graph/deep spatial features,"bipartite graph adversarial network (BGAN, DANN)","domain-adversarial (unsupervised, target data)",none,yes,no,not verified,yes,leave-one-subject-out (subject-independent),not verified,none,not verified,unclear,accuracy,85.4,not reported,not reported,unclear,not verified,not verified,not verified,yes,mean,B (transductive-UDA),none (transductive),some-concerns,"text: subject-independent SEED 85.4, SEED-IV 87.6?, SEED-V 90.7 (point estimates, no SD)",SEED 85.4 plausible transductive; no SD -> narrative,no,yes,yes,"verified-from-full-text (IEEE-top, pdftotext read directly)",2026-06-26 full-text read directly (full-census batch 17)
EEG-0239,(IEEE TAC 2024),2024,CFDA-CSF: A Multi-Modal Domain Adaptation Method for Cross-Subject Emotion Recognition,IEEE Transactions on Affective Computing,journal,10.1109/taffc.2024.3357656,https://doi.org/10.1109/taffc.2024.3357656,none found,NA,yes,SEED / SEED-IV / SEED-V (multimodal EEG+eye),15,unclear,62,200,not verified,discrete,varies,not reported,public,not verified,not verified,not verified,not verified,not verified,not verified,multimodal EEG plus non-EEG representation/features (exact extraction not captured),not verified,unclear,multimodal features,"coarse-to-fine DA + common-specific fusion (CFDA-CSF, multimodal)",multimodal domain adaptation (EEG + eye),none,yes,no,not verified,yes,leave-one-subject-out (cross-subject),not verified,none,not verified,unclear,accuracy,93.05,not reported,not reported,unclear,not verified,not verified,not verified,yes,mean,"B (transductive-UDA, multimodal)","none stated; MULTIMODAL (EEG + eye movement), not EEG-only",some-concerns,"text: cross-subject multimodal SEED 93.05, SEED-IV 91.41, SEED-V 93.40 (avg)","multimodal (EEG + eye) -> narrative, excluded from EEG-only meta; SEED-IV 91.41 reflects multimodal gain",no,yes,yes,"verified-from-full-text (IEEE-top, pdftotext read directly)",2026-06-26 full-text read directly (full-census batch 17)
EEG-0240,Rongqi Cao; Jian He; Yu Liang; Xiyuan Hu; Tianhao Peng; Wenjun Wu; Shuang Niu; Shahid Mumtaz,2026,CLDAE: A Two-Stage EEG-based Emotion Recognition Framework Combining Contrastive Learning and Domain Adaptation,"IEEE J. Biomedical and Health Informatics, 2026",journal,10.1109/JBHI.2026.3668381,https://doi.org/10.1109/JBHI.2026.3668381,https://github.com/liangyubuaa/CLDAE,NA,yes,SEED-IV,15,unclear,62,200,movie clips,discrete-4class,happy/sad/fear/neu,not reported,public,not verified,not verified,not verified,not verified,not verified,not verified,self-supervised or contrastive EEG representation learned by contrastive learning + domain adaptation (CLDAE) (input feature details not captured),not verified,unclear,learned self-supervised/contrastive features,contrastive learning + domain adaptation (CLDAE),contrastive pretrain + domain adaptation (fine-tune),none,yes,unclear,not verified,yes,cross-subject (+ within-subject),not verified,none,not verified,unclear,accuracy,75.29,not reported,not reported,unclear,not verified,not verified,not verified,yes,mean,B (transductive/contrastive DA),none stated,some-concerns,abstract: cross-subject 75.29% (within-subject 95.12%); SEED-IV 85.12 / DEAP 70.15 (Acc) per body,cross-subject SEED-IV ~75.29 / DEAP 70.15 honest; within-subject 95.12 separate; no SD -> narrative,no,yes,yes,"verified-from-full-text (IEEE-top, pdftotext read directly)",2026-06-26 full-text read directly (full-census batch 17)
EEG-0240,Rongqi Cao; Jian He; Yu Liang; Xiyuan Hu; Tianhao Peng; Wenjun Wu; Shuang Niu; Shahid Mumtaz,2026,CLDAE: A Two-Stage EEG-based Emotion Recognition Framework Combining Contrastive Learning and Domain Adaptation,"IEEE J. Biomedical and Health Informatics, 2026",journal,10.1109/JBHI.2026.3668381,https://doi.org/10.1109/JBHI.2026.3668381,https://github.com/liangyubuaa/CLDAE,NA,yes,DEAP,32,unclear,32,128,music-video clips,dimensional (V/A),binary,not reported,public,not verified,not verified,not verified,not verified,not verified,not verified,self-supervised or contrastive EEG representation learned by contrastive learning + domain adaptation (CLDAE) (input feature details not captured),not verified,unclear,learned self-supervised/contrastive features,contrastive learning + domain adaptation (CLDAE),contrastive pretrain + domain adaptation (fine-tune),none,yes,unclear,not verified,yes,cross-subject (+ within-subject),not verified,none,not verified,unclear,accuracy,70.15,not reported,not reported,unclear,not verified,not verified,not verified,yes,mean,B (transductive/contrastive DA),none stated,some-concerns,abstract: cross-subject 75.29% (within-subject 95.12%); SEED-IV 85.12 / DEAP 70.15 (Acc) per body,cross-subject SEED-IV ~75.29 / DEAP 70.15 honest; within-subject 95.12 separate; no SD -> narrative,no,yes,no,"verified-from-full-text (IEEE-top, pdftotext read directly)",2026-06-26 full-text read directly (full-census batch 17)
EEG-0241,Shiwei Cheng; Zongfei Wu; Junjie Wu; Yang Liu; Ming Li,2026,CTFear: A Fear Emotion Intensity Classification Method Based on EEG and Real-Time Labeling,"IEEE Trans. Visualization and Computer Graphics, 2026",journal,10.1109/TVCG.2026.3680592,https://doi.org/10.1109/TVCG.2026.3680592,none found,NA,yes,"custom (immersive VR, continuous fear-intensity labeling)",not verified,unclear,not verified,not verified,immersive VR videos,fear-intensity (2/3/4-class),fear intensity levels,not reported,public,not verified,not verified,not verified,not verified,not verified,not verified,attention/transformer EEG representation learned by parallel CNN + spatial/temporal transformers + topology-aware encoding (CTFear) (input feature details not captured),not verified,unclear,learned attention/transformer features,parallel CNN + spatial/temporal transformers + topology-aware encoding (CTFear),calibration,none,yes,unclear,not verified,yes,cross-trial + cross-subject validation,not verified,none,not verified,unclear,F1,0.80 (2-class) / 0.64 (3-class) / 0.55 (4-class) cross-subject F1,not reported,not reported,unclear,F1 score,not verified,not verified,yes,mean,A (cross-subject; single-emotion intensity),none stated,some-concerns,"abstract: cross-subject F1 0.80 (2-class), 0.64 (3-class), 0.55 (4-class) fear intensity; cross-trial 0.86/0.76/0.67","fear-intensity (single-emotion), custom VR dataset, F1 metric -> narrative, not poolable with categorical-accuracy meta",no,yes,yes,"verified-from-full-text (IEEE-top, pdftotext read directly)",2026-06-26 full-text read directly (full-census batch 17)
EEG-0242,Xinrong Gong; C. L. Philip Chen; Bin Hu; Tong Zhang,2024,CiABL: Completeness-Induced Adaptative Broad Learning for Cross-Subject Emotion Recognition,"IEEE Trans. Affective Computing, 2024",journal,10.1109/TAFFC.2024.3392791,https://doi.org/10.1109/TAFFC.2024.3392791,none found,NA,yes,SEED,15,unclear,62,200,film clips,discrete-3class,pos/neu/neg,not reported,public,not verified,not verified,not verified,not verified,not verified,not verified,graph/spatial EEG representation learned by completeness-induced adaptive broad learning (CiABL) (input feature details not captured),not verified,unclear,graph/deep spatial features,completeness-induced adaptive broad learning (CiABL),"adaptive broad learning (one-to-one / one-to-many transfer, target data)",none,yes,no,not verified,yes,cross-subject one-to-one / one-to-many transfer,not verified,none,not verified,unclear,accuracy,87.1,not reported,not reported,unclear,not verified,not verified,not verified,yes,one-to-one (session 1),B (transductive-UDA),none stated,some-concerns,text: SEED session-1 one-to-one CiABL 87.10% (vs 83.33/72.89 baselines); one-to-one 85.49% Negative-class,cross-subject one-to-one transfer SEED ~87.10 (single session/pair); no aggregate SD -> narrative,no,yes,yes,"verified-from-full-text (IEEE-top, pdftotext read directly)",2026-06-26 full-text read directly (full-census batch 17)
EEG-0243,Chuangquan Chen; Zhencheng Li; Kit Ian Kou; Jie Du; Chen Li; Hongtao Wang; Chi-Man Vong,2025,Comprehensive Multisource Learning Network for Cross-Subject Multimodal Emotion Recognition (CMSLNet),"IEEE Trans. Emerging Topics in Computational Intelligence, 2025",journal,10.1109/TETCI.2024.3406422,https://doi.org/10.1109/tetci.2024.3406422,none found,NA,yes,SEED-IV / SEED-V (multimodal EEG+eye),15,unclear,62,200,not verified,discrete,varies,not reported,public,not verified,not verified,not verified,not verified,not verified,not verified,multimodal EEG plus non-EEG representation/features (exact extraction not captured),not verified,unclear,multimodal features,"comprehensive multisource learning network (CMSLNet, multimodal)",multi-source domain adaptation (multimodal),none,yes,no,not verified,yes,leave-one-subject-out (cross-subject),not verified,none,not verified,unclear,accuracy,83.15,not reported,not reported,unclear,not verified,not verified,not verified,yes,mean,"B (transductive-UDA, multimodal)","none stated; MULTIMODAL (EEG + eye), not EEG-only",some-concerns,"abstract: cross-subject multimodal SEED-IV 83.15, SEED-V 87.32 (surpasses baselines)","multimodal (EEG + eye) -> narrative, excluded from EEG-only meta",no,yes,yes,"verified-from-full-text (IEEE-top, pdftotext read directly)",2026-06-26 full-text read directly (full-census batch 17)
EEG-0244,Yuan-Pin Lin,2020,Constructing a Personalized Cross-Day EEG-Based Emotion-Classification Model Using Transfer Learning,"IEEE J. Biomedical and Health Informatics, 2020",journal,10.1109/JBHI.2019.2934172,https://doi.org/10.1109/jbhi.2019.2934172,none found,NA,yes,SEED,15,unclear,62,200,film clips,discrete-3class,pos/neu/neg,not reported,public,not verified,not verified,not verified,not verified,not verified,not verified,domain-aligned or transfer-learned EEG representation learned by personalized cross-day transfer-learning model (exact signal features not captured),not verified,unclear,domain-adaptation/transfer-learned features,personalized cross-day transfer-learning model,"domain adaptation (cross-day calibration, target data)",none,yes,no,not verified,no (within-subject cross-day),"cross-day (two-vs-one day, same subject)",not verified,cross-day (within-subject),not verified,unclear,accuracy,82.28,not reported,not reported,unclear,not verified,not verified,not verified,yes,mean,cross-session/cross-day (NOT cross-subject),none; but cross-DAY not cross-subject,some-concerns,"text: cross-day SEED 82.28% (two-vs-one day), improved to 84.61%; personalized within-subject across days","cross-DAY (within-subject, different days) = cross-session, NOT cross-subject generalization -> narrative, excluded from cross-subject meta",no,yes,yes,"verified-from-full-text (IEEE-top, pdftotext read directly)",2026-06-26 full-text read directly (full-census batch 18)
EEG-0245,Xinrong Gong; C. L. Philip Chen; Tong Zhang,2024,Cross-Cultural Emotion Recognition With EEG and Eye Movement Signals Based on Multiple Stimuli,"IEEE Trans. Computational Social Systems, 2024",journal,10.1109/TCSS.2023.3298324,https://doi.org/10.1109/TCSS.2023.3298324,none found,NA,yes,cross-cultural SEED-style (multimodal EEG+eye),varies,unclear,varies,varies,not verified,discrete,varies,not reported,public,not verified,not verified,not verified,not verified,not verified,not verified,multimodal EEG plus non-EEG representation/features (exact extraction not captured),not verified,unclear,multimodal features,multimodal (EEG + eye movement) cross-cultural,"domain adaptation (cross-cultural, target domain)",none,yes,no,not verified,yes,leave-one-subject-out (cross-subject / cross-cultural),not verified,none,not verified,unclear,accuracy,multimodal cross-cultural (not isolated),not reported,not reported,unclear,not verified,not verified,not verified,yes,mean,"B (transductive-UDA, multimodal cross-cultural)",none stated; multimodal (EEG+eye),some-concerns,text: multimodal EEG+eye cross-cultural LOSO; specific accuracy not isolated in this pass,"multimodal (EEG + eye) cross-cultural -> narrative, excluded from EEG-only meta; number not isolated",no,yes,yes,"verified-from-full-text (IEEE-top, pdftotext read directly)",2026-06-26 full-text read directly (full-census batch 18)
EEG-0246,Yong Peng; Honggang Liu; Junhua Li; Jun Huang; Bao-Liang Lu; Wanzeng Kong,2023,Cross-Session Emotion Recognition by Joint Label-Common and Label-Specific EEG Features,"IEEE Trans. Neural Systems and Rehabilitation Engineering, 2023",journal,10.1109/TNSRE.2022.3233109,https://doi.org/10.1109/TNSRE.2022.3233109,none found,NA,yes,SEED-IV / SEED-V,15,unclear,62,200,not verified,discrete,varies,not reported,public,not verified,not verified,not verified,not verified,not verified,not verified,domain-aligned or transfer-learned EEG representation learned by joint label-common + label-specific feature learning (exact signal features not captured),not verified,unclear,domain-adaptation/transfer-learned features,joint label-common + label-specific feature learning,cross-session adaptation,none,yes,no,not verified,"no (cross-session, within-subject)",cross-session (within-subject),not verified,cross-session,not verified,unclear,accuracy,83.89,not reported,not reported,unclear,not verified,not verified,not verified,yes,mean,cross-session (NOT cross-subject),"cross-session within-subject, not cross-subject",some-concerns,"text: cross-session SEED-IV 80.78/78.55/83.89, SEED-V 81.90/81.65/81.33 (within-subject across sessions)","cross-SESSION within-subject, NOT cross-subject -> narrative, excluded from cross-subject meta",no,yes,yes,"verified-from-full-text (IEEE-top, pdftotext read directly)",2026-06-26 full-text read directly (full-census batch 18)
EEG-0247,Lia Farokhah; Riyanarto Sarno; Chastine Fatichah,2023,Cross-Subject Channel Selection Using Modified Relief and Simplified CNN-Based Deep Learning,"IEEE Access, 2023",journal,10.1109/ACCESS.2023.3322294,https://doi.org/10.1109/ACCESS.2023.3322294,none found,NA,yes,DEAP,32,unclear,32,128,music-video clips,dimensional (V/A),binary,not reported,public,not verified,not verified,not verified,not verified,not verified,not verified,learned EEG representation from modified Relief channel selection + simplified CNN (exact input features not captured),not verified,unclear,learned deep EEG features,modified Relief channel selection + simplified CNN,calibration,none,yes,unclear,not verified,yes,cross-subject (10-channel selection),not verified,none,not verified,unclear,accuracy improvement (delta),cross-subject DEAP +2.71% valence / +1.96% arousal (10 channels),not reported,not reported,unclear,not verified,not verified,not verified,yes,mean,"A (cross-subject, channel-selection study)",none stated,some-concerns,"abstract: cross-subject DEAP 10-channel accuracy improved by +2.71% (valence), +1.96% (arousal) vs baseline (improvement deltas, not absolute)",channel-selection study reporting improvement deltas (not absolute cross-subject accuracy) -> narrative,no,yes,yes,"verified-from-full-text (IEEE-top, pdftotext read directly)",2026-06-26 full-text read directly (full-census batch 18)
EEG-0248,Magdiel Jimenez-Guarneros; Gibran Fuentes-Pineda,2023,Cross-Subject EEG-Based Emotion Recognition via Semisupervised Multisource Joint Distribution Adaptation,"IEEE Trans. Instrumentation and Measurement, 2023",journal,10.1109/TIM.2023.3302938,https://doi.org/10.1109/tim.2023.3302938,none found,NA,yes,SEED,15,unclear,62,200,film clips,discrete-3class,pos/neu/neg,not reported,public,not verified,not verified,not verified,not verified,not verified,not verified,domain-aligned or transfer-learned EEG representation learned by semisupervised multisource joint distribution adaptation (exact signal features not captured),not verified,unclear,domain-adaptation/transfer-learned features,semisupervised multisource joint distribution adaptation,multisource joint distribution adaptation + few labeled target samples,none,yes,yes (3 or 10 labeled target samples/class),not verified,yes,cross-subject with few-shot target calibration,not verified,none,not verified,unclear,accuracy,93.55,not reported,not reported,unclear,not verified,not verified,not verified,yes,few-shot (3 labeled/class),F (few-shot target-calibration),none (declared few-shot calibration); SEED 93.55 high-end,some-concerns,"abstract: few-shot SEED 93.55 / SEED-IV 87.96 (3 labeled/class), SEED 91.79 / SEED-IV 85.45 (10 labeled/class)",few-shot target-calibration (target labels) -> protocol F; SEED 93.55 high-end with calibration; no SD surfaced -> narrative,no,yes,yes,"verified-from-full-text (IEEE-top, pdftotext read directly)",2026-06-26 full-text read directly (full-census batch 18)
EEG-0248,Magdiel Jimenez-Guarneros; Gibran Fuentes-Pineda,2023,Cross-Subject EEG-Based Emotion Recognition via Semisupervised Multisource Joint Distribution Adaptation,"IEEE Trans. Instrumentation and Measurement, 2023",journal,10.1109/TIM.2023.3302938,https://doi.org/10.1109/tim.2023.3302938,none found,NA,yes,SEED-IV,15,unclear,62,200,movie clips,discrete-4class,happy/sad/fear/neu,not reported,public,not verified,not verified,not verified,not verified,not verified,not verified,domain-aligned or transfer-learned EEG representation learned by semisupervised multisource joint distribution adaptation (exact signal features not captured),not verified,unclear,domain-adaptation/transfer-learned features,semisupervised multisource joint distribution adaptation,multisource joint distribution adaptation + few labeled target samples,none,yes,yes (3 or 10 labeled target samples/class),not verified,yes,cross-subject with few-shot target calibration,not verified,none,not verified,unclear,accuracy,87.96,not reported,not reported,unclear,not verified,not verified,not verified,yes,few-shot (3 labeled/class),F (few-shot target-calibration),none (declared few-shot calibration); SEED 93.55 high-end,some-concerns,"abstract: few-shot SEED 93.55 / SEED-IV 87.96 (3 labeled/class), SEED 91.79 / SEED-IV 85.45 (10 labeled/class)",few-shot target-calibration (target labels) -> protocol F; SEED 93.55 high-end with calibration; no SD surfaced -> narrative,no,yes,no,"verified-from-full-text (IEEE-top, pdftotext read directly)",2026-06-26 full-text read directly (full-census batch 18)
EEG-0249,Yuliang Ma; Weicheng Zhao; Ming Meng; Qizhong Zhang; Qingshan She; Jianhai Zhang,2023,Cross-Subject Emotion Recognition Based on Domain Similarity of EEG Signal Transfer Learning,"IEEE Trans. Neural Systems and Rehabilitation Engineering, 2023",journal,10.1109/TNSRE.2023.3236687,https://doi.org/10.1109/tnsre.2023.3236687,none found,NA,yes,SEED / SEED-IV,varies,unclear,varies,varies,not verified,discrete,varies,not reported,public,not verified,not verified,not verified,not verified,not verified,not verified,domain-aligned or transfer-learned EEG representation learned by domain-similarity transfer learning (exact signal features not captured),not verified,unclear,domain-adaptation/transfer-learned features,domain-similarity transfer learning,"domain adaptation (domain-similarity source selection, target data)",none,yes,no,not verified,yes,cross-subject (LOSO),not verified,none,not verified,unclear,accuracy,pending PDF-verify,not reported,not reported,unclear,not verified,not verified,not verified,yes,mean,B (transductive-UDA),none (transductive),some-concerns,text: domain-similarity source selection transductive; proposed accuracy in tables (pdftotext garbled),PARTIAL - pending visual PDF-table verify; cross-subject UDA confirmed; SEED/SEED-IV accuracy pending visual read,no,yes,yes,PARTIAL - pending visual PDF-table verify,2026-06-26 full-text read directly (full-census batch 18)
EEG-0250,Vipin Gupta; Mayur Dahyabhai Chopda; Ram Bilas Pachori,2019,Cross-Subject Emotion Recognition Using Flexible Analytic Wavelet Transform From EEG Signals,"IEEE Sensors Journal, 2019",journal,10.1109/JSEN.2018.2883497,https://doi.org/10.1109/jsen.2018.2883497,none found,NA,yes,SEED,15,unclear,62,200,film clips,discrete-3class,pos/neu/neg,not reported,public,not verified,not verified,not verified,not verified,not verified,not verified,time-frequency / wavelet EEG representation (parameters not captured),not verified,unclear,time-frequency/wavelet features,flexible analytic wavelet transform features + classifier,none,none,no,no,not verified,yes,cross-subject (ten-fold),10,none,not verified,unclear,accuracy,83.33,not reported,not reported,unclear,not verified,not verified,not verified,yes,mean,"A (inductive, cross-subject)",none (inductive),some-concerns,"abstract: cross-subject SEED 83.33, DEAP 59.06 (DEAP honest cross-subject level)",SEED 83.33 / DEAP 59.06 plausible honest cross-subject; no SD surfaced -> narrative,no,yes,yes,"verified-from-full-text (IEEE-top, pdftotext read directly)",2026-06-26 full-text read directly (full-census batch 18)
EEG-0250,Vipin Gupta; Mayur Dahyabhai Chopda; Ram Bilas Pachori,2019,Cross-Subject Emotion Recognition Using Flexible Analytic Wavelet Transform From EEG Signals,"IEEE Sensors Journal, 2019",journal,10.1109/JSEN.2018.2883497,https://doi.org/10.1109/jsen.2018.2883497,none found,NA,yes,DEAP,32,unclear,32,128,music-video clips,dimensional (V/A),binary,not reported,public,not verified,not verified,not verified,not verified,not verified,not verified,time-frequency / wavelet EEG representation (parameters not captured),not verified,unclear,time-frequency/wavelet features,flexible analytic wavelet transform features + classifier,none,none,no,no,not verified,yes,cross-subject (ten-fold),10,none,not verified,unclear,accuracy,59.06,not reported,not reported,unclear,not verified,not verified,not verified,yes,mean,"A (inductive, cross-subject)",none (inductive),some-concerns,"abstract: cross-subject SEED 83.33, DEAP 59.06 (DEAP honest cross-subject level)",SEED 83.33 / DEAP 59.06 plausible honest cross-subject; no SD surfaced -> narrative,no,yes,no,"verified-from-full-text (IEEE-top, pdftotext read directly)",2026-06-26 full-text read directly (full-census batch 18)
EEG-0251,Yucel Cimtay; Erhan Ekmekcioglu; Seyma Caglar-Ozhan,2020,Cross-Subject Multimodal Emotion Recognition Based on Hybrid Fusion,"IEEE Access, 2020",journal,10.1109/ACCESS.2020.3023871,https://doi.org/10.1109/access.2020.3023871,none found,NA,yes,DEAP (multimodal),32,unclear,32,128,not verified,dimensional (V/A),binary,not reported,public,not verified,not verified,not verified,not verified,not verified,not verified,multimodal EEG plus non-EEG representation/features (exact extraction not captured),not verified,unclear,multimodal features,hybrid multimodal fusion (EEG + peripheral),domain adaptation (unsupervised),none,yes,no,not verified,yes,leave-one-subject-out (cross-subject),not verified,none,not verified,unclear,accuracy,72.18,not reported,not reported,unclear,not verified,not verified,not verified,yes,mean,"B (transductive-UDA, multimodal)",none stated; multimodal (EEG + peripheral),some-concerns,text: LOSO DEAP multimodal mean 53.8% (one config) / 72.18% (other),"multimodal hybrid fusion -> narrative, excluded from EEG-only meta; DEAP LOSO 53.8-72.18",no,yes,yes,"verified-from-full-text (IEEE-top, pdftotext read directly)",2026-06-26 full-text read directly (full-census batch 18)
EEG-0252,Hao Jin; Ying Gao; Tingting Wang; Ping Gao,2024,DAST: A Domain-Adaptive Learning Combining Spatio-Temporal Dynamic Attention for EEG Emotion Recognition,"IEEE J. Biomedical and Health Informatics, 2024",journal,10.1109/JBHI.2023.3307606,https://doi.org/10.1109/JBHI.2023.3307606,none found,NA,yes,SEED / SEED-IV,varies,unclear,varies,varies,not verified,discrete,varies,not reported,public,not verified,not verified,not verified,not verified,not verified,not verified,attention/transformer EEG representation learned by domain-adaptive spatio-temporal dynamic attention (DAST) (input feature details not captured),not verified,unclear,learned attention/transformer features,domain-adaptive spatio-temporal dynamic attention (DAST),transductive domain adaptation (unsupervised),none,yes,no,not verified,yes,cross-subject (transductive),not verified,none,not verified,unclear,accuracy/mAP,retrieval mAP 66.40 (classification acc pending PDF-verify),not reported,not reported,unclear,not verified,not verified,not verified,yes,mean,B (transductive-UDA),none (transductive),some-concerns,"text: surfaced metric is retrieval (mAP 66.40%, P@10 66.13%); classification accuracy not cleanly isolated",PARTIAL - pending visual PDF-table verify; DAST surfaced retrieval mAP not classification accuracy; verify whether emotion-classification accuracy reported,no,yes,yes,PARTIAL - pending visual PDF-table verify,2026-06-26 full-text read directly (full-census batch 18)
EEG-0253,Cheng Cheng; Wenzhe Liu; Xinying Wang; Lin Feng; Ziyu Jia,2025,DISD-Net: A Dynamic Interactive Network With Self-Distillation for Cross-Subject Multi-Modal Emotion Recognition,"IEEE Trans. Multimedia, 2025",journal,10.1109/TMM.2025.3535344,https://doi.org/10.1109/tmm.2025.3535344,none found,NA,yes,DEAP (multimodal EEG+face),32,unclear,32,128,not verified,dimensional (V/A),binary,not reported,public,not verified,not verified,not verified,not verified,not verified,not verified,multimodal EEG plus non-EEG representation/features (exact extraction not captured),not verified,unclear,multimodal features,dynamic interactive network + self-distillation (multimodal EEG+face),domain adaptation (multimodal),none,yes,no,not verified,yes,leave-one-subject-out (cross-subject),not verified,none,not verified,unclear,accuracy,75,7.68,not reported,unclear,mean+-SD,not verified,not verified,yes,mean,"B (transductive-UDA, multimodal)",none stated; multimodal (EEG + face),some-concerns,"text: cross-subject multimodal DEAP 75.00/7.68, 73.07/4.56, 71.95/4.75 (EEG+face; EEG-only 63.01)","multimodal (EEG + face) -> narrative, excluded from EEG-only meta; DEAP multimodal 75.00/7.68",no,yes,yes,"verified-from-full-text (IEEE-top, pdftotext read directly)",2026-06-26 full-text read directly (full-census batch 18)
EEG-0254,Boxi Chen; Chunmei Qing; Jianxiu Jin; Xiangmin Xu,2026,DTHFormer: Dual Token Hierarchical Transformer Network for Fine-Grained Emotion Recognition,"IEEE Trans. Affective Computing, 2026",journal,10.1109/TAFFC.2026.3691981,https://doi.org/10.1109/taffc.2026.3691981,none found,NA,yes,"CEAP (continuous emotion annotation, custom)",not verified,unclear,not verified,not verified,not verified,fine-grained (continuous V/A),fine-grained,not reported,public,not verified,not verified,not verified,not verified,not verified,not verified,attention/transformer EEG representation learned by dual-token hierarchical transformer (DTHFormer) (input feature details not captured),not verified,unclear,learned attention/transformer features,dual-token hierarchical transformer (DTHFormer),few-shot fine-tune,none,yes,yes (few-shot),not verified,yes,leave-one-subject-out (LOSOCV),not verified,none,not verified,unclear,accuracy,CEAP LOSOCV (not isolated),not reported,not reported,unclear,not verified,not verified,not verified,yes,mean,"F (few-shot, fine-grained, custom dataset)",none stated,some-concerns,text: LOSOCV on CEAP (fine-grained continuous emotion); specific accuracy not isolated in this pass,"custom CEAP continuous/fine-grained dataset, LOSOCV -> narrative, not poolable with SEED/DEAP categorical meta; number not isolated",no,yes,yes,"verified-from-full-text (IEEE-top, pdftotext read directly)",2026-06-26 full-text read directly (full-census batch 18)
EEG-0255,Tiehang Duan; Zhenyi Wang; Li Shen; Shuteng Niu; Gianfranco Doretto; Donald A. Adjeroh; Cui Tao,2026,Data Distribution Evolution for Robust EEG Emotion Recognition with Limited Data Resources,"IEEE Trans. Affective Computing, 2026",journal,10.1109/TAFFC.2026.3684827,https://doi.org/10.1109/taffc.2026.3684827,none found,NA,yes,SEED / SEED-IV,varies,unclear,varies,varies,not verified,discrete,varies,not reported,public,not verified,not verified,not verified,not verified,not verified,not verified,domain-aligned or transfer-learned EEG representation learned by data-distribution evolution (limited-data robustness) (exact signal features not captured),not verified,unclear,domain-adaptation/transfer-learned features,data-distribution evolution (limited-data robustness),domain adaptation / augmentation,none,yes,unclear,not verified,yes,cross-subject (limited data),not verified,none,not verified,unclear,accuracy,pending PDF-verify,not reported,not reported,unclear,not verified,not verified,not verified,yes,mean,B (transductive / limited-data),none stated,some-concerns,text: data-distribution evolution for limited-data cross-subject; proposed accuracy not cleanly isolated,PARTIAL - pending visual PDF-table verify; cross-subject limited-data; SEED/SEED-IV accuracy pending visual read,no,yes,yes,PARTIAL - pending visual PDF-table verify,2026-06-26 full-text read directly (full-census batch 18)
EEG-0256,Hengyao Tang; Guosong Jiang; Qingdong Wang,2022,Deep Neural Network for Emotion Recognition Based on Meta-Transfer Learning,"IEEE Access, 2022",journal,10.1109/ACCESS.2022.3193768,https://doi.org/10.1109/access.2022.3193768,none found,NA,yes,SEED-IV,15,unclear,62,200,movie clips,discrete-4class,happy/sad/fear/neu,not reported,public,not verified,not verified,not verified,not verified,not verified,not verified,learned EEG representation from meta-transfer learning DNN (exact input features not captured),not verified,unclear,learned deep EEG features,meta-transfer learning DNN,few-shot meta-learning (5% target data adjustment),none,yes,"yes (few-shot, 5% target)",not verified,yes,cross-subject with few-shot calibration,not verified,none,not verified,unclear,accuracy,61.2,8.3,not reported,unclear,mean+-SD,not verified,not verified,yes,mean,F (few-shot meta-transfer),none (declared few-shot calibration),some-concerns,text: few-shot meta-learning SEED-IV 61.2/8.3 (direct transfer 53.6); SEED SD 8.8; 5% target data used,few-shot meta-transfer (target labels) -> protocol F; SEED-IV 61.2/8.3 honest-low with SD -> meta,yes,yes,yes,"verified-from-full-text (IEEE-top, pdftotext read directly)",2026-06-26 full-text read directly (full-census batch 19)
EEG-0257,Muhammad Zubair; Sungpil Woo; Sunhwan Lim; Daeyoung Kim,2026,Deep Representation Learning With Assisted Domain Adaptation for EEG-Based Cross-Subject Emotion Recognition,"IEEE Trans. Computational Social Systems, 2026",journal,10.1109/TCSS.2025.3622319,https://doi.org/10.1109/tcss.2025.3622319,none found,NA,yes,SEED,15,unclear,62,200,film clips,discrete-3class,pos/neu/neg,not reported,public,not verified,not verified,not verified,not verified,not verified,not verified,learned EEG representation from deep representation learning + assisted domain adaptation (domain discriminator) (exact input features not captured),not verified,unclear,learned deep EEG features,deep representation learning + assisted domain adaptation (domain discriminator),"domain-adversarial adaptation (assisted, target data)",none,yes,no (domain discriminator UDA),not verified,yes,inter-subject (LOSO),not verified,none,not verified,unclear,accuracy,93.05,4.36,not reported,unclear,mean+-SD (Table I),not verified,not verified,yes,mean,B (transductive-UDA),none (transductive); SEED 93.05 high-end,some-concerns,"Table I inter-subject: SEED 93.05/4.36, SEED-IV 85.62/4.22, SEED-V 70.22/5.34",inter-subject (cross-subject) transductive with mean+-SD -> meta; SEED 93.05 / SEED-IV 85.62 high-end but with SD,yes,yes,yes,"verified-from-full-text (IEEE-top, pdftotext read directly)",2026-06-26 full-text read directly (full-census batch 19)
EEG-0257,Muhammad Zubair; Sungpil Woo; Sunhwan Lim; Daeyoung Kim,2026,Deep Representation Learning With Assisted Domain Adaptation for EEG-Based Cross-Subject Emotion Recognition,"IEEE Trans. Computational Social Systems, 2026",journal,10.1109/TCSS.2025.3622319,https://doi.org/10.1109/tcss.2025.3622319,none found,NA,yes,SEED-IV,15,unclear,62,200,movie clips,discrete-4class,happy/sad/fear/neu,not reported,public,not verified,not verified,not verified,not verified,not verified,not verified,learned EEG representation from deep representation learning + assisted domain adaptation (domain discriminator) (exact input features not captured),not verified,unclear,learned deep EEG features,deep representation learning + assisted domain adaptation (domain discriminator),"domain-adversarial adaptation (assisted, target data)",none,yes,no (domain discriminator UDA),not verified,yes,inter-subject (LOSO),not verified,none,not verified,unclear,accuracy,85.62,4.22,not reported,unclear,mean+-SD (Table I),not verified,not verified,yes,mean,B (transductive-UDA),none (transductive); SEED 93.05 high-end,some-concerns,"Table I inter-subject: SEED 93.05/4.36, SEED-IV 85.62/4.22, SEED-V 70.22/5.34",inter-subject (cross-subject) transductive with mean+-SD -> meta; SEED 93.05 / SEED-IV 85.62 high-end but with SD,yes,yes,no,"verified-from-full-text (IEEE-top, pdftotext read directly)",2026-06-26 full-text read directly (full-census batch 19)
EEG-0258,Cheng Cheng; Wenzhe Liu; Lin Feng; Ziyu Jia,2024,Dense Graph Convolutional With Joint Cross-Attention Network for Multimodal Emotion Recognition,"IEEE Trans. Computational Social Systems, 2024",journal,10.1109/TCSS.2024.3412074,https://doi.org/10.1109/tcss.2024.3412074,none found,NA,yes,SEED-IV (multimodal),15,unclear,62,200,not verified,discrete-4class,happy/sad/fear/neu,not reported,public,not verified,not verified,not verified,not verified,not verified,not verified,multimodal EEG plus non-EEG representation/features (exact extraction not captured),not verified,unclear,multimodal features,dense graph conv + joint cross-attention (multimodal),none,none,no,no,not verified,no (subject-dependent),subject-dependent,not verified,none,not verified,unclear,accuracy,88.24,2.31,not reported,unclear,mean+-SD,not verified,not verified,yes,mean,subject-dependent (multimodal),subject-dependent multimodal -> not cross-subject,high,text: subject-dependent multimodal SEED-IV 88.24/2.31 (EEG-only 62.73),"multimodal + subject-dependent -> narrative, excluded from cross-subject EEG-only meta",no,yes,yes,"verified-from-full-text (IEEE-top, pdftotext read directly)",2026-06-26 full-text read directly (full-census batch 19)
EEG-0259,Sara Bagherzadeh; Ahmad Shalbaf; Afshin Shoeibi; Mahboobeh Jafari; Ru-San Tan; U. Rajendra Acharya,2024,Developing an EEG-Based Emotion Recognition Using Ensemble Deep Learning Methods and Fusion,"IEEE Access, 2024",journal,10.1109/ACCESS.2024.3384303,https://doi.org/10.1109/ACCESS.2024.3384303,none found,NA,yes,DEAP,32,unclear,32,128,music-video clips,dimensional (V/A),binary,not reported,public,not verified,not verified,not verified,not verified,not verified,not verified,learned EEG representation from ensemble deep learning + fusion (exact input features not captured),not verified,unclear,learned deep EEG features,ensemble deep learning + fusion,fine-tune,none,yes,yes,not verified,claimed LOSO (near-ceiling),claimed LOSO (98%+ -> suspect),not verified,none,not verified,unclear,accuracy/F-score,98.76,not reported,not reported,unclear,not verified,not verified,not verified,yes,best,ambiguous (DEAP/MAHNOB 98%+ near-ceiling),LEAKAGE EXHIBIT: DEAP 98.76 / MAHNOB 98.86 implausible for cross-subject,high,"text: DEAP 98.76, MAHNOB-HCI 98.86 F-score (claimed LOSO); far exceeds field cross-subject (~65-72%)","DEAP 98.76 / MAHNOB 98.86 near-ceiling 'cross-subject' -> strong leakage suspect, narrative exhibit, excluded from meta",no,yes,yes,"verified-from-full-text (IEEE-top, pdftotext read directly)",2026-06-26 full-text read directly (full-census batch 19)
EEG-0260,Xiaowei Zhang; Zhongyi Zhou; Qiqi Zhao; Kechen Hou; Xiangyu Wei; Sipo Zhang; Yikun Yang; Yanmeng Cui,2024,Discriminative Joint Knowledge Transfer With Online Updating Mechanism for EEG-Based Emotion Recognition,"IEEE Trans. Computational Social Systems, 2024",journal,10.1109/TCSS.2023.3314508,https://doi.org/10.1109/tcss.2023.3314508,none found,NA,yes,SEED / SEED-IV,varies,unclear,varies,varies,not verified,discrete,varies,not reported,public,not verified,not verified,not verified,not verified,not verified,not verified,domain-aligned or transfer-learned EEG representation learned by discriminative joint knowledge transfer + online updating (exact signal features not captured),not verified,unclear,domain-adaptation/transfer-learned features,discriminative joint knowledge transfer + online updating,transductive domain adaptation (online),none,yes,no,not verified,yes,leave-one-subject-out (cross-subject),not verified,none,not verified,unclear,accuracy,pending PDF-verify,not reported,not reported,unclear,not verified,not verified,not verified,yes,mean,B (transductive-UDA),none (transductive),some-concerns,text: LOSO transductive joint knowledge transfer; proposed accuracy in tables (pdftotext garbled),PARTIAL - pending visual PDF-table verify; cross-subject UDA confirmed; SEED/SEED-IV accuracy pending visual read,no,yes,yes,PARTIAL - pending visual PDF-table verify,2026-06-26 full-text read directly (full-census batch 19)
EEG-0261,Gang Luo; Na Chu; Lixian Zhu; Chengcheng Zheng; Dixin Wang; Kun Qian; Xiaowei Li; Jingxin Liu; Shuting Sun; Bin Hu,2026,Discriminative Knowledge Fuzzy Transfer Learning Guided by Resting-state EEG for Cross-subject Emotion Recognition,"IEEE Trans. Fuzzy Systems, 2026",journal,10.1109/TFUZZ.2026.3696832,https://doi.org/10.1109/tfuzz.2026.3696832,none found,NA,yes,BHE-EMO (self-built) / DENS (custom),not verified,unclear,not verified,not verified,not verified,discrete/dimensional,2-class/3-class,not reported,public,not verified,not verified,not verified,not verified,not verified,not verified,differential entropy (DE) or entropy EEG features (band/window details not captured),not verified,unclear,handcrafted-DE/entropy,discriminative fuzzy transfer learning (resting-state guided),"fuzzy transfer (calibration, target labels)",none,yes,yes,not verified,yes,leave-one-subject-out (cross-subject),not verified,none,not verified,unclear,accuracy,67,not reported,not reported,unclear,not verified,not verified,not verified,yes,mean,"B/F (transfer learning, custom)",none stated,some-concerns,text: self-built BHE-EMO 67.00% (2-class)/44.92% (3-class); DENS arousal 62.91/valence 60.42 (DE features),"custom datasets (BHE-EMO, DENS) -> narrative, not poolable with SEED/DEAP meta",no,yes,yes,"verified-from-full-text (IEEE-top, pdftotext read directly)",2026-06-26 full-text read directly (full-census batch 19)
EEG-0262,Wei Li; Siyi Wang; Shitong Shao; Kaizhu Huang,2025,Distillation-Based Domain Generalization for Cross-Dataset EEG-Based Emotion Recognition,"IEEE Trans. Emerging Topics in Computational Intelligence, 2025",journal,10.1109/TETCI.2024.3449926,https://doi.org/10.1109/tetci.2024.3449926,none found,NA,yes,SEED / DEAP (cross-dataset DG),varies,unclear,varies,varies,not verified,discrete/dimensional,varies,not reported,public,not verified,not verified,not verified,not verified,not verified,not verified,distilled domain-generalized EEG representation (exact input features not captured),not verified,unclear,distilled/domain-generalized learned features,distillation-based domain generalization,domain generalization (no target) + distillation,none,no,no,not verified,yes,cross-dataset domain generalization,not verified,cross-dataset,not verified,unclear,accuracy,pending PDF-verify,not reported,not reported,unclear,not verified,not verified,not verified,yes,mean,"K/E (domain generalization, cross-dataset)",none (DG),some-concerns,text: distillation-based DG cross-dataset; proposed accuracy in tables (pdftotext garbled),PARTIAL - pending visual PDF-table verify; cross-dataset DG confirmed; accuracy pending visual read,no,yes,yes,PARTIAL - pending visual PDF-table verify,2026-06-26 full-text read directly (full-census batch 19)
EEG-0263,Jinpeng Li; Shuang Qiu; Changde Du; Yixin Wang; Huiguang He,2020,Domain Adaptation for EEG Emotion Recognition Based on Latent Representation Similarity,"IEEE Trans. Cognitive and Developmental Systems, 2020",journal,10.1109/TCDS.2019.2949306,https://doi.org/10.1109/tcds.2019.2949306,none found,NA,yes,SEED,15,unclear,62,200,film clips,discrete-3class,pos/neu/neg,not reported,public,not verified,not verified,not verified,not verified,not verified,not verified,domain-aligned or transfer-learned EEG representation learned by latent-representation-similarity domain adaptation (exact signal features not captured),not verified,unclear,domain-adaptation/transfer-learned features,latent-representation-similarity domain adaptation,"domain adaptation (source labels deduce target, target data)",none,yes,no,not verified,yes,cross-subject (LOSO),not verified,none,not verified,unclear,accuracy,84.47,not reported,not reported,unclear,not verified,not verified,not verified,yes,mean,B (transductive-UDA),none (transductive),some-concerns,"text: SEED 84.47, DEAP 60.38 (5000 source samples); beats ADA ~2% on SEED",SEED 84.47 / DEAP 60.38 plausible transductive; DEAP honest; no SD surfaced -> narrative,no,yes,yes,"verified-from-full-text (IEEE-top, pdftotext read directly)",2026-06-26 full-text read directly (full-census batch 19)
EEG-0263,Jinpeng Li; Shuang Qiu; Changde Du; Yixin Wang; Huiguang He,2020,Domain Adaptation for EEG Emotion Recognition Based on Latent Representation Similarity,"IEEE Trans. Cognitive and Developmental Systems, 2020",journal,10.1109/TCDS.2019.2949306,https://doi.org/10.1109/tcds.2019.2949306,none found,NA,yes,DEAP,32,unclear,32,128,music-video clips,dimensional (V/A),binary,not reported,public,not verified,not verified,not verified,not verified,not verified,not verified,domain-aligned or transfer-learned EEG representation learned by latent-representation-similarity domain adaptation (exact signal features not captured),not verified,unclear,domain-adaptation/transfer-learned features,latent-representation-similarity domain adaptation,"domain adaptation (source labels deduce target, target data)",none,yes,no,not verified,yes,cross-subject (LOSO),not verified,none,not verified,unclear,accuracy,60.38,not reported,not reported,unclear,not verified,not verified,not verified,yes,mean,B (transductive-UDA),none (transductive),some-concerns,"text: SEED 84.47, DEAP 60.38 (5000 source samples); beats ADA ~2% on SEED",SEED 84.47 / DEAP 60.38 plausible transductive; DEAP honest; no SD surfaced -> narrative,no,yes,no,"verified-from-full-text (IEEE-top, pdftotext read directly)",2026-06-26 full-text read directly (full-census batch 19)
EEG-0264,Jianwen Tao; Liangda Yan; Tao He,2024,Domain-Invariant Adaptive Graph Regularized Label Propagation for EEG-Based Emotion Recognition,"IEEE Access, 2024",journal,10.1109/ACCESS.2024.3454082,https://doi.org/10.1109/access.2024.3454082,none found,NA,yes,SEED,15,unclear,62,200,film clips,discrete-3class,pos/neu/neg,not reported,public,not verified,not verified,not verified,not verified,not verified,not verified,graph/spatial EEG representation learned by domain-invariant adaptive graph regularized label propagation (input feature details not captured),not verified,unclear,graph/deep spatial features,domain-invariant adaptive graph regularized label propagation,transductive label propagation (target data),none,yes,no,not verified,yes,leave-one-subject-out (cross-subject),not verified,none,not verified,unclear,accuracy,77.23,6.12,not reported,unclear,mean+-SD,not verified,not verified,yes,mean,B (transductive-UDA),none (transductive),some-concerns,"text: proposed SEED 77.23/6.12 (3-class), SEED-IV 65.30/4.21 (4-class); EEGMatch baseline 86.30/5.04","proposed transductive SEED 77.23/6.12, SEED-IV 65.30/4.21 with SD -> meta; honest mid-range",yes,yes,yes,"verified-from-full-text (IEEE-top, pdftotext read directly)",2026-06-26 full-text read directly (full-census batch 19)
EEG-0264,Jianwen Tao; Liangda Yan; Tao He,2024,Domain-Invariant Adaptive Graph Regularized Label Propagation for EEG-Based Emotion Recognition,"IEEE Access, 2024",journal,10.1109/ACCESS.2024.3454082,https://doi.org/10.1109/access.2024.3454082,none found,NA,yes,SEED-IV,15,unclear,62,200,movie clips,discrete-4class,happy/sad/fear/neu,not reported,public,not verified,not verified,not verified,not verified,not verified,not verified,graph/spatial EEG representation learned by domain-invariant adaptive graph regularized label propagation (input feature details not captured),not verified,unclear,graph/deep spatial features,domain-invariant adaptive graph regularized label propagation,transductive label propagation (target data),none,yes,no,not verified,yes,leave-one-subject-out (cross-subject),not verified,none,not verified,unclear,accuracy,65.3,4.21,not reported,unclear,mean+-SD,not verified,not verified,yes,mean,B (transductive-UDA),none (transductive),some-concerns,"text: proposed SEED 77.23/6.12 (3-class), SEED-IV 65.30/4.21 (4-class); EEGMatch baseline 86.30/5.04","proposed transductive SEED 77.23/6.12, SEED-IV 65.30/4.21 with SD -> meta; honest mid-range",yes,yes,no,"verified-from-full-text (IEEE-top, pdftotext read directly)",2026-06-26 full-text read directly (full-census batch 19)
EEG-0265,Zirui Lan; Olga Sourina; Lipo Wang; Reinhold Scherer; Gernot R. Muller-Putz,2019,Domain Adaptation Techniques for EEG-Based Emotion Recognition: A Comparative Study on Two Datasets,"IEEE Trans. Cognitive and Developmental Systems, 2019",journal,10.1109/TCDS.2018.2826840,https://doi.org/10.1109/tcds.2018.2826840,none found,NA,yes,SEED,15,unclear,62,200,film clips,discrete-3class,pos/neu/neg,not reported,public,not verified,not verified,not verified,not verified,not verified,not verified,multiple feature pipelines benchmarked (single feature extractor not applicable),not verified,unclear,multiple feature types,comparative study of DA techniques (methodological),multiple DA methods compared,none,yes,no,not verified,yes,leave-one-subject-out (cross-subject),not verified,none,not verified,unclear,accuracy,54.73,12.8,not reported,unclear,mean+-SD,not verified,not verified,yes,mean,"B (transductive-UDA, comparative)",none; methodological benchmark (DA underperforms = supports honest-ceiling thesis),low,text: SEED average over 3 sessions 54.73/12.80 (one DA config); DEAP +20.66 over baseline; rigorous comparison shows modest DA gains,KEY methodological reference: rigorous DA benchmark; SEED cross-subject DA ~54.73 (low) supports honest-ceiling/leakage thesis -> narrative (like Sneaky-emotions),no,yes,yes,"verified-from-full-text (IEEE-top, pdftotext read directly)",2026-06-26 full-text read directly (full-census batch 19)
EEG-0266,Qile Liu; Yue Pan; Qing Liu; Li Zhang; Gan Huang; Xin Chen; Yan Liu; Fali Li; Peng Xu; Zhen Liang,2026,DuA: Dual Attentive Transformer in Long-Term Continuous EEG Emotion Analysis,"IEEE J. Biomedical and Health Informatics, 2026",journal,10.1109/JBHI.2026.3705860,https://doi.org/10.1109/jbhi.2026.3705860,none found,NA,yes,custom (50-subject long-term continuous video EEG),50,unclear,not verified,not verified,long-term videos (6 pos / 6 neg),dimensional (continuous V/A),pos/neg,not reported,public,not verified,not verified,not verified,not verified,not verified,not verified,attention/transformer EEG representation learned by dual attentive transformer (DuA) (input feature details not captured),not verified,unclear,learned attention/transformer features,dual attentive transformer (DuA),transductive domain adaptation (unsupervised),none,yes,no,not verified,yes,leave-one-subject-out (cross-subject),not verified,none,not verified,unclear,accuracy,custom long-term LOSO (not isolated),not reported,not reported,unclear,not verified,not verified,not verified,yes,mean,"B (transductive-UDA, custom)",none stated,some-concerns,text: custom 50-subject long-term continuous EEG; LOSO transductive; specific accuracy not isolated,"custom long-term continuous dataset (50 subjects) -> narrative, not poolable with SEED/DEAP; number not isolated",no,yes,yes,"verified-from-full-text (IEEE-top, pdftotext read directly)",2026-06-26 full-text read directly (full-census batch 19)
EEG-0267,Wei Li; Jianzhang Dong; Shuxia Liu; Lingmin Fan; Siyi Wang,2024,Dynamic Stream Selection Network for Subject-Independent EEG-Based Emotion Recognition,"IEEE Sensors Journal, 2024",journal,10.1109/JSEN.2024.3390799,https://doi.org/10.1109/jsen.2024.3390799,none found,NA,yes,SEED / SEED-IV,varies,unclear,varies,varies,not verified,discrete,varies,not reported,public,not verified,not verified,not verified,not verified,not verified,not verified,domain-aligned or transfer-learned EEG representation learned by dynamic stream selection network (exact signal features not captured),not verified,unclear,domain-adaptation/transfer-learned features,dynamic stream selection network,"domain adaptation (unsupervised, target data)",none,yes,no,not verified,yes,leave-one-subject-out (subject-independent),not verified,none,not verified,unclear,accuracy,pending PDF-verify,not reported,not reported,unclear,not verified,not verified,not verified,yes,mean,B (transductive-UDA),none (transductive),some-concerns,text: subject-independent LOSO dynamic stream selection; proposed accuracy in tables (pdftotext garbled),PARTIAL - pending visual PDF-table verify; subject-independent LOSO confirmed; SEED/SEED-IV accuracy pending visual read,no,yes,yes,PARTIAL - pending visual PDF-table verify,2026-06-26 full-text read directly (full-census batch 19)
EEG-0268,Xinke Shen; Runmin Gan; Kaixuan Wang; Shuyi Yang; Qingzhu Zhang; Quanying Liu; Dan Zhang; Sen Song,2025,Dynamic-Attention-Based EEG State Transition Modeling for Emotion Recognition,"IEEE Trans. Affective Computing, 2025",journal,10.1109/TAFFC.2025.3593630,https://doi.org/10.1109/taffc.2025.3593630,none found,NA,yes,SEED,15,unclear,62,200,film clips,discrete-3class,pos/neu/neg,not reported,public,not verified,not verified,not verified,not verified,not verified,not verified,attention/transformer EEG representation learned by dynamic-attention EEG state-transition model (input feature details not captured),not verified,unclear,learned attention/transformer features,dynamic-attention EEG state-transition model,domain adaptation (transductive),none,yes,no,not verified,yes,leave-one-subject-out (cross-subject),not verified,none,not verified,unclear,accuracy,88.1,3.6,not reported,unclear,mean+-SD,not verified,not verified,yes,mean,B (transductive-UDA),none (transductive),some-concerns,"abstract: cross-subject SEED 3-class 88.1/3.6, SEED-V 5-class 73.6/12.7, FACED 9-class 67.9/7.3 (FACED-2 binary 81.7/4.3)",cross-subject LOSO with mean+-SD across SEED/SEED-V/FACED -> meta; SEED 88.1 high-end transductive,yes,yes,yes,"verified-from-full-text (IEEE-top, pdftotext read directly)",2026-06-26 full-text read directly (full-census batch 20)
EEG-0268,Xinke Shen; Runmin Gan; Kaixuan Wang; Shuyi Yang; Qingzhu Zhang; Quanying Liu; Dan Zhang; Sen Song,2025,Dynamic-Attention-Based EEG State Transition Modeling for Emotion Recognition,"IEEE Trans. Affective Computing, 2025",journal,10.1109/TAFFC.2025.3593630,https://doi.org/10.1109/taffc.2025.3593630,none found,NA,yes,SEED-V,16,unclear,62,200,not verified,discrete-5class,5 emotions,not reported,public,not verified,not verified,not verified,not verified,not verified,not verified,attention/transformer EEG representation learned by dynamic-attention EEG state-transition model (input feature details not captured),not verified,unclear,learned attention/transformer features,dynamic-attention EEG state-transition model,domain adaptation (transductive),none,yes,no,not verified,yes,leave-one-subject-out (cross-subject),not verified,none,not verified,unclear,accuracy,73.6,12.7,not reported,unclear,mean+-SD,not verified,not verified,yes,mean,B (transductive-UDA),none (transductive),some-concerns,"abstract: cross-subject SEED 3-class 88.1/3.6, SEED-V 5-class 73.6/12.7, FACED 9-class 67.9/7.3 (FACED-2 binary 81.7/4.3)",cross-subject LOSO with mean+-SD across SEED/SEED-V/FACED -> meta; SEED 88.1 high-end transductive,yes,yes,no,"verified-from-full-text (IEEE-top, pdftotext read directly)",2026-06-26 full-text read directly (full-census batch 20)
EEG-0268,Xinke Shen; Runmin Gan; Kaixuan Wang; Shuyi Yang; Qingzhu Zhang; Quanying Liu; Dan Zhang; Sen Song,2025,Dynamic-Attention-Based EEG State Transition Modeling for Emotion Recognition,"IEEE Trans. Affective Computing, 2025",journal,10.1109/TAFFC.2025.3593630,https://doi.org/10.1109/taffc.2025.3593630,none found,NA,yes,FACED,123,unclear,32,250,not verified,discrete-9class,9 emotions,not reported,public,not verified,not verified,not verified,not verified,not verified,not verified,attention/transformer EEG representation learned by dynamic-attention EEG state-transition model (input feature details not captured),not verified,unclear,learned attention/transformer features,dynamic-attention EEG state-transition model,domain adaptation (transductive),none,yes,no,not verified,yes,leave-one-subject-out (cross-subject),not verified,none,not verified,unclear,accuracy,67.9,7.3,not reported,unclear,mean+-SD,not verified,not verified,yes,mean,B (transductive-UDA),none (transductive),some-concerns,"abstract: cross-subject SEED 3-class 88.1/3.6, SEED-V 5-class 73.6/12.7, FACED 9-class 67.9/7.3 (FACED-2 binary 81.7/4.3)",cross-subject LOSO with mean+-SD across SEED/SEED-V/FACED -> meta; SEED 88.1 high-end transductive,yes,yes,no,"verified-from-full-text (IEEE-top, pdftotext read directly)",2026-06-26 full-text read directly (full-census batch 20)
EEG-0269,Yushun Xiao; Wenming Zheng; Guoying Zhao,2025,Dynamical Causal Graph Neural Network for EEG Emotion Recognition,"IEEE Trans. Affective Computing, 2025",journal,10.1109/TAFFC.2025.3582740,https://doi.org/10.1109/taffc.2025.3582740,none found,NA,yes,SEED / SEED-IV,varies,unclear,varies,varies,not verified,discrete,varies,not reported,public,not verified,not verified,not verified,not verified,not verified,not verified,graph/spatial EEG representation learned by dynamical causal graph neural network (DCGNN) (input feature details not captured),not verified,unclear,graph/deep spatial features,dynamical causal graph neural network (DCGNN),domain adaptation / mixed,none,yes,unclear,not verified,mixed (subject-dependent 10-fold + LOSO),10-fold + LOSO (both),not verified,none,not verified,unclear,accuracy,pending PDF-verify (LOSO row),not reported,not reported,unclear,not verified,not verified,not verified,yes,mean,ambiguous (subject-dependent + cross-subject reported),none stated,some-concerns,text: DCGNN with 10-fold (subject-dependent) and LOSO (cross-subject); proposed cross-subject accuracy not cleanly isolated,PARTIAL - pending visual PDF-table verify; cross-subject (LOSO) accuracy attribution pending visual read,no,yes,yes,PARTIAL - pending visual PDF-table verify,2026-06-26 full-text read directly (full-census batch 20)
EEG-0270,Mahnoosh Tajmirriahi; Hossein Rabbani,2025,EEG Coupled Scale-Invariant Dynamics for Emotion Recognition: A Domain Adaptation Approach,"IEEE Trans. Affective Computing, 2025",journal,10.1109/TAFFC.2025.3601809,https://doi.org/10.1109/taffc.2025.3601809,none found,NA,yes,DEAP / DREAMER (cross-dataset),32,unclear,32,128,not verified,dimensional (V/A/D),binary,not reported,public,not verified,not verified,not verified,not verified,not verified,not verified,scale-invariant dynamical EEG features (parameters not captured),not verified,unclear,dynamical-system features,coupled scale-invariant dynamics + domain adaptation,"domain adaptation (cross-dataset, unsupervised)",none,yes,no,not verified,claimed (cross-dataset),10-fold + cross-dataset (subject-dependent base),not verified,cross-dataset,not verified,unclear,accuracy,98.41,not reported,not reported,unclear,not verified,not verified,not verified,yes,best (max),ambiguous (DREAMER/DEAP 98% near-ceiling),LEAKAGE EXHIBIT: DREAMER 98.00 (dominance) / DEAP 98.41 (arousal) implausible for cross-dataset,high,"abstract: max accuracy 98.00% dominance (DREAMER), 98.41% arousal (DEAP) cross-dataset; 10-fold subject-dependent base","DREAMER 98.00 / DEAP 98.41 near-ceiling cross-dataset -> strong leakage suspect (10-fold subject-dependent base), narrative exhibit, excluded from meta",no,yes,yes,"verified-from-full-text (IEEE-top, pdftotext read directly)",2026-06-26 full-text read directly (full-census batch 20)
EEG-0271,Dongdong Li; Bing Chai; Zhe Wang; Hai Yang; Wenli Du,2021,EEG Emotion Recognition Based on 3-D Feature Representation and Dilated Fully Convolutional Networks,"IEEE Trans. Cognitive and Developmental Systems, 2021",journal,10.1109/TCDS.2021.3051465,https://doi.org/10.1109/tcds.2021.3051465,none found,NA,yes,SEED / DEAP,varies,unclear,varies,varies,not verified,discrete/dimensional,varies,not reported,public,not verified,not verified,not verified,not verified,not verified,not verified,learned EEG representation from 3D feature representation + dilated fully convolutional network (exact input features not captured),not verified,unclear,learned deep EEG features,3D feature representation + dilated fully convolutional network,few-shot / fine-tune (mixed),none,yes,unclear,not verified,mixed (subject-dependent tenfold + LOSO),tenfold + LOSO (both),not verified,none,not verified,unclear,accuracy,pending PDF-verify (LOSO row),not reported,not reported,unclear,not verified,not verified,not verified,yes,mean,ambiguous (subject-dependent + cross-subject reported),none stated,some-concerns,text: 3D-feature dilated FCN with tenfold (subject-dependent) + LOSO (cross-subject); proposed cross-subject accuracy not cleanly isolated,PARTIAL - pending visual PDF-table verify; cross-subject (LOSO) accuracy attribution pending visual read,no,yes,yes,PARTIAL - pending visual PDF-table verify,2026-06-26 full-text read directly (full-census batch 20)
EEG-0272,Wenlong Wang; Feifei Qi; Weichen Huang; Yuanqing Li; Zhuliang Yu; Wei Wu,2025,EEG-Based Cross-Subject Emotion Recognition Using Sparse Bayesian Learning With Enhanced Spatio-Temporal Patterns,"IEEE Trans. Affective Computing, 2025 (actual subtitle: Enhanced Covariance Alignment)",journal,10.1109/TAFFC.2024.3497897,https://doi.org/10.1109/TAFFC.2024.3497897,none found,NA,yes,SEED,15,unclear,62,200,film clips,discrete-3class,pos/neu/neg,not reported,public,not verified,not verified,not verified,not verified,not verified,not verified,"subspace, sparse, or dictionary-based EEG representation learned by enhanced sparse Bayesian learning (SBLEST) (exact signal features not captured)",not verified,unclear,subspace/dictionary-transfer features,enhanced sparse Bayesian learning (SBLEST),"domain adaptation (LOSO, target domain)",none,yes,no,not verified,yes,leave-one-subject-out (cross-subject),not verified,none,not verified,unclear,accuracy,82.51,not reported,not reported,unclear,not verified,not verified,not verified,yes,mean,B (transductive-UDA),none (transductive),some-concerns,"text: LOSO cross-subject SEED 82.51, SEED-IV 69.47 (vs SBLEST baseline 55.33); point estimates",honest LOSO cross-subject SEED 82.51 / SEED-IV 69.47; no SD surfaced -> narrative,no,yes,yes,"verified-from-full-text (IEEE-top, pdftotext read directly)",2026-06-26 full-text read directly (full-census batch 20)
EEG-0272,Wenlong Wang; Feifei Qi; Weichen Huang; Yuanqing Li; Zhuliang Yu; Wei Wu,2025,EEG-Based Cross-Subject Emotion Recognition Using Sparse Bayesian Learning With Enhanced Spatio-Temporal Patterns,"IEEE Trans. Affective Computing, 2025 (actual subtitle: Enhanced Covariance Alignment)",journal,10.1109/TAFFC.2024.3497897,https://doi.org/10.1109/TAFFC.2024.3497897,none found,NA,yes,SEED-IV,15,unclear,62,200,movie clips,discrete-4class,happy/sad/fear/neu,not reported,public,not verified,not verified,not verified,not verified,not verified,not verified,"subspace, sparse, or dictionary-based EEG representation learned by enhanced sparse Bayesian learning (SBLEST) (exact signal features not captured)",not verified,unclear,subspace/dictionary-transfer features,enhanced sparse Bayesian learning (SBLEST),"domain adaptation (LOSO, target domain)",none,yes,no,not verified,yes,leave-one-subject-out (cross-subject),not verified,none,not verified,unclear,accuracy,69.47,not reported,not reported,unclear,not verified,not verified,not verified,yes,mean,B (transductive-UDA),none (transductive),some-concerns,"text: LOSO cross-subject SEED 82.51, SEED-IV 69.47 (vs SBLEST baseline 55.33); point estimates",honest LOSO cross-subject SEED 82.51 / SEED-IV 69.47; no SD surfaced -> narrative,no,yes,no,"verified-from-full-text (IEEE-top, pdftotext read directly)",2026-06-26 full-text read directly (full-census batch 20)
EEG-0273,Zhongmin Wang; Puchun Liu; Jie Zhang; Lang He; Yan He,2026,EEG-Based Emotion Recognition Using Multi-Axis Adapter Transformer,"IEEE J. Biomedical and Health Informatics, 2026",journal,10.1109/JBHI.2026.3672612,https://doi.org/10.1109/jbhi.2026.3672612,none found,NA,yes,SEED,15,unclear,62,200,film clips,discrete-3class,pos/neu/neg,not reported,public,not verified,not verified,not verified,not verified,not verified,not verified,attention/transformer EEG representation learned by multi-axis adapter transformer (input feature details not captured),not verified,unclear,learned attention/transformer features,multi-axis adapter transformer,fine-tune (target data),none,yes,yes,not verified,no (subject-dependent tenfold) + fine-tune,tenfold subject-dependent (+ fine-tune),not verified,none,not verified,unclear,accuracy,99.47,not reported,not reported,unclear,not verified,not verified,not verified,yes,best,subject-dependent (near-ceiling) + fine-tune,LEAKAGE EXHIBIT: SEED 99.47 / SEED-IV 98.53 subject-dependent near-ceiling,high,"text: SEED 99.47, SEED-IV 98.53 (subject-dependent tenfold + fine-tune); cross-subject four-class ~88.71 separate","SEED 99.47 / SEED-IV 98.53 subject-dependent near-ceiling -> leakage exhibit, narrative, excluded from meta",no,yes,yes,"verified-from-full-text (IEEE-top, pdftotext read directly)",2026-06-26 full-text read directly (full-census batch 20)
EEG-0274,Wei Li; Mingming Wang; Junyi Zhu; Aiguo Song,2023,EEG-Based Emotion Recognition Using Trainable Adjacency Relation Driven Graph Convolutional Network,"IEEE Trans. Cognitive and Developmental Systems, 2023",journal,10.1109/TCDS.2023.3270170,https://doi.org/10.1109/tcds.2023.3270170,none found,NA,yes,DREAMER / DEAP,23,unclear,14,128,not verified,dimensional (V/A),binary,not reported,public,not verified,not verified,not verified,not verified,not verified,not verified,graph/spatial EEG representation learned by trainable-adjacency graph conv network (input feature details not captured),not verified,unclear,graph/deep spatial features,trainable-adjacency graph conv network,none,none,no,no,not verified,no (subject-dependent 10-fold),10-fold (subject-dependent),not verified,none,not verified,unclear,accuracy,subject-dependent 10-fold (improvement deltas),not reported,not reported,unclear,not verified,not verified,not verified,yes,mean,subject-dependent (10-fold),subject-dependent -> not cross-subject,high,text: subject-dependent 10-fold; reports improvement deltas (DREAMER/DEAP +12-18% over baseline),"subject-dependent 10-fold improvement deltas -> narrative, excluded from cross-subject meta",no,yes,yes,"verified-from-full-text (IEEE-top, pdftotext read directly)",2026-06-26 full-text read directly (full-census batch 20)
EEG-0275,Yuan-Pin Lin; Chi-Hong Wang; Tzyy-Ping Jung; Tien-Lin Wu; Shyh-Kang Jeng; Jeng-Ren Duann; Jyh-Horng Chen,2010,EEG-Based Emotion Recognition in Music Listening,"IEEE Trans. Biomedical Engineering, 2010",journal,10.1109/TBME.2010.2048568,https://doi.org/10.1109/tbme.2010.2048568,none found,NA,yes,music-listening EEG (custom/DEAP-style),not verified,unclear,not verified,not verified,music,dimensional (V/A),binary,not reported,public,not verified,not verified,not verified,not verified,not verified,not verified,EEG features for music-listening emotion classification (exact feature list not captured),not verified,unclear,EEG music-emotion features,EEG music-emotion classifier,none,none,no,no,not verified,no (subject-dependent 10-fold),10-fold (subject-dependent),not verified,none,not verified,unclear,accuracy,subject-dependent 10-fold (number not isolated),not reported,not reported,unclear,not verified,not verified,not verified,yes,mean,subject-dependent (10-fold),subject-dependent -> not cross-subject,high,PROTO: 10-fold subject-dependent music-emotion recognition,"subject-dependent 10-fold music-emotion -> narrative, excluded from cross-subject meta",no,yes,yes,"verified-from-full-text (IEEE-top, pdftotext read directly)",2026-06-26 full-text read directly (full-census batch 20)
EEG-0276,Yeganeh Abdollahinejad; Ahmad Mousavi; Petros Siaplaouras; Zois Boukouvalas; Roberto Corizzo,2026,EMO-CARE: EEG Multi-Scale Temporal Modeling With Channel-Aware Feature Attention for Robust Cross-Subject Emotion Recognition,"IEEE Open Journal of the Computer Society, 2026",journal,10.1109/OJCS.2026.3653766,https://doi.org/10.1109/OJCS.2026.3653766,none found,NA,yes,SEED,15,unclear,62,200,film clips,discrete-3class,pos/neu/neg,not reported,public,not verified,not verified,not verified,not verified,not verified,not verified,attention/transformer EEG representation learned by multi-scale temporal modeling + channel-aware attention (EMO-CARE) (input feature details not captured),not verified,unclear,learned attention/transformer features,multi-scale temporal modeling + channel-aware attention (EMO-CARE),domain adaptation (LOSO),none,yes,no,not verified,yes,leave-one-subject-out (cross-subject),not verified,none,not verified,unclear,accuracy,94.27,median/IQR (see ci),IQR 92.8-95.9 (median 94.5),unclear,median + IQR (LOSO),not verified,not verified,yes,mean,B (transductive-UDA),none (rigorous LOSO); SEED 94.27 high-end,some-concerns,"text: LOSO SEED 94.27 (median 94.5, IQR 92.8-95.9), SEED-V 91.23 (IQR 89.2-93.5), DREAMER 84.33; F1 SEED 94.2",rigorous LOSO; reports MEDIAN/IQR (not mean/SD) -> meta-eligible w/ IQR->SD conversion flag; SEED 94.27 high-end,yes,yes,yes,"verified-from-full-text (IEEE-top, pdftotext read directly)",2026-06-26 full-text read directly (full-census batch 20)
EEG-0276,Yeganeh Abdollahinejad; Ahmad Mousavi; Petros Siaplaouras; Zois Boukouvalas; Roberto Corizzo,2026,EMO-CARE: EEG Multi-Scale Temporal Modeling With Channel-Aware Feature Attention for Robust Cross-Subject Emotion Recognition,"IEEE Open Journal of the Computer Society, 2026",journal,10.1109/OJCS.2026.3653766,https://doi.org/10.1109/OJCS.2026.3653766,none found,NA,yes,SEED-V,16,unclear,62,200,not verified,discrete-5class,5 emotions,not reported,public,not verified,not verified,not verified,not verified,not verified,not verified,attention/transformer EEG representation learned by multi-scale temporal modeling + channel-aware attention (EMO-CARE) (input feature details not captured),not verified,unclear,learned attention/transformer features,multi-scale temporal modeling + channel-aware attention (EMO-CARE),domain adaptation (LOSO),none,yes,no,not verified,yes,leave-one-subject-out (cross-subject),not verified,none,not verified,unclear,accuracy,91.23,median/IQR (see ci),IQR 89.2-93.5,unclear,median + IQR (LOSO),not verified,not verified,yes,mean,B (transductive-UDA),none (rigorous LOSO); SEED 94.27 high-end,some-concerns,"text: LOSO SEED 94.27 (median 94.5, IQR 92.8-95.9), SEED-V 91.23 (IQR 89.2-93.5), DREAMER 84.33; F1 SEED 94.2",rigorous LOSO; reports MEDIAN/IQR (not mean/SD) -> meta-eligible w/ IQR->SD conversion flag; SEED 94.27 high-end,yes,yes,no,"verified-from-full-text (IEEE-top, pdftotext read directly)",2026-06-26 full-text read directly (full-census batch 20)
EEG-0276,Yeganeh Abdollahinejad; Ahmad Mousavi; Petros Siaplaouras; Zois Boukouvalas; Roberto Corizzo,2026,EMO-CARE: EEG Multi-Scale Temporal Modeling With Channel-Aware Feature Attention for Robust Cross-Subject Emotion Recognition,"IEEE Open Journal of the Computer Society, 2026",journal,10.1109/OJCS.2026.3653766,https://doi.org/10.1109/OJCS.2026.3653766,none found,NA,yes,DREAMER,23,unclear,14,128,film clips,dimensional (V/A),binary,not reported,public,not verified,not verified,not verified,not verified,not verified,not verified,attention/transformer EEG representation learned by multi-scale temporal modeling + channel-aware attention (EMO-CARE) (input feature details not captured),not verified,unclear,learned attention/transformer features,multi-scale temporal modeling + channel-aware attention (EMO-CARE),domain adaptation (LOSO),none,yes,no,not verified,yes,leave-one-subject-out (cross-subject),not verified,none,not verified,unclear,accuracy,84.33,not reported,not reported,unclear,median + IQR (LOSO),not verified,not verified,yes,mean,B (transductive-UDA),none (rigorous LOSO); SEED 94.27 high-end,some-concerns,"text: LOSO SEED 94.27 (median 94.5, IQR 92.8-95.9), SEED-V 91.23 (IQR 89.2-93.5), DREAMER 84.33; F1 SEED 94.2",rigorous LOSO; reports MEDIAN/IQR (not mean/SD) -> meta-eligible w/ IQR->SD conversion flag; SEED 94.27 high-end,no,yes,no,"verified-from-full-text (IEEE-top, pdftotext read directly)",2026-06-26 full-text read directly (full-census batch 20)
EEG-0277,Xing Li; Fangyao Shen; Yong Peng; Wanzeng Kong; Bao-Liang Lu,2022,Efficient Sample and Feature Importance Mining in Semi-Supervised EEG Emotion Recognition,"IEEE Trans. Circuits and Systems II: Express Briefs, 2022",journal,10.1109/TCSII.2022.3163141,https://doi.org/10.1109/tcsii.2022.3163141,none found,NA,yes,SEED / SEED-IV,varies,unclear,varies,varies,not verified,discrete,varies,not reported,public,not verified,not verified,not verified,not verified,not verified,not verified,domain-aligned or transfer-learned EEG representation learned by semi-supervised sample/feature importance mining (exact signal features not captured),not verified,unclear,domain-adaptation/transfer-learned features,semi-supervised sample/feature importance mining,semi-supervised domain adaptation (cross-session),none,yes,partial (semi-supervised),not verified,yes,cross-session / cross-subject,not verified,none,not verified,unclear,accuracy,pending PDF-verify,not reported,not reported,unclear,not verified,not verified,not verified,yes,mean,B/F (semi-supervised),none stated,some-concerns,text: semi-supervised sample/feature mining cross-session; proposed accuracy not cleanly isolated,PARTIAL - pending visual PDF-table verify; semi-supervised cross-session/cross-subject; accuracy pending visual read,no,yes,yes,PARTIAL - pending visual PDF-table verify,2026-06-26 full-text read directly (full-census batch 20)
EEG-0278,Aditya Nalwaya; Vivek Kumar Singh; Ram Bilas Pachori,2025,Emotion Identification From Physiological Signals Using Iterative Filtering-Based Empirical Mode Decomposition,"IEEE Sensors Journal, 2025 (actual method: Empirical Wavelet Transform)",journal,10.1109/JSEN.2025.3629291,https://doi.org/10.1109/JSEN.2025.3629291,none found,NA,yes,DEAP (physiological),32,unclear,32,128,not verified,dimensional (V/A),binary,not reported,public,not verified,not verified,not verified,not verified,not verified,not verified,empirical-mode / iterative-filtering decomposition EEG features (parameters not captured),not verified,unclear,time-frequency/decomposition features,iterative-filtering EMD features + classifier,none,none,no,no,not verified,no (subject-dependent),subject-dependent,not verified,none,not verified,unclear,accuracy,subject-dependent (number not isolated),not reported,not reported,unclear,not verified,not verified,not verified,yes,mean,subject-dependent,subject-dependent -> not cross-subject,high,PROTO: subject-dependent EMD-based physiological emotion identification,"subject-dependent -> narrative, excluded from cross-subject meta",no,yes,yes,"verified-from-full-text (IEEE-top, pdftotext read directly)",2026-06-26 full-text read directly (full-census batch 20)
EEG-0279,Guofa Li; Bangwei Yuan; Delin Ouyang; Wenbo Li; Yufan Pan; Zizheng Guo; Gang Guo,2024,Emotion Recognition Based on Selected EEG Signals by Common Spatial Pattern,"IEEE Sensors Journal, 2024",journal,10.1109/JSEN.2024.3358400,https://doi.org/10.1109/jsen.2024.3358400,none found,NA,yes,SEED,15,unclear,62,200,film clips,discrete-3class,pos/neu/neg,not reported,public,not verified,not verified,not verified,not verified,not verified,not verified,common spatial pattern (CSP) or spatial-filter EEG features (details not captured),not verified,unclear,CSP/spatial-filter features,common spatial pattern (CSP) channel selection + classifier,none,none,no,no,not verified,yes (claimed),cross-subject (claimed),not verified,none,not verified,unclear,accuracy,pending PDF-verify (own result not isolated; 92.15 was cited),not reported,not reported,unclear,not verified,not verified,not verified,yes,mean,"A (inductive, channel selection)",none stated,some-concerns,text: SEED 92.15 attributed to a CITED prior work (not the proposed method); own proposed accuracy not isolated,"PARTIAL - pending visual PDF-table verify; the 92.15 SEED figure is cited prior work, NOT this paper's result; own proposed accuracy pending visual read",no,yes,yes,PARTIAL - pending visual PDF-table verify,2026-06-26 full-text read directly (full-census batch 20)
EEG-0280,Fang Liu; Pei Yang; Yezhi Shu; Niqi Liu; Jenny Sheng; Junwen Luo; Xiaoan Wang; Yong-Jin Liu,2024,Emotion Recognition From Few-Channel EEG Signals by Integrating Deep Feature Aggregation and Transfer Learning,"IEEE Trans. Affective Computing, 2024",journal,10.1109/TAFFC.2023.3336531,https://doi.org/10.1109/taffc.2023.3336531,none found,NA,yes,SEED-V,16,unclear,few (subset),200,not verified,discrete-5class,5 emotions,not reported,public,not verified,not verified,not verified,not verified,not verified,not verified,graph/spatial EEG representation learned by deep feature aggregation + transfer learning (few-channel) (input feature details not captured),not verified,unclear,graph/deep spatial features,deep feature aggregation + transfer learning (few-channel),domain adaptation + fine-tune (target calibration),none,yes,yes (fine-tune),not verified,yes,cross-subject with fine-tune calibration,not verified,none,not verified,unclear,accuracy,82.67,not reported,not reported,unclear,not verified,not verified,not verified,yes,mean,F (few-shot/fine-tune target calibration),none (declared calibration),some-concerns,text: few-channel cross-subject SEED-V 82.67 (5-class) with fine-tune calibration,few-channel fine-tune (target labels) -> protocol F; SEED-V 82.67 high for 5-class with calibration; no SD -> narrative,no,yes,yes,"verified-from-full-text (IEEE-top, pdftotext read directly)",2026-06-26 full-text read directly (full-census batch 21)
EEG-0281,Xiaowei Zhang; Jinyong Liu; Jian Shen; Shaojie Li; Kechen Hou; Bin Hu; Jin Gao; Tong Zhang,2021,Emotion Recognition From Multimodal Physiological Signals Using a Regularized Deep Fusion of Kernel Machine,"IEEE Trans. Cybernetics, 2021",journal,10.1109/TCYB.2020.2987575,https://doi.org/10.1109/tcyb.2020.2987575,none found,NA,yes,DEAP / multimodal,varies,unclear,varies,varies,not verified,dimensional (V/A),binary,not reported,public,not verified,not verified,not verified,not verified,not verified,not verified,multimodal EEG plus non-EEG representation/features (exact extraction not captured),not verified,unclear,multimodal features,regularized deep fusion of kernel machines (multimodal),none,none,no,no,not verified,yes,leave-one-subject-out (cross-subject) + subject-dependent,not verified,none,not verified,unclear,accuracy,multimodal LOSO (not isolated),not reported,not reported,unclear,not verified,not verified,not verified,yes,mean,"A (cross-subject, multimodal)",none stated; multimodal (EEG + peripheral),some-concerns,PROTO: LOSO + subject-dependent multimodal physiological fusion; specific accuracy not isolated,"multimodal (EEG + peripheral) -> narrative, excluded from EEG-only meta; number not isolated",no,yes,yes,"verified-from-full-text (IEEE-top, pdftotext read directly)",2026-06-26 full-text read directly (full-census batch 21)
EEG-0282,Haitao Huang; Ying Deng; Bowen Hao; Wenguang Liu; Xiaoyu Tu; Guojun Zeng,2025,Emotion Recognition Method Using U-Net Neural Network With Multichannel EEG Features (3D-EEGU-Net),"IEEE Access, 2025",journal,10.1109/ACCESS.2024.3497160,https://doi.org/10.1109/ACCESS.2024.3497160,none found,NA,yes,SEED,15,unclear,62,200,film clips,discrete-3class,pos/neu/neg,not reported,public,not verified,not verified,not verified,not verified,not verified,not verified,learned EEG representation from 3D U-Net with multichannel EEG features (exact input features not captured),not verified,unclear,learned deep EEG features,3D U-Net with multichannel EEG features,none stated,none,unclear,unclear,not verified,unclear,"unclear (cross-subject discussed, own protocol not explicit)",not verified,none,not verified,unclear,accuracy,92.34,not reported,not reported,unclear,not verified,not verified,not verified,yes,mean,ambiguous (protocol not explicit),SEED 92.34 high-end; protocol unclear,some-concerns,"text: SEED 92.34, DEAP 72.02 (DEAP plausible cross-subject; SEED high-end); own split protocol not explicitly LOSO","protocol (subject-dependent vs cross-subject) not explicit; SEED 92.34 high-end, DEAP 72.02 -> narrative, no SD",no,yes,yes,"verified-from-full-text (IEEE-top, pdftotext read directly)",2026-06-26 full-text read directly (full-census batch 21)
EEG-0282,Haitao Huang; Ying Deng; Bowen Hao; Wenguang Liu; Xiaoyu Tu; Guojun Zeng,2025,Emotion Recognition Method Using U-Net Neural Network With Multichannel EEG Features (3D-EEGU-Net),"IEEE Access, 2025",journal,10.1109/ACCESS.2024.3497160,https://doi.org/10.1109/ACCESS.2024.3497160,none found,NA,yes,DEAP,32,unclear,32,128,music-video clips,dimensional (V/A),binary,not reported,public,not verified,not verified,not verified,not verified,not verified,not verified,learned EEG representation from 3D U-Net with multichannel EEG features (exact input features not captured),not verified,unclear,learned deep EEG features,3D U-Net with multichannel EEG features,none stated,none,unclear,unclear,not verified,unclear,"unclear (cross-subject discussed, own protocol not explicit)",not verified,none,not verified,unclear,accuracy,72.02,not reported,not reported,unclear,not verified,not verified,not verified,yes,mean,ambiguous (protocol not explicit),SEED 92.34 high-end; protocol unclear,some-concerns,"text: SEED 92.34, DEAP 72.02 (DEAP plausible cross-subject; SEED high-end); own split protocol not explicitly LOSO","protocol (subject-dependent vs cross-subject) not explicit; SEED 92.34 high-end, DEAP 72.02 -> narrative, no SD",no,yes,no,"verified-from-full-text (IEEE-top, pdftotext read directly)",2026-06-26 full-text read directly (full-census batch 21)
EEG-0283,Kranti S. Kamble; Joydeep Sengupta,2024,Emotion Recognition Using Wavelet Synchrosqueezing Transform Integrated With Ensemble Deep Learning,"IEEE Sensors Journal, 2024",journal,10.1109/JSEN.2023.3335229,https://doi.org/10.1109/jsen.2023.3335229,none found,NA,yes,SEED,15,unclear,62,200,film clips,discrete-3class,pos/neu/neg,not reported,public,not verified,not verified,not verified,not verified,not verified,not verified,synchrosqueezing wavelet EEG time-frequency representation (parameters not captured),not verified,unclear,time-frequency/wavelet features,wavelet synchrosqueezing transform + ensemble deep learning,fine-tune,none,no,no,not verified,no (ten-fold subject-dependent),ten-fold (subject-dependent),10,none,not verified,unclear,accuracy,78.14,not reported,not reported,unclear,not verified,not verified,not verified,yes,mean,subject-dependent (ten-fold),subject-dependent -> not cross-subject,high,"text: ten-fold subject-dependent SEED 78.14 (acc), 94.67 (one config), AUC 0.95","ten-fold subject-dependent -> narrative, excluded from cross-subject meta",no,yes,yes,"verified-from-full-text (IEEE-top, pdftotext read directly)",2026-06-26 full-text read directly (full-census batch 21)
EEG-0284,Xucheng Liu; Ting Li; Cong Tang; Tao Xu; Peng Chen; Anastasios Bezerianos; Hongtao Wang,2019,Emotion Recognition and Dynamic Functional Connectivity Analysis Based on EEG,"IEEE Access, 2019",journal,10.1109/ACCESS.2019.2945059,https://doi.org/10.1109/access.2019.2945059,none found,NA,yes,SEED,15,unclear,62,200,film clips,discrete-3class,pos/neu/neg,not reported,public,not verified,not verified,not verified,not verified,not verified,not verified,functional-connectivity / brain-network EEG features (metric/window details not captured),not verified,unclear,connectivity/brain-network features,phase-lag-index dynamic functional connectivity + SVM,none,none,no,no,not verified,yes,subject-independent,not verified,none,not verified,unclear,accuracy,87.03,not reported,not reported,unclear,not verified,not verified,not verified,yes,best band (beta),"A (inductive, subject-independent)",none (subject-independent),some-concerns,text: subject-independent SEED beta-band SVM best accuracy 87.03% (3-class pos/neu/neg),subject-independent connectivity (PLI) study; SEED beta 87.03 best-band; no SD -> narrative,no,yes,yes,"verified-from-full-text (IEEE-top, pdftotext read directly)",2026-06-26 full-text read directly (full-census batch 21)
EEG-0285,Zhaolong Li; Hui Cao; Jisai Zhang,2024,Emotion Recognition in EEG Based on Multilevel Multidomain Feature Fusion,"IEEE Access, 2024",journal,10.1109/ACCESS.2024.3417525,https://doi.org/10.1109/access.2024.3417525,none found,NA,yes,SEED / DEAP,varies,unclear,varies,varies,not verified,discrete/dimensional,varies,not reported,public,not verified,not verified,not verified,not verified,not verified,not verified,handcrafted/statistical EEG features or selected feature set (exact feature list not captured),not verified,unclear,handcrafted/statistical features,multilevel multidomain feature fusion,calibration,none,no,no,not verified,no (10-fold subject-dependent),10-fold (subject-dependent),10,none,not verified,unclear,accuracy,subject-dependent 10-fold (not isolated),not reported,not reported,unclear,not verified,not verified,not verified,yes,mean,subject-dependent (10-fold),subject-dependent -> not cross-subject,high,PROTO: 10-fold subject-dependent multidomain fusion,"subject-dependent 10-fold -> narrative, excluded from cross-subject meta; number not isolated",no,yes,yes,"verified-from-full-text (IEEE-top, pdftotext read directly)",2026-06-26 full-text read directly (full-census batch 21)
EEG-0286,Jun Xiao; Feifei Qi; Lingli Wang; Yanbin He; Jingang Yu; Wei Wu; Zhuliang Yu; Yuanqing Li; Zhenghui Gu; Tianyou Yu,2025,EmotionMIL: An End-to-End Multiple Instance Learning Framework for Emotion Recognition From EEG,"IEEE Trans. Affective Computing, 2025",journal,10.1109/TAFFC.2025.3581388,https://doi.org/10.1109/taffc.2025.3581388,none found,NA,yes,DEAP,32,unclear,32,128,music-video clips,dimensional (V/A),binary,not reported,public,not verified,not verified,not verified,not verified,not verified,not verified,multiple-instance learned EEG representation (exact instance features not captured),not verified,unclear,multiple-instance learned EEG features,multiple instance learning framework (EmotionMIL),none,none,no,no,not verified,yes,leave-one-subject-out (subject-independent) + subject-dependent,not verified,none,not verified,unclear,accuracy,pending PDF-verify (LOSO Table II),not reported,not reported,unclear,not verified,not verified,not verified,yes,mean,A (inductive LOSO),none (inductive LOSO),some-concerns,text: LOSO (subject-independent) results on DEAP in Table II; proposed accuracy not cleanly isolated in pdftotext,PARTIAL - pending visual PDF-table verify; subject-independent LOSO DEAP confirmed; accuracy/SD pending visual read of Table II,no,yes,yes,PARTIAL - pending visual PDF-table verify,2026-06-26 full-text read directly (full-census batch 21)
EEG-0287,Xu Xu; Chong Fu; Junxin Chen,2025,Emotion Recognition Empowered HCI With Domain Adaptation Network (LAFDA-Net),"IEEE Trans. Consumer Electronics, 2025",journal,10.1109/TCE.2024.3524401,https://doi.org/10.1109/TCE.2024.3524401,none found,NA,yes,SEED / SEED-IV / SEED-V (multimodal EEG+eye),15,unclear,62,200,not verified,discrete,varies,not reported,public,not verified,not verified,not verified,not verified,not verified,not verified,multimodal EEG plus non-EEG representation/features (exact extraction not captured),not verified,unclear,multimodal features,"low-rank-fusion domain adaptation network (LAFDA-Net, multimodal)",domain adaptation (multimodal EEG+eye),none,yes,no,not verified,yes,leave-one-subject-out (cross-subject),not verified,none,not verified,unclear,accuracy,90.04,not reported,not reported,unclear,not verified,not verified,not verified,yes,mean,"B (transductive-UDA, multimodal)",none stated; MULTIMODAL (EEG + eye movement),some-concerns,"text: cross-subject multimodal SEED 90.04, SEED-IV 89.60, SEED-V 80.01 (cross-session SEED sessions 93.11/85.81/91.42)","multimodal (EEG + eye) -> narrative, excluded from EEG-only meta; SEED-IV 89.60 reflects multimodal gain",no,yes,yes,"verified-from-full-text (IEEE-top, pdftotext read directly)",2026-06-26 full-text read directly (full-census batch 21)
EEG-0288,Yijin Zhou; Fu Li; Yang Li; Youshuo Ji; Lijian Zhang; Yuanfang Chen; Huaning Wang,2025,Enhancing Cross-Dataset EEG Emotion Recognition: A Novel Approach With Emotional EEG Style Transfer,"IEEE Trans. Affective Computing, 2025",journal,10.1109/TAFFC.2025.3555439,https://doi.org/10.1109/taffc.2025.3555439,none found,NA,yes,MPED <-> SEED (cross-dataset),15,unclear,62,200,not verified,discrete-3class,pos/neu/neg,not reported,public,not verified,not verified,not verified,not verified,not verified,not verified,domain-aligned or transfer-learned EEG representation learned by emotional EEG style transfer (cross-dataset) (exact signal features not captured),not verified,unclear,domain-adaptation/transfer-learned features,emotional EEG style transfer (cross-dataset),style-transfer domain adaptation (cross-dataset),none,yes,no,not verified,yes,cross-dataset (MPED<->SEED),not verified,cross-dataset,not verified,unclear,accuracy,73.51,not reported,not reported,unclear,not verified,not verified,not verified,yes,mean,E (cross-dataset transfer),none (cross-dataset),some-concerns,text: cross-dataset MPED3->SEED3 73.51 (vs comparison); SEED-IV4->MPED4 54.06 (vs 29.12),"cross-DATASET transfer -> narrative, not pooled with within-dataset meta; MPED->SEED 73.51",no,yes,yes,"verified-from-full-text (IEEE-top, pdftotext read directly)",2026-06-26 full-text read directly (full-census batch 21)
EEG-0289,Min Seok Lee; Dae Hyeon Kim; Young-Seok Choi,2025,"Enhancing EEG-Based Emotion Recognition Using Sparse Dynamic Graph CNN With L-2,1-Norm","IEEE Sensors Journal, 2025",journal,10.1109/JSEN.2025.3616343,https://doi.org/10.1109/jsen.2025.3616343,none found,NA,yes,SEED,15,unclear,62,200,film clips,discrete-3class,pos/neu/neg,not reported,public,not verified,not verified,not verified,not verified,not verified,not verified,differential entropy (DE) or entropy EEG features (band/window details not captured),not verified,unclear,handcrafted-DE/entropy,"sparse dynamic graph CNN (L2,1-norm)",domain adaptation (LOSO/cross-session),none,yes,no,not verified,yes,leave-one-subject-out (cross-subject) + cross-session,not verified,none,not verified,unclear,accuracy,86.51,not reported,not reported,unclear,not verified,not verified,not verified,yes,mean,B (transductive-UDA),none (transductive),some-concerns,text: DE all-bands proposed highest average 86.51% (F1 85.86) and 61.72% (F1 60.72) on two datasets (SEED / SEED-IV),cross-subject SEED ~86.51 / SEED-IV ~61.72 (DE all bands); reports F1 not SD -> narrative,no,yes,yes,"verified-from-full-text (IEEE-top, pdftotext read directly)",2026-06-26 full-text read directly (full-census batch 21)
EEG-0289,Min Seok Lee; Dae Hyeon Kim; Young-Seok Choi,2025,"Enhancing EEG-Based Emotion Recognition Using Sparse Dynamic Graph CNN With L-2,1-Norm","IEEE Sensors Journal, 2025",journal,10.1109/JSEN.2025.3616343,https://doi.org/10.1109/jsen.2025.3616343,none found,NA,yes,SEED-IV,15,unclear,62,200,movie clips,discrete-4class,happy/sad/fear/neu,not reported,public,not verified,not verified,not verified,not verified,not verified,not verified,differential entropy (DE) or entropy EEG features (band/window details not captured),not verified,unclear,handcrafted-DE/entropy,"sparse dynamic graph CNN (L2,1-norm)",domain adaptation (LOSO/cross-session),none,yes,no,not verified,yes,leave-one-subject-out (cross-subject) + cross-session,not verified,none,not verified,unclear,accuracy,61.72,not reported,not reported,unclear,not verified,not verified,not verified,yes,mean,B (transductive-UDA),none (transductive),some-concerns,text: DE all-bands proposed highest average 86.51% (F1 85.86) and 61.72% (F1 60.72) on two datasets (SEED / SEED-IV),cross-subject SEED ~86.51 / SEED-IV ~61.72 (DE all bands); reports F1 not SD -> narrative,no,yes,no,"verified-from-full-text (IEEE-top, pdftotext read directly)",2026-06-26 full-text read directly (full-census batch 21)
EEG-0290,Yao Pi; Ming Li; Xianbin Zhang; Wei Wu; Xuanhao Qi; Jihui Yue; Guibin Bian; Wanqing Wu,2026,Enhancing Generalization for EEG-based Emotion Recognition Models with the Personality Characteristics,"IEEE Trans. Multimedia, 2026",journal,10.1109/TMM.2026.3673551,https://doi.org/10.1109/TMM.2026.3673551,none found,NA,yes,SEED / DEAP,varies,unclear,varies,varies,not verified,discrete/dimensional,varies,not reported,public,not verified,not verified,not verified,not verified,not verified,not verified,domain-aligned or transfer-learned EEG representation learned by personality-characteristic-enhanced generalization (exact signal features not captured),not verified,unclear,domain-adaptation/transfer-learned features,personality-characteristic-enhanced generalization,domain adaptation (transductive) + fine-tune,none,yes,unclear,not verified,yes,10-fold + cross-session + LOSO (mixed),not verified,none,not verified,unclear,accuracy,pending PDF-verify,not reported,not reported,unclear,not verified,not verified,not verified,yes,mean,B (transductive),none stated,some-concerns,text: personality-enhanced cross-subject generalization (transductive); proposed accuracy not cleanly isolated,PARTIAL - pending visual PDF-table verify; cross-subject generalization confirmed; accuracy pending visual read,no,yes,yes,PARTIAL - pending visual PDF-table verify,2026-06-26 full-text read directly (full-census batch 21)
EEG-0291,Hanzhong Zhang; Tienyu Zuo; Zhiyang Chen; Xin Wang; Poly Z.H. Sun,2024,Evolutionary Ensemble Learning for EEG-Based Cross-Subject Emotion Recognition,"IEEE J. Biomedical and Health Informatics, 2024",journal,10.1109/JBHI.2024.3384816,https://doi.org/10.1109/jbhi.2024.3384816,none found,NA,yes,SEED / SEED-IV,varies,unclear,varies,varies,not verified,discrete,varies,not reported,public,not verified,not verified,not verified,not verified,not verified,not verified,domain-aligned or transfer-learned EEG representation learned by evolutionary ensemble learning (exact signal features not captured),not verified,unclear,domain-adaptation/transfer-learned features,evolutionary ensemble learning,"domain adaptation (ensemble, target domain calibration)",none,yes,unclear,not verified,yes,cross-subject (calibration),not verified,none,not verified,unclear,accuracy,pending PDF-verify,not reported,not reported,unclear,not verified,not verified,not verified,yes,mean,B (transductive),none stated,some-concerns,text: evolutionary ensemble cross-subject; proposed accuracy not cleanly isolated in pdftotext,PARTIAL - pending visual PDF-table verify; cross-subject ensemble confirmed; SEED/SEED-IV accuracy pending visual read,no,yes,yes,PARTIAL - pending visual PDF-table verify,2026-06-26 full-text read directly (full-census batch 21)
EEG-0292,Yi Yang; Ze Wang; Yu Song; Ziyu Jia; Boyu Wang; Tzyy-Ping Jung; Feng Wan,2025,Exploiting the Intrinsic Neighborhood Semantic Structure for Domain Adaptation in EEG-Based Emotion Recognition,"IEEE Trans. Affective Computing, 2025",journal,10.1109/TAFFC.2025.3564272,https://doi.org/10.1109/taffc.2025.3564272,none found,NA,yes,SEED,15,unclear,62,200,film clips,discrete-3class,pos/neu/neg,not reported,public,not verified,not verified,not verified,not verified,not verified,not verified,graph/spatial EEG representation learned by intrinsic-neighborhood-semantic GCN domain adaptation (input feature details not captured),not verified,unclear,graph/deep spatial features,intrinsic-neighborhood-semantic GCN domain adaptation,"domain adaptation (neighborhood structure, target data)",none,yes,no,not verified,yes,leave-one-subject-out (cross-subject),not verified,none,not verified,unclear,accuracy,95.69,5.24,not reported,unclear,mean+-SD,not verified,not verified,yes,mean,B (transductive-UDA),none (transductive); SEED 95.69 very high-end,some-concerns,text: cross-subject SEED 95.69/5.24 (claims +2.63% over best literature); HIED custom 59.47->75.82,SEED 95.69/5.24 = highest cross-subject transductive seen; with SD -> meta but flagged very high-end (SOTA claim),yes,yes,yes,"verified-from-full-text (IEEE-top, pdftotext read directly)",2026-06-26 full-text read directly (full-census batch 22)
EEG-0293,Dapeng Wu; Xiaojuan Han; Zhigang Yang; Ruyan Wang,2021,Exploiting Transfer Learning for Emotion Recognition Under Cloud-Edge-Client Collaboration,"IEEE J. Selected Areas in Communications, 2021",journal,10.1109/JSAC.2020.3020677,https://doi.org/10.1109/jsac.2020.3020677,none found,NA,yes,SEED / SEED-IV,varies,unclear,varies,varies,not verified,discrete,varies,not reported,public,not verified,not verified,not verified,not verified,not verified,not verified,domain-aligned or transfer-learned EEG representation learned by cloud-edge-client collaborative transfer learning (exact signal features not captured),not verified,unclear,domain-adaptation/transfer-learned features,cloud-edge-client collaborative transfer learning,domain adaptation (transductive),none,yes,unclear,not verified,yes,cross-subject (LOSO),not verified,none,not verified,unclear,accuracy,pending PDF-verify,not reported,not reported,unclear,not verified,not verified,not verified,yes,mean,B (transductive-UDA),none stated,some-concerns,text: cross-subject method; proposed accuracy in tables garbled by pdftotext,PARTIAL - pending visual PDF-table verify; edge/federated transfer; subject-dependent+target-domain; number pending,no,yes,yes,PARTIAL - pending visual PDF-table verify,2026-06-26 full-text read directly (full-census batch 22)
EEG-0294,Zhe Wang; Tianhao Gu; Yiwen Zhu; Dongdong Li; Hai Yang; Wenli Du,2021,FLDNet: Frame-Level Distilling Neural Network for EEG Emotion Recognition,"IEEE J. Biomedical and Health Informatics, 2021",journal,10.1109/JBHI.2021.3049119,https://doi.org/10.1109/jbhi.2021.3049119,none found,NA,yes,SEED,15,unclear,62,200,film clips,discrete-3class,pos/neu/neg,not reported,public,not verified,not verified,not verified,not verified,not verified,not verified,learned EEG representation from frame-level distilling neural network (FLDNet) (exact input features not captured),not verified,unclear,learned deep EEG features,frame-level distilling neural network (FLDNet),few-shot / knowledge distillation,none,yes,unclear,not verified,yes,cross-subject (few-shot),not verified,none,not verified,unclear,accuracy,89.91,not reported,not reported,unclear,not verified,not verified,not verified,yes,mean,F (few-shot/distillation),none stated,some-concerns,"text: SEED 89.91, DEAP 87.67, DREAMER 90.28 (few-shot frame-level distilling)",few-shot frame-level distilling; SEED 89.91/DREAMER 90.28 high-end; no SD -> narrative,no,yes,yes,"verified-from-full-text (IEEE-top, pdftotext read directly)",2026-06-26 full-text read directly (full-census batch 22)
EEG-0294,Zhe Wang; Tianhao Gu; Yiwen Zhu; Dongdong Li; Hai Yang; Wenli Du,2021,FLDNet: Frame-Level Distilling Neural Network for EEG Emotion Recognition,"IEEE J. Biomedical and Health Informatics, 2021",journal,10.1109/JBHI.2021.3049119,https://doi.org/10.1109/jbhi.2021.3049119,none found,NA,yes,DREAMER,23,unclear,14,128,film clips,dimensional (V/A),binary,not reported,public,not verified,not verified,not verified,not verified,not verified,not verified,learned EEG representation from frame-level distilling neural network (FLDNet) (exact input features not captured),not verified,unclear,learned deep EEG features,frame-level distilling neural network (FLDNet),few-shot / knowledge distillation,none,yes,unclear,not verified,yes,cross-subject (few-shot),not verified,none,not verified,unclear,accuracy,90.28,not reported,not reported,unclear,not verified,not verified,not verified,yes,mean,F (few-shot/distillation),none stated,some-concerns,"text: SEED 89.91, DEAP 87.67, DREAMER 90.28 (few-shot frame-level distilling)",few-shot frame-level distilling; SEED 89.91/DREAMER 90.28 high-end; no SD -> narrative,no,yes,no,"verified-from-full-text (IEEE-top, pdftotext read directly)",2026-06-26 full-text read directly (full-census batch 22)
EEG-0295,Tianhao Gu; Zhe Wang; Xinlei Xu; Dongdong Li; Hai Yang; Wenli Du,2023,Frame-Level Teacher-Student Learning With Data Privacy for EEG Emotion Recognition,"IEEE Trans. Neural Networks and Learning Systems, 2023",journal,10.1109/TNNLS.2022.3168935,https://doi.org/10.1109/tnnls.2022.3168935,none found,NA,yes,SEED / SEED-IV,varies,unclear,varies,varies,not verified,discrete,varies,not reported,public,not verified,not verified,not verified,not verified,not verified,not verified,domain-aligned or transfer-learned EEG representation learned by frame-level teacher-student (privacy-preserving) (exact signal features not captured),not verified,unclear,domain-adaptation/transfer-learned features,frame-level teacher-student (privacy-preserving),domain adaptation (transductive),none,yes,unclear,not verified,yes,cross-subject (LOSO),not verified,none,not verified,unclear,accuracy,pending PDF-verify,not reported,not reported,unclear,not verified,not verified,not verified,yes,mean,B (transductive-UDA),none stated,some-concerns,text: cross-subject method; proposed accuracy in tables garbled by pdftotext,PARTIAL - pending visual PDF-table verify; few-shot privacy-preserving; number pending,no,yes,yes,PARTIAL - pending visual PDF-table verify,2026-06-26 full-text read directly (full-census batch 22)
EEG-0296,Yang Li; Wenming Zheng; Lei Wang; Yuan Zong; Zhen Cui,2022,From Regional to Global Brain: A Novel Hierarchical Spatial-Temporal Neural Network Model,"IEEE Trans. Affective Computing, 2022",journal,10.1109/TAFFC.2019.2922912,https://doi.org/10.1109/TAFFC.2019.2922912,none found,NA,yes,SEED / SEED-IV,varies,unclear,varies,varies,not verified,discrete,varies,not reported,public,not verified,not verified,not verified,not verified,not verified,not verified,learned EEG representation from hierarchical spatial-temporal NN (regional-to-global) (exact input features not captured),not verified,unclear,learned deep EEG features,hierarchical spatial-temporal NN (regional-to-global),domain adaptation (transductive),none,yes,unclear,not verified,yes,cross-subject (LOSO),not verified,none,not verified,unclear,accuracy,pending PDF-verify,not reported,not reported,unclear,not verified,not verified,not verified,yes,mean,B (transductive-UDA),none stated,some-concerns,text: cross-subject method; proposed accuracy in tables garbled by pdftotext,PARTIAL - pending visual PDF-table verify; transductive LOSO; number pending,no,yes,yes,PARTIAL - pending visual PDF-table verify,2026-06-26 full-text read directly (full-census batch 22)
EEG-0297,Chuangquan Chen; Zhencheng Li; Feng Wan; Leicai Xu; Anastasios Bezerianos; Hongtao Wang,2022,Fusing Frequency-Domain Features and Brain Connectivity Features for Cross-Subject Emotion Recognition,"IEEE Trans. Instrumentation and Measurement, 2022",journal,10.1109/TIM.2022.3168927,https://doi.org/10.1109/tim.2022.3168927,none found,NA,yes,SEED / SEED-IV,varies,unclear,varies,varies,not verified,discrete,varies,not reported,public,not verified,not verified,not verified,not verified,not verified,not verified,functional-connectivity / brain-network EEG features (metric/window details not captured),not verified,unclear,connectivity/brain-network features,frequency + brain-connectivity feature fusion,domain adaptation (transductive),none,yes,unclear,not verified,yes,cross-subject (LOSO),not verified,none,not verified,unclear,accuracy,pending PDF-verify,not reported,not reported,unclear,not verified,not verified,not verified,yes,mean,B (transductive-UDA),none stated,some-concerns,text: cross-subject method; proposed accuracy in tables garbled by pdftotext,PARTIAL - pending visual PDF-table verify; LOSO cross-subject; 27-channel reduced setup; number pending,no,yes,yes,PARTIAL - pending visual PDF-table verify,2026-06-26 full-text read directly (full-census batch 22)
EEG-0298,Bianna Chen; C. L. Philip Chen; Tong Zhang,2024,GDDN: Graph Domain Disentanglement Network for Generalizable EEG Emotion Recognition,"IEEE Trans. Affective Computing, 2024",journal,10.1109/TAFFC.2024.3371540,https://doi.org/10.1109/taffc.2024.3371540,none found,NA,yes,SEED,15,unclear,62,200,film clips,discrete-3class,pos/neu/neg,not reported,public,not verified,not verified,not verified,not verified,not verified,not verified,graph/spatial EEG representation learned by graph domain disentanglement network (GDDN) (input feature details not captured),not verified,unclear,graph/deep spatial features,graph domain disentanglement network (GDDN),"domain disentanglement (LOSO, target domain)",none,yes,no,not verified,yes,leave-one-subject-out (cross-subject),not verified,none,not verified,unclear,accuracy,92.54,not reported,not reported,unclear,not verified,not verified,not verified,yes,mean,B (transductive-UDA),none (transductive); SEED 92.54 high-end,some-concerns,"text: proposed (high end of improvement range) SEED 92.54, SEED-IV 75.65, MPED 29.44",proposed SEED 92.54 / SEED-IV 75.65 / MPED 29.44 (improvement-range high end); no SD -> narrative,no,yes,yes,"verified-from-full-text (IEEE-top, pdftotext read directly)",2026-06-26 full-text read directly (full-census batch 22)
EEG-0298,Bianna Chen; C. L. Philip Chen; Tong Zhang,2024,GDDN: Graph Domain Disentanglement Network for Generalizable EEG Emotion Recognition,"IEEE Trans. Affective Computing, 2024",journal,10.1109/TAFFC.2024.3371540,https://doi.org/10.1109/taffc.2024.3371540,none found,NA,yes,SEED-IV,15,unclear,62,200,movie clips,discrete-4class,happy/sad/fear/neu,not reported,public,not verified,not verified,not verified,not verified,not verified,not verified,graph/spatial EEG representation learned by graph domain disentanglement network (GDDN) (input feature details not captured),not verified,unclear,graph/deep spatial features,graph domain disentanglement network (GDDN),"domain disentanglement (LOSO, target domain)",none,yes,no,not verified,yes,leave-one-subject-out (cross-subject),not verified,none,not verified,unclear,accuracy,75.65,not reported,not reported,unclear,not verified,not verified,not verified,yes,mean,B (transductive-UDA),none (transductive); SEED 92.54 high-end,some-concerns,"text: proposed (high end of improvement range) SEED 92.54, SEED-IV 75.65, MPED 29.44",proposed SEED 92.54 / SEED-IV 75.65 / MPED 29.44 (improvement-range high end); no SD -> narrative,no,yes,no,"verified-from-full-text (IEEE-top, pdftotext read directly)",2026-06-26 full-text read directly (full-census batch 22)
EEG-0299,Yong Peng; Feiwei Qin; Wanzeng Kong; Yuan Ge; Feiping Nie; Andrzej Cichocki,2022,"GFIL: A Unified Framework for the Importance Analysis of Features, Frequency Bands, and Channels","IEEE Trans. Cognitive and Developmental Systems, 2022",journal,10.1109/TCDS.2021.3082803,https://doi.org/10.1109/TCDS.2021.3082803,none found,NA,yes,SEED,15,unclear,62,200,film clips,discrete-3class,pos/neu/neg,not reported,public,not verified,not verified,not verified,not verified,not verified,not verified,spectral-band / PSD EEG features (exact bands or estimator not captured),not verified,unclear,spectral/PSD features,graph-based feature-importance learning (GFIL),domain adaptation (cross-session),none,yes,no,not verified,yes,cross-subject / cross-session,not verified,none,not verified,unclear,accuracy,per-emotion (fear 76.49); aggregate not isolated,not reported,not reported,unclear,not verified,not verified,not verified,yes,mean,"B (transductive, importance analysis)",none stated,some-concerns,text: GFIL per-emotion recognition (e.g. fear 76.49% vs FIL 72.70%); importance analysis of features/bands/channels,"feature/band/channel importance-analysis study; reports per-emotion accuracies -> narrative, aggregate cross-subject not isolated",no,yes,yes,"verified-from-full-text (IEEE-top, pdftotext read directly)",2026-06-26 full-text read directly (full-census batch 22)
EEG-0300,Tianxu Pan; Nuo Su; Jun Shan; Yang Tang; Guoqiang Zhong; Tianzi Jiang; Nianming Zuo,2025,GLADA: Global and Local Associative Domain Adaptation for EEG-Based Emotion Recognition,"IEEE Trans. Cognitive and Developmental Systems, 2025",journal,10.1109/TCDS.2024.3432752,https://doi.org/10.1109/tcds.2024.3432752,none found,NA,yes,SEED / SEED-IV,varies,unclear,varies,varies,not verified,discrete,varies,not reported,public,not verified,not verified,not verified,not verified,not verified,not verified,domain-aligned or transfer-learned EEG representation learned by global-local associative domain adaptation (GLADA) (exact signal features not captured),not verified,unclear,domain-adaptation/transfer-learned features,global-local associative domain adaptation (GLADA),domain adaptation (transductive),none,yes,unclear,not verified,yes,cross-subject (LOSO),not verified,none,not verified,unclear,accuracy,pending PDF-verify,not reported,not reported,unclear,not verified,not verified,not verified,yes,mean,B (transductive-UDA),none stated,some-concerns,text: cross-subject method; proposed accuracy in tables garbled by pdftotext,PARTIAL - pending visual PDF-table verify; calibration cross-session transductive; number pending,no,yes,yes,PARTIAL - pending visual PDF-table verify,2026-06-26 full-text read directly (full-census batch 22)
EEG-0301,Qingshan She; Senda Gao; Chenqi Zhang; Feng Fang; Jian Wang; Anton Zhilenkov; Yingchun Zhang,2026,GMCDA: Graph-Based Multisource Conditional Distribution Domain Adaptation Network for EEG Emotion Recognition,"IEEE Trans. Human-Machine Systems, 2026",journal,10.1109/THMS.2026.3654245,https://doi.org/10.1109/THMS.2026.3654245,none found,NA,yes,SEED,15,unclear,62,200,film clips,discrete-3class,pos/neu/neg,not reported,public,not verified,not verified,not verified,not verified,not verified,not verified,graph/spatial EEG representation learned by graph-based multisource conditional distribution DA (GMCDA) (input feature details not captured),not verified,unclear,graph/deep spatial features,graph-based multisource conditional distribution DA (GMCDA),multisource conditional distribution adaptation (target data),none,yes,no,not verified,yes,cross-subject / cross-session,not verified,none,not verified,unclear,accuracy,90.33,not reported,not reported,unclear,not verified,not verified,not verified,yes,mean,"B (transductive-UDA, multisource)",none (transductive),some-concerns,"text: SEED 90.33 (one config) / 93.26 (another), SEED-IV 62.83 / 67.06 (config-dependent)","GMCDA SEED 90.33-93.26, SEED-IV 62.83-67.06 config-dependent; no SD -> narrative; primary uses lower config",no,yes,yes,"verified-from-full-text (IEEE-top, pdftotext read directly)",2026-06-26 full-text read directly (full-census batch 22)
EEG-0301,Qingshan She; Senda Gao; Chenqi Zhang; Feng Fang; Jian Wang; Anton Zhilenkov; Yingchun Zhang,2026,GMCDA: Graph-Based Multisource Conditional Distribution Domain Adaptation Network for EEG Emotion Recognition,"IEEE Trans. Human-Machine Systems, 2026",journal,10.1109/THMS.2026.3654245,https://doi.org/10.1109/THMS.2026.3654245,none found,NA,yes,SEED-IV,15,unclear,62,200,movie clips,discrete-4class,happy/sad/fear/neu,not reported,public,not verified,not verified,not verified,not verified,not verified,not verified,graph/spatial EEG representation learned by graph-based multisource conditional distribution DA (GMCDA) (input feature details not captured),not verified,unclear,graph/deep spatial features,graph-based multisource conditional distribution DA (GMCDA),multisource conditional distribution adaptation (target data),none,yes,no,not verified,yes,cross-subject / cross-session,not verified,none,not verified,unclear,accuracy,62.83,not reported,not reported,unclear,not verified,not verified,not verified,yes,mean,"B (transductive-UDA, multisource)",none (transductive),some-concerns,"text: SEED 90.33 (one config) / 93.26 (another), SEED-IV 62.83 / 67.06 (config-dependent)","GMCDA SEED 90.33-93.26, SEED-IV 62.83-67.06 config-dependent; no SD -> narrative; primary uses lower config",no,yes,no,"verified-from-full-text (IEEE-top, pdftotext read directly)",2026-06-26 full-text read directly (full-census batch 22)
EEG-0302,Wei Li; Lingmin Fan; Shitong Shao; Aiguo Song,2024,Generalized Contrastive Partial Label Learning for Cross-Subject EEG-Based Emotion Recognition,"IEEE Trans. Instrumentation and Measurement, 2024",journal,10.1109/TIM.2024.3398103,https://doi.org/10.1109/tim.2024.3398103,none found,NA,yes,SEED / SEED-IV,varies,unclear,varies,varies,not verified,discrete,varies,not reported,public,not verified,not verified,not verified,not verified,not verified,not verified,self-supervised or contrastive EEG representation learned by generalized contrastive partial-label learning (input feature details not captured),not verified,unclear,learned self-supervised/contrastive features,generalized contrastive partial-label learning,domain adaptation (transductive),none,yes,unclear,not verified,yes,cross-subject (LOSO),not verified,none,not verified,unclear,accuracy,pending PDF-verify,not reported,not reported,unclear,not verified,not verified,not verified,yes,mean,B (transductive-UDA),none stated,some-concerns,text: cross-subject method; proposed accuracy in tables garbled by pdftotext,PARTIAL - pending visual PDF-table verify; transductive cross-subject; number pending,no,yes,yes,PARTIAL - pending visual PDF-table verify,2026-06-26 full-text read directly (full-census batch 22)
EEG-0303,Tengfei Song; Wenming Zheng; Suyuan Liu; Yuan Zong; Zhen Cui; Yang Li,2022,Graph-Embedded Convolutional Neural Network for Image-Based EEG Emotion Recognition,"IEEE Trans. Emerging Topics in Computing, 2022",journal,10.1109/TETC.2021.3087174,https://doi.org/10.1109/tetc.2021.3087174,none found,NA,yes,SEED / DEAP,varies,unclear,varies,varies,not verified,discrete,varies,not reported,public,not verified,not verified,not verified,not verified,not verified,not verified,graph/spatial EEG representation learned by graph-embedded CNN (image-based EEG) (input feature details not captured),not verified,unclear,graph/deep spatial features,graph-embedded CNN (image-based EEG),domain adaptation (transductive),none,yes,unclear,not verified,yes,cross-subject (LOSO),not verified,none,not verified,unclear,accuracy,pending PDF-verify,not reported,not reported,unclear,not verified,not verified,not verified,yes,mean,B (transductive-UDA),none stated,some-concerns,text: cross-subject method; proposed accuracy in tables garbled by pdftotext,PARTIAL - pending visual PDF-table verify; LOSO + subject-dependent; number pending,no,yes,yes,PARTIAL - pending visual PDF-table verify,2026-06-26 full-text read directly (full-census batch 22)
EEG-0304,Mengqi Wu; C. L. Philip Chen; Bianna Chen; Tong Zhang,2025,Grop: Graph Orthogonal Purification Network for EEG Emotion Recognition,"IEEE Trans. Affective Computing, 2025",journal,10.1109/TAFFC.2024.3433613,https://doi.org/10.1109/taffc.2024.3433613,none found,NA,yes,SEED,15,unclear,62,200,film clips,discrete-3class,pos/neu/neg,not reported,public,not verified,not verified,not verified,not verified,not verified,not verified,graph/spatial EEG representation learned by graph orthogonal purification network (Grop) (input feature details not captured),not verified,unclear,graph/deep spatial features,graph orthogonal purification network (Grop),"domain adaptation (LOSO, target domain)",none,yes,no,not verified,yes,leave-one-subject-out (cross-subject),not verified,none,not verified,unclear,accuracy,88.83,not reported,not reported,unclear,not verified,not verified,not verified,yes,mean,B (transductive-UDA),none (transductive),some-concerns,text: proposed cross-subject improvement to 88.83% on SEED (SEED-IV improvements too),cross-subject SEED 88.83 (improvement-range high end); no SD surfaced -> narrative,no,yes,yes,"verified-from-full-text (IEEE-top, pdftotext read directly)",2026-06-26 full-text read directly (full-census batch 23)
EEG-0305,Xiaojun Li; C. L. Philip Chen; Bianna Chen; Tong Zhang,2024,Gusa: Graph-Based Unsupervised Subdomain Adaptation for Cross-Subject EEG Emotion Recognition,"IEEE Trans. Affective Computing, 2024",journal,10.1109/TAFFC.2024.3349770,https://doi.org/10.1109/taffc.2024.3349770,none found,NA,yes,SEED,15,unclear,62,200,film clips,discrete-3class,pos/neu/neg,not reported,public,not verified,not verified,not verified,not verified,not verified,not verified,graph/spatial EEG representation learned by graph-based unsupervised subdomain adaptation (Gusa) (input feature details not captured),not verified,unclear,graph/deep spatial features,graph-based unsupervised subdomain adaptation (Gusa),unsupervised subdomain adaptation (target data),none,yes,no,not verified,yes,leave-one-subject-out (cross-subject),not verified,none,not verified,unclear,accuracy,91.14,not reported,not reported,unclear,not verified,not verified,not verified,yes,mean,B (transductive-UDA),none (transductive); SEED 91.14 high-end,some-concerns,text: Gusa SEED recognition accuracy ~91.14% (one validation set); +37.13% over SVM; 'lowest SD' noted but value not isolated,cross-subject SEED ~91.14 high-end transductive; aggregate SD not cleanly isolated -> narrative,no,yes,yes,"verified-from-full-text (IEEE-top, pdftotext read directly)",2026-06-26 full-text read directly (full-census batch 23)
EEG-0306,Yuankang Fu; Kaixiang Yang; Song Sun; Xinrong Gong; Huanqiang Zeng,2025,HIA-Net: Hierarchical Interactive Alignment Network for Multimodal Few-Shot Emotion Recognition,"IEEE Signal Processing Letters, 2025",journal,10.1109/LSP.2025.3584273,https://doi.org/10.1109/lsp.2025.3584273,none found,NA,yes,multimodal (EEG + other),varies,unclear,varies,varies,not verified,discrete,varies,not reported,public,not verified,not verified,not verified,not verified,not verified,not verified,multimodal EEG plus non-EEG representation/features (exact extraction not captured),not verified,unclear,multimodal features,"hierarchical interactive alignment network (multimodal, HIA-Net)",few-shot multimodal alignment,none,yes,yes (few-shot),not verified,yes,"cross-subject (few-shot, multimodal)",not verified,none,not verified,unclear,accuracy,multimodal few-shot (not isolated),not reported,not reported,unclear,not verified,not verified,not verified,yes,mean,"F (few-shot, multimodal)",none stated; multimodal,some-concerns,text: multimodal few-shot hierarchical alignment; specific accuracy not isolated,"multimodal few-shot -> narrative, excluded from EEG-only meta; number not isolated",no,yes,yes,"verified-from-full-text (IEEE-top, pdftotext read directly)",2026-06-26 full-text read directly (full-census batch 23)
EEG-0307,Gang Luo; Yao Zou; Shuaiyi Xu; Wei Zhang; Lixian Zhu; Fuze Tian; Na Chu; Kun Qian; Xiaowei Li; Jingxin Liu; Shuting Sun; Bin Hu,2026,Hybrid Source Selection Fusion Domain-Invariant Attention for Cross-Subject Emotion Recognition,"IEEE Trans. Affective Computing, 2026",journal,10.1109/TAFFC.2025.3647683,https://doi.org/10.1109/taffc.2025.3647683,none found,NA,yes,SEED,15,unclear,62,200,film clips,discrete-3class,pos/neu/neg,not reported,public,not verified,not verified,not verified,not verified,not verified,not verified,attention/transformer EEG representation learned by hybrid source selection + domain-invariant attention (input feature details not captured),not verified,unclear,learned attention/transformer features,hybrid source selection + domain-invariant attention,"domain adaptation (source selection, target data)",none,yes,no,not verified,yes,leave-one-subject-out (cross-subject),not verified,none,not verified,unclear,accuracy,77.17,not reported,not reported,unclear,not verified,not verified,not verified,yes,mean,B (transductive-UDA),none (transductive),some-concerns,"text: cross-subject SEED 77.17, SEED-IV 58.51, DEAP valence 63.55 (+17.95% avg over others on SEED)",honest mid-range cross-subject SEED 77.17 / SEED-IV 58.51; no SD surfaced -> narrative,no,yes,yes,"verified-from-full-text (IEEE-top, pdftotext read directly)",2026-06-26 full-text read directly (full-census batch 23)
EEG-0307,Gang Luo; Yao Zou; Shuaiyi Xu; Wei Zhang; Lixian Zhu; Fuze Tian; Na Chu; Kun Qian; Xiaowei Li; Jingxin Liu; Shuting Sun; Bin Hu,2026,Hybrid Source Selection Fusion Domain-Invariant Attention for Cross-Subject Emotion Recognition,"IEEE Trans. Affective Computing, 2026",journal,10.1109/TAFFC.2025.3647683,https://doi.org/10.1109/taffc.2025.3647683,none found,NA,yes,SEED-IV,15,unclear,62,200,movie clips,discrete-4class,happy/sad/fear/neu,not reported,public,not verified,not verified,not verified,not verified,not verified,not verified,attention/transformer EEG representation learned by hybrid source selection + domain-invariant attention (input feature details not captured),not verified,unclear,learned attention/transformer features,hybrid source selection + domain-invariant attention,"domain adaptation (source selection, target data)",none,yes,no,not verified,yes,leave-one-subject-out (cross-subject),not verified,none,not verified,unclear,accuracy,58.51,not reported,not reported,unclear,not verified,not verified,not verified,yes,mean,B (transductive-UDA),none (transductive),some-concerns,"text: cross-subject SEED 77.17, SEED-IV 58.51, DEAP valence 63.55 (+17.95% avg over others on SEED)",honest mid-range cross-subject SEED 77.17 / SEED-IV 58.51; no SD surfaced -> narrative,no,yes,no,"verified-from-full-text (IEEE-top, pdftotext read directly)",2026-06-26 full-text read directly (full-census batch 23)
EEG-0308,Hawraa Razzaq Abed Alameer; Pedram Salehpour; Hadi S. Aghdasi; Mohammad-Reza Feizi-Derakhshi,2025,"Integrating Deep Metric Learning, Semi-Supervised Learning, and Domain Adaptation for Cross-Dataset EEG Emotion Recognition","IEEE Access, 2025",journal,10.1109/ACCESS.2025.3536549,https://doi.org/10.1109/access.2025.3536549,none found,NA,yes,SEED->SEED-IV (cross-dataset),15,unclear,62,200,not verified,discrete,mapped,not reported,public,not verified,not verified,not verified,not verified,not verified,not verified,learned EEG representation from deep metric + semi-supervised + domain adaptation (exact input features not captured),not verified,unclear,learned deep EEG features,deep metric + semi-supervised + domain adaptation,cross-dataset domain adaptation (semi-supervised),none,yes,partial (semi-supervised),not verified,yes,cross-dataset (SEED->SEED-IV),not verified,cross-dataset,not verified,unclear,accuracy,63.49,not reported,not reported,unclear,not verified,not verified,not verified,yes,mean,E (cross-dataset),none (cross-dataset),some-concerns,text: cross-dataset SEED->SEED-IV 63.49 (+2.25% over E2STN SOTA),"cross-DATASET (SEED->SEED-IV) 63.49 -> narrative, not pooled with within-dataset meta",no,yes,yes,"verified-from-full-text (IEEE-top, pdftotext read directly)",2026-06-26 full-text read directly (full-census batch 23)
EEG-0309,Yong Peng; Honggang Liu; Wanzeng Kong; Feiping Nie; Bao-Liang Lu; Andrzej Cichocki,2023,Joint EEG Feature Transfer and Semisupervised Cross-Subject Emotion Recognition,"IEEE Trans. Industrial Informatics, 2023",journal,10.1109/TII.2022.3217120,https://doi.org/10.1109/tii.2022.3217120,none found,NA,yes,SEED / SEED-IV,varies,unclear,varies,varies,not verified,discrete,varies,not reported,public,not verified,not verified,not verified,not verified,not verified,not verified,domain-aligned or transfer-learned EEG representation learned by joint feature transfer + semi-supervised (exact signal features not captured),not verified,unclear,domain-adaptation/transfer-learned features,joint feature transfer + semi-supervised,semi-supervised domain adaptation (target labels),none,yes,partial (semi-supervised),not verified,yes,cross-subject (semi-supervised),not verified,none,not verified,unclear,accuracy,pending PDF-verify,not reported,not reported,unclear,not verified,not verified,not verified,yes,mean,B/F (semi-supervised),none stated,some-concerns,text: joint feature transfer semi-supervised cross-subject; proposed accuracy in tables (pdftotext garbled),PARTIAL - pending visual PDF-table verify; cross-subject semi-supervised confirmed; accuracy pending visual read,no,yes,yes,PARTIAL - pending visual PDF-table verify,2026-06-26 full-text read directly (full-census batch 23)
EEG-0310,Yong Peng; Wenjuan Wang; Wanzeng Kong; Feiping Nie; Bao-Liang Lu; Andrzej Cichocki,2022,Joint Feature Adaptation and Graph Adaptive Label Propagation for Cross-Subject Emotion Recognition,"IEEE Trans. Affective Computing, 2022",journal,10.1109/TAFFC.2022.3189222,https://doi.org/10.1109/TAFFC.2022.3189222,none found,NA,yes,SEED-IV,15,unclear,62,200,movie clips,discrete-4class,happy/sad/fear/neu,not reported,public,not verified,not verified,not verified,not verified,not verified,not verified,graph/spatial EEG representation learned by joint feature adaptation + graph adaptive label propagation (input feature details not captured),not verified,unclear,graph/deep spatial features,joint feature adaptation + graph adaptive label propagation,"domain adaptation + label propagation (target data, calibration)",none,yes,no,not verified,yes,cross-subject one-to-one / one-to-many,not verified,none,not verified,unclear,accuracy,83.3,not reported,not reported,unclear,not verified,not verified,not verified,yes,one-to-one,B (transductive-UDA),none (transductive),some-concerns,text: SEED-IV one-to-one paradigm 83.3% correctly classified; cross-subject label propagation,cross-subject one-to-one SEED-IV ~83.3 (single-pair); aggregate not isolated -> narrative,no,yes,yes,"verified-from-full-text (IEEE-top, pdftotext read directly)",2026-06-26 full-text read directly (full-census batch 23)
EEG-0311,Mingchen Cai; C. L. Philip Chen; Shuzhen Li; Tong Zhang,2025,Label Feature Co-Learning for Facial and EEG Emotion Recognition,"IEEE Trans. Affective Computing, 2025",journal,10.1109/TAFFC.2025.3600267,https://doi.org/10.1109/taffc.2025.3600267,none found,NA,yes,DEAP / facial (multimodal),varies,unclear,varies,varies,not verified,dimensional (V/A),binary,not reported,public,not verified,not verified,not verified,not verified,not verified,not verified,multimodal EEG plus non-EEG representation/features (exact extraction not captured),not verified,unclear,multimodal features,label-feature co-learning (multimodal facial + EEG),calibration,none,no,no,not verified,no (10-fold subject-dependent),10-fold (subject-dependent),10,none,not verified,unclear,accuracy,subject-dependent multimodal (not isolated),not reported,not reported,unclear,not verified,not verified,not verified,yes,mean,subject-dependent (multimodal),subject-dependent multimodal -> not cross-subject,high,PROTO: 10-fold subject-dependent multimodal facial+EEG,"multimodal + subject-dependent -> narrative, excluded from cross-subject meta; number not isolated",no,yes,yes,"verified-from-full-text (IEEE-top, pdftotext read directly)",2026-06-26 full-text read directly (full-census batch 23)
EEG-0312,Huan Liu; Shusen Yang; Yuzhe Zhang; Mengze Wang; Fanyu Gong; Chengxi Xie; Guanjian Liu; Zejun Liu; Yong-Jin Liu; Bao-Liang Lu; Dalin Zhang,2025,LibEER: A Comprehensive Benchmark and Algorithm Library for EEG-Based Emotion Recognition,"IEEE Trans. Affective Computing, 2025",journal,10.1109/TAFFC.2025.3605833,https://doi.org/10.1109/taffc.2025.3605833,none found,NA,yes,SEED / SEED-IV / DEAP (benchmark),varies,unclear,varies,varies,not verified,discrete/dimensional,varies,not reported,public,not verified,not verified,not verified,not verified,not verified,not verified,multiple feature pipelines benchmarked (single feature extractor not applicable),not verified,unclear,multiple feature types,benchmark library (standardized re-evaluation of many methods),multiple methods benchmarked,none,varies,varies,not verified,yes (LOSO + subject-dependent protocols),standardized LOSO + subject-dependent (unified protocol),not verified,none,not verified,unclear,accuracy,benchmark library (standardized re-evaluation; per-method tables),not reported,not reported,unclear,not verified,not verified,not verified,yes,mean,methodological (benchmark/library),none; KEY standardization reference (fair re-evaluation reduces inflated claims),low,text: comprehensive benchmark/library re-evaluating EEG emotion methods under unified LOSO/subject-dependent protocols on SEED/SEED-IV/DEAP etc.,KEY methodological reference: standardized benchmark exposing protocol/leakage variance -> narrative (cite in discussion like LibEER/Sneaky-emotions/DA-comparative),no,yes,yes,"verified-from-full-text (IEEE-top, pdftotext read directly)",2026-06-26 full-text read directly (full-census batch 23)
EEG-0313,Lin Zhou; Zaijun Wang; Haixin Li; Sizhuang Lei; Xiaojun Qin,2026,Lightweight Asymmetric Multimodal Fusion for Cross-Subject Emotion Recognition,"IEEE Access, 2026",journal,10.1109/ACCESS.2026.3680875,https://doi.org/10.1109/access.2026.3680875,none found,NA,yes,MAHNOB-HCI (multimodal),27,unclear,varies,varies,not verified,dimensional (V/A),binary,not reported,public,not verified,not verified,not verified,not verified,not verified,not verified,multimodal EEG plus non-EEG representation/features (exact extraction not captured),not verified,unclear,multimodal features,lightweight asymmetric multimodal fusion,none,none,no,no,not verified,yes,leave-one-subject-out (cross-subject),not verified,none,not verified,unclear,accuracy,73.9,not reported,not reported,unclear,LOSO accuracy,not verified,not verified,yes,mean,"A (cross-subject, multimodal)",none stated; multimodal,some-concerns,"abstract: LOSO MAHNOB-HCI valence 73.9, arousal 66.8 (1.5M params, <50 MFLOPs)","multimodal lightweight fusion -> narrative, excluded from EEG-only meta; MAHNOB V 73.9/A 66.8",no,yes,yes,"verified-from-full-text (IEEE-top, pdftotext read directly)",2026-06-26 full-text read directly (full-census batch 23)
EEG-0314,Hao Fang; Mingyu Wang; Zhixing Zhang; Yueming Wang; Yuxiao Yang,2026,Low-Dimensional Matrix Discriminant Analysis of EEG Network Connectivity on Riemannian Manifold (RMDA),"IEEE Trans. Cognitive and Developmental Systems, 2026",journal,10.1109/TCDS.2026.3661567,https://doi.org/10.1109/TCDS.2026.3661567,none found,NA,yes,SEED / DEAP / MAHNOB-HCI,varies,unclear,varies,varies,not verified,discrete,varies,not reported,public,not verified,not verified,not verified,not verified,not verified,not verified,functional-connectivity / brain-network EEG features (metric/window details not captured),not verified,unclear,connectivity/brain-network features,"low-dimensional matrix discriminant analysis (Riemannian, RMDA)",domain adaptation (transductive),none,yes,unclear,not verified,yes,cross-subject (LOSO),not verified,none,not verified,unclear,accuracy,pending PDF-verify,not reported,not reported,unclear,not verified,not verified,not verified,yes,mean,B (transductive-UDA),none stated,some-concerns,text: cross-subject method; proposed accuracy in tables garbled by pdftotext,PARTIAL - pending visual PDF-table verify; subject-dependent SEED 94.37/DEAP 63.83 vs subject-independent values mixed; per-band tables (90.35/1.58); cross-subject cell needs visual verify,no,yes,yes,PARTIAL - pending visual PDF-table verify,2026-06-26 full-text read directly (full-census batch 24)
EEG-0315,Ting Luo; Jing Zhang; Yingwei Qiu; Li Zhang; Yaohua Hu; Zhuliang Yu; Zhen Liang,2025,M3D: Manifold-Based Domain Adaptation With Dynamic Distribution for Non-Deep Transfer Learning in Cross-Subject and Cross-Session EEG Emotion Recognition,"IEEE J. Biomedical and Health Informatics, 2025",journal,10.1109/JBHI.2025.3580612,https://doi.org/10.1109/jbhi.2025.3580612,none found,NA,yes,SEED,15,unclear,62,200,film clips,discrete-3class,pos/neu/neg,not reported,public,not verified,not verified,not verified,not verified,not verified,not verified,"covariance, Riemannian, manifold, or geometric EEG representation (estimator not captured)",not verified,unclear,covariance/Riemannian-manifold features,"manifold-based domain adaptation, dynamic distribution (M3D, non-deep)",manifold domain adaptation (target data),none,yes,no,not verified,yes,cross-subject single-session + cross-subject cross-session (LOSO),not verified,none,not verified,unclear,accuracy,84.57,9.49,not reported,unclear,mean+-SD,not verified,not verified,yes,mean,B (transductive-UDA),none (transductive),some-concerns,text (ablation): full M3D model cross-subject 84.57/9.49 (drops to 71.01/13.42 w/o feature transform); 3 benchmark datasets,full-model cross-subject 84.57/9.49 with SD -> meta; dataset=SEED assumed (primary single-session); flag for confirm,yes,yes,yes,"verified-from-full-text (IEEE-top, pdftotext read directly)",2026-06-26 full-text read directly (full-census batch 24)
EEG-0316,Hongxiang Xu; Ziyi Pei; Qi Han; Mingyang Hou; Xin Qian; Tengfei Weng; Yuan Tian; Zicheng Qiu; Baobing Zhou,2024,MASTF-net: An EEG Emotion Recognition Network Based on Multi-Source Domain Adaptive Method,"IEEE Access, 2024",journal,10.1109/ACCESS.2024.3349552,https://doi.org/10.1109/ACCESS.2024.3349552,none found,NA,yes,SEED / SEED-IV,varies,unclear,varies,varies,not verified,discrete,varies,not reported,public,not verified,not verified,not verified,not verified,not verified,not verified,domain-aligned or transfer-learned EEG representation learned by multi-source domain adaptive network (MASTF-net) (exact signal features not captured),not verified,unclear,domain-adaptation/transfer-learned features,multi-source domain adaptive network (MASTF-net),domain adaptation (transductive),none,yes,unclear,not verified,yes,cross-subject (LOSO),not verified,none,not verified,unclear,accuracy,pending PDF-verify,not reported,not reported,unclear,not verified,not verified,not verified,yes,mean,B (transductive-UDA),none stated,some-concerns,text: cross-subject method; proposed accuracy in tables garbled by pdftotext,PARTIAL - pending visual PDF-table verify; transductive multi-source; number pending,no,yes,yes,PARTIAL - pending visual PDF-table verify,2026-06-26 full-text read directly (full-census batch 24)
EEG-0317,Fazheng Hou; Wei Meng; Li Ma; Kun Chen; Qingsong Ai; Quan Liu; Sheng Q. Xie,2024,MECAM: A Novel Multi-Axis EEG Channel Attention Model for Emotion Recognition,"IEEE Trans. Instrumentation and Measurement, 2024 (likely dup of EEG-0118)",journal,10.1109/TIM.2024.3428607,https://doi.org/10.1109/tim.2024.3428607,none found,NA,yes,SEED,15,unclear,62,200,film clips,discrete-3class,pos/neu/neg,not reported,public,not verified,not verified,not verified,not verified,not verified,not verified,attention/transformer EEG representation learned by multi-axis EEG channel attention model (MECAM) (input feature details not captured),not verified,unclear,learned attention/transformer features,multi-axis EEG channel attention model (MECAM),calibration,none,yes,unclear,not verified,claimed (SI ~90%+ near-ceiling),subject-independent (claimed) + subject-dependent,not verified,none,not verified,unclear,accuracy,97.92,2.39,not reported,unclear,mean+-SD,not verified,not verified,yes,mean,ambiguous (subject-independent ~98% near-ceiling),"LEAKAGE SUSPECT: subject-independent SEED 97.92, DEAP ternary >90% implausible",high,"abstract: subject-independent most tasks >90% (SEED ternary 97.92/2.39, DEAP quaternary 86.64, DEAP 94.75/2.59); far above field","subject-independent SEED 97.92 near-ceiling -> leakage suspect (has SD but implausible); narrative exhibit, excluded from meta",no,yes,yes,"verified-from-full-text (IEEE-top, pdftotext read directly)",2026-06-26 full-text read directly (full-census batch 24)
EEG-0318,Changgyun Jin; Hanul Kim; Yeongseo Na; Seong-Eun Kim,2026,MILFNet: Multiple Instance Learning-Based Fast-Slow Network With Multitask Autoencoder,"IEEE Trans. Instrumentation and Measurement, 2026",journal,10.1109/TIM.2026.3670586,https://doi.org/10.1109/TIM.2026.3670586,none found,NA,yes,SEED / SEED-IV / DREAMER,varies,unclear,varies,varies,not verified,discrete,varies,not reported,public,not verified,not verified,not verified,not verified,not verified,not verified,learned EEG representation from multiple-instance-learning fast-slow network (MILFNet) (exact input features not captured),not verified,unclear,learned deep EEG features,multiple-instance-learning fast-slow network (MILFNet),domain adaptation (transductive),none,yes,unclear,not verified,yes,cross-subject (LOSO),not verified,none,not verified,unclear,accuracy,pending PDF-verify,not reported,not reported,unclear,not verified,not verified,not verified,yes,mean,B (transductive-UDA),none stated,some-concerns,text: cross-subject method; proposed accuracy in tables garbled by pdftotext,"PARTIAL - pending visual PDF-table verify; SEED 97.25/SEED-IV 87.68 figures appear CITED ([53],[54]); own proposed (Dreamer ~91.85/90.37) vs cited unclear; verify own LOSO result",no,yes,yes,PARTIAL - pending visual PDF-table verify,2026-06-26 full-text read directly (full-census batch 24)
EEG-0319,Yuzhe Zhang; Chengxi Xie; Huan Liu; Yuhan Shi; Guanjian Liu; Dalin Zhang,2026,MIND-EEG: Multi-Granularity Integration Network With Discrete Codebook for EEG-Based Emotion Recognition,"IEEE Trans. Affective Computing, 2026",journal,10.1109/TAFFC.2025.3608571,https://doi.org/10.1109/taffc.2025.3608571,none found,NA,yes,SEED / SEED-IV,varies,unclear,varies,varies,not verified,discrete,varies,not reported,public,not verified,not verified,not verified,not verified,not verified,not verified,domain-aligned or transfer-learned EEG representation learned by multi-granularity integration network + discrete codebook (MIND-EEG) (exact signal features not captured),not verified,unclear,domain-adaptation/transfer-learned features,multi-granularity integration network + discrete codebook (MIND-EEG),domain adaptation (transductive),none,yes,unclear,not verified,yes,cross-subject (LOSO),not verified,none,not verified,unclear,accuracy,pending PDF-verify,not reported,not reported,unclear,not verified,not verified,not verified,yes,mean,B (transductive-UDA),none stated,some-concerns,text: cross-subject method; proposed accuracy in tables garbled by pdftotext,PARTIAL - pending visual PDF-table verify; LOSO transductive; number pending,no,yes,yes,PARTIAL - pending visual PDF-table verify,2026-06-26 full-text read directly (full-census batch 24)
EEG-0320,Magdiel Jimenez-Guarneros; Gibran Fuentes-Pineda; Jonas Grande-Barreto,2025,MMDA: A Multimodal and Multisource Domain Adaptation Method for Cross-Subject Emotion Recognition,"IEEE Trans. Computational Social Systems, 2025",journal,10.1109/TCSS.2024.3519300,https://doi.org/10.1109/TCSS.2024.3519300,none found,NA,yes,SEED / SEED-IV (multimodal),varies,unclear,varies,varies,not verified,discrete,varies,not reported,public,not verified,not verified,not verified,not verified,not verified,not verified,multimodal EEG plus non-EEG representation/features (exact extraction not captured),not verified,unclear,multimodal features,multimodal multisource domain adaptation (MMDA),multimodal multisource DA (target data),none,yes,no,not verified,yes,leave-one-subject-out (cross-subject),not verified,none,not verified,unclear,accuracy,multimodal multisource (not isolated),not reported,not reported,unclear,not verified,not verified,not verified,yes,mean,"B (transductive-UDA, multimodal)",none stated; multimodal (EEG + eye/peripheral),some-concerns,text: multimodal multisource DA cross-subject; specific accuracy not isolated,"multimodal multisource -> narrative, excluded from EEG-only meta; number not isolated",no,yes,yes,"verified-from-full-text (IEEE-top, pdftotext read directly)",2026-06-26 full-text read directly (full-census batch 24)
EEG-0321,Wei Li; Wei Huan; Shitong Shao; Bowen Hou; Aiguo Song,2023,MS-FRAN: A Novel Multi-Source Domain Adaptation Method for EEG-Based Emotion Recognition,"IEEE J. Biomedical and Health Informatics, 2023",journal,10.1109/JBHI.2023.3311338,https://doi.org/10.1109/jbhi.2023.3311338,none found,NA,yes,SEED / SEED-IV,varies,unclear,varies,varies,not verified,discrete,varies,not reported,public,not verified,not verified,not verified,not verified,not verified,not verified,domain-aligned or transfer-learned EEG representation learned by multi-source feature-representation adaptation network (MS-FRAN) (exact signal features not captured),not verified,unclear,domain-adaptation/transfer-learned features,multi-source feature-representation adaptation network (MS-FRAN),domain adaptation (transductive),none,yes,unclear,not verified,yes,cross-subject (LOSO),not verified,none,not verified,unclear,accuracy,pending PDF-verify,not reported,not reported,unclear,not verified,not verified,not verified,yes,mean,B (transductive-UDA),none stated,some-concerns,text: cross-subject method; proposed accuracy in tables garbled by pdftotext,PARTIAL - pending visual PDF-table verify; transductive multi-source; number pending,no,yes,yes,PARTIAL - pending visual PDF-table verify,2026-06-26 full-text read directly (full-census batch 24)
EEG-0322,Lina Qiu; Zuorui Ying; Xianyue Song; Weisen Feng; Chengju Zhou; Jiahui Pan,2025,MTADA: A Multi-Task Adversarial Domain Adaptation Network for EEG-Based Cross-Subject Emotion Recognition,"IEEE Trans. Affective Computing, 2025",journal,10.1109/TAFFC.2025.3595137,https://doi.org/10.1109/taffc.2025.3595137,none found,NA,yes,SEED-IV,15,unclear,62,200,movie clips,discrete-4class,happy/sad/fear/neu,not reported,public,not verified,not verified,not verified,not verified,not verified,not verified,domain-aligned or transfer-learned EEG representation learned by multi-task adversarial domain adaptation (MTADA) (exact signal features not captured),not verified,unclear,domain-adaptation/transfer-learned features,multi-task adversarial domain adaptation (MTADA),multi-task adversarial DA (target data),none,yes,no,not verified,yes,cross-subject (LOSO),not verified,none,not verified,unclear,accuracy,76.39,not reported,not reported,unclear,not verified,not verified,not verified,yes,mean,B (transductive-UDA),none (transductive),some-concerns,"text: MTADA FACED 9-class 44.37 (vs 42.40 orig), DEAP 69.06, SEED-IV 76.39/69.74/68.26","cross-subject MTADA FACED 9-class 44.37 (honest-low), DEAP 69.06, SEED-IV 76.39; no SD -> narrative",no,yes,yes,"verified-from-full-text (IEEE-top, pdftotext read directly)",2026-06-26 full-text read directly (full-census batch 24)
EEG-0322,Lina Qiu; Zuorui Ying; Xianyue Song; Weisen Feng; Chengju Zhou; Jiahui Pan,2025,MTADA: A Multi-Task Adversarial Domain Adaptation Network for EEG-Based Cross-Subject Emotion Recognition,"IEEE Trans. Affective Computing, 2025",journal,10.1109/TAFFC.2025.3595137,https://doi.org/10.1109/taffc.2025.3595137,none found,NA,yes,DEAP,32,unclear,32,128,music-video clips,dimensional (V/A),binary,not reported,public,not verified,not verified,not verified,not verified,not verified,not verified,domain-aligned or transfer-learned EEG representation learned by multi-task adversarial domain adaptation (MTADA) (exact signal features not captured),not verified,unclear,domain-adaptation/transfer-learned features,multi-task adversarial domain adaptation (MTADA),multi-task adversarial DA (target data),none,yes,no,not verified,yes,cross-subject (LOSO),not verified,none,not verified,unclear,accuracy,69.06,not reported,not reported,unclear,not verified,not verified,not verified,yes,mean,B (transductive-UDA),none (transductive),some-concerns,"text: MTADA FACED 9-class 44.37 (vs 42.40 orig), DEAP 69.06, SEED-IV 76.39/69.74/68.26","cross-subject MTADA FACED 9-class 44.37 (honest-low), DEAP 69.06, SEED-IV 76.39; no SD -> narrative",no,yes,no,"verified-from-full-text (IEEE-top, pdftotext read directly)",2026-06-26 full-text read directly (full-census batch 24)
EEG-0323,Xiaojun Ning; Jing Wang; Youfang Lin; Xiyang Cai; Haobin Chen; Haijun Gou; Xiaoli Li; Ziyu Jia,2024,MetaEmotionNet: Spatial-Spectral-Temporal Attention 3-D Dense Network With Meta-Learning,"IEEE Trans. Instrumentation and Measurement, 2024",journal,10.1109/TIM.2023.3338676,https://doi.org/10.1109/TIM.2023.3338676,none found,NA,yes,SEED / SEED-IV,varies,unclear,varies,varies,not verified,discrete,varies,not reported,public,not verified,not verified,not verified,not verified,not verified,not verified,attention/transformer EEG representation learned by spatial-spectral-temporal 3D dense network + meta-learning (MetaEmotionNet) (input feature details not captured),not verified,unclear,learned attention/transformer features,spatial-spectral-temporal 3D dense network + meta-learning (MetaEmotionNet),domain adaptation (transductive),none,yes,unclear,not verified,yes,cross-subject (LOSO),not verified,none,not verified,unclear,accuracy,pending PDF-verify,not reported,not reported,unclear,not verified,not verified,not verified,yes,mean,B (transductive-UDA),none stated,some-concerns,text: cross-subject method; proposed accuracy in tables garbled by pdftotext,PARTIAL - pending visual PDF-table verify; few-shot meta-learning (w/o meta 68.96%); proposed cross-subject accuracy pending visual read,no,yes,yes,PARTIAL - pending visual PDF-table verify,2026-06-26 full-text read directly (full-census batch 24)
EEG-0324,Sun-Hee Kim,2025,Mifu-ER: Modality Quality Index-Based Incremental Fusion for Emotion Recognition,"IEEE Access, 2025",journal,10.1109/ACCESS.2025.3584642,https://doi.org/10.1109/access.2025.3584642,none found,NA,yes,multimodal (EEG + other),varies,unclear,varies,varies,not verified,dimensional/discrete,varies,not reported,public,not verified,not verified,not verified,not verified,not verified,not verified,multimodal EEG plus non-EEG representation/features (exact extraction not captured),not verified,unclear,multimodal features,"modality-quality-index incremental fusion (Mifu-ER, multimodal)",calibration,none,no,no,not verified,mixed (10-fold + LOSO),10-fold + LOSO (multimodal),10,none,not verified,unclear,accuracy,multimodal fusion (not isolated),not reported,not reported,unclear,not verified,not verified,not verified,yes,mean,A/subject-dependent (multimodal),multimodal; mixed protocol,some-concerns,PROTO: 10-fold + LOSO multimodal modality-quality fusion; specific accuracy not isolated,"multimodal modality-quality fusion -> narrative, excluded from EEG-only meta; number not isolated",no,yes,yes,"verified-from-full-text (IEEE-top, pdftotext read directly)",2026-06-26 full-text read directly (full-census batch 24)
EEG-0325,Mehmet Ali Sarikaya; Gokhan Ince,2024,Modality- and Subject-Aware Emotion Recognition Using Knowledge Distillation,"IEEE Access, 2024",journal,10.1109/ACCESS.2024.3452781,https://doi.org/10.1109/access.2024.3452781,none found,NA,yes,SEED / SEED-IV (multimodal),15,unclear,62,200,not verified,discrete,varies,not reported,public,not verified,not verified,not verified,not verified,not verified,not verified,multimodal EEG plus non-EEG representation/features (exact extraction not captured),not verified,unclear,multimodal features,modality/subject-aware knowledge distillation (multimodal),knowledge distillation + fine-tune (target calibration),none,yes,unclear,not verified,yes,cross-subject (calibration/fine-tune),not verified,none,not verified,unclear,accuracy,93.37,not reported,not reported,unclear,not verified,not verified,not verified,yes,mean,"B/F (multimodal, distillation)",none stated; multimodal; NOTE numbers 93.37/82.32 identical to DFF-Net (EEG-0187) -> verify not same result,some-concerns,"text: SEED 93.37, SEED-IV 82.32 (improvement +10.43% SEED-IV); modality/subject-aware distillation",multimodal distillation -> narrative; SEED 93.37/SEED-IV 82.32 EXACTLY match DFF-Net (EEG-0187) -> flag for dup/number check,no,yes,yes,"verified-from-full-text (IEEE-top, pdftotext read directly)",2026-06-26 full-text read directly (full-census batch 25)
EEG-0326,Hao Tang; Songyun Xie; Xinzhou Xie; Yujie Cui; Bohan Li; Dalu Zheng; Yu Hao; Xiangming Wang; Yiye Jiang; Zhongyu Tian,2024,Multi-Domain Based Dynamic Graph Representation Learning for EEG Emotion Recognition,"IEEE J. Biomedical and Health Informatics, 2024",journal,10.1109/JBHI.2024.3415163,https://doi.org/10.1109/jbhi.2024.3415163,none found,NA,yes,SEED / DEAP,varies,unclear,varies,varies,not verified,discrete,varies,not reported,public,not verified,not verified,not verified,not verified,not verified,not verified,graph/spatial EEG representation learned by multi-domain dynamic graph representation learning (input feature details not captured),not verified,unclear,graph/deep spatial features,multi-domain dynamic graph representation learning,domain adaptation (transductive),none,yes,unclear,not verified,yes,cross-subject (LOSO),not verified,none,not verified,unclear,accuracy,pending PDF-verify,not reported,not reported,unclear,not verified,not verified,not verified,yes,mean,B (transductive-UDA),none stated,some-concerns,text: cross-subject method; proposed absolute accuracy not isolated (improvement deltas / garbled table),PARTIAL - pending visual PDF-table verify; DEAP 95.77/96.51 are subject-DEPENDENT (SOTA exp); subject-independent cross-subject cell needs visual read,no,yes,yes,PARTIAL - pending visual PDF-table verify,2026-06-26 full-text read directly (full-census batch 25)
EEG-0327,Qi Zhu; Ting Zhu; Lunke Fei; Chuhang Zheng; Wei Shao; David Zhang; Daoqiang Zhang,2025,Multi-Modal Cross-Subject Emotion Feature Alignment and Recognition With EEG and Eye Movement,"IEEE Trans. Affective Computing, 2025",journal,10.1109/TAFFC.2025.3554399,https://doi.org/10.1109/taffc.2025.3554399,none found,NA,yes,SEED / SEED-IV / SEED-V (multimodal EEG+eye),varies,unclear,varies,varies,not verified,discrete,varies,not reported,public,not verified,not verified,not verified,not verified,not verified,not verified,multimodal EEG plus non-EEG representation/features (exact extraction not captured),not verified,unclear,multimodal features,multimodal feature alignment (EEG + eye movement),domain adaptation (multimodal),none,yes,no,not verified,yes,leave-one-subject-out (cross-subject),not verified,none,not verified,unclear,accuracy,multimodal cross-subject (not isolated),not reported,not reported,unclear,not verified,not verified,not verified,yes,mean,"B (transductive, multimodal)",none stated; MULTIMODAL (not EEG-only),some-concerns,"text: cross-subject multimodal SEED 92.41, SEED-IV 85.60, SEED-V 86.29","multimodal -> narrative, excluded from EEG-only meta; SEED 92.41/SEED-IV 85.60/SEED-V 86.29 (EEG+eye)",no,yes,yes,"verified-from-full-text (IEEE-top, pdftotext read directly)",2026-06-26 full-text read directly (full-census batch 25)
EEG-0328,Yixin Wang; Shuang Qiu; Dan Li; Changde Du; Bao-Liang Lu; Huiguang He,2022,Multi-Modal Domain Adaptation Variational Autoencoder for EEG-Based Emotion Recognition,"IEEE/CAA J. Automatica Sinica, 2022",journal,10.1109/JAS.2022.105515,https://doi.org/10.1109/jas.2022.105515,none found,NA,yes,SEED / SEED-IV (multimodal),varies,unclear,varies,varies,not verified,discrete,varies,not reported,public,not verified,not verified,not verified,not verified,not verified,not verified,multimodal EEG plus non-EEG representation/features (exact extraction not captured),not verified,unclear,multimodal features,multimodal domain-adaptation variational autoencoder,domain adaptation (multimodal),none,yes,no,not verified,yes,leave-one-subject-out (cross-subject),not verified,none,not verified,unclear,accuracy,multimodal cross-subject (not isolated),not reported,not reported,unclear,not verified,not verified,not verified,yes,mean,"B (transductive, multimodal)",none stated; MULTIMODAL (not EEG-only),some-concerns,"text: cross-subject multimodal SEED 89.64, SEED-IV 73.82","multimodal -> narrative, excluded from EEG-only meta; SEED 89.64/SEED-IV 73.82 (multimodal)",no,yes,yes,"verified-from-full-text (IEEE-top, pdftotext read directly)",2026-06-26 full-text read directly (full-census batch 25)
EEG-0329,Miaoqi Pang; Hongtao Wang; Jiayang Huang; Chi-Man Vong; Zhiqiang Zeng; Chuangquan Chen,2024,Multi-Scale Masked Autoencoders for Cross-Session Emotion Recognition,"IEEE Trans. Neural Systems and Rehabilitation Engineering, 2024",journal,10.1109/TNSRE.2024.3389037,https://doi.org/10.1109/tnsre.2024.3389037,none found,NA,yes,SEED,15,unclear,62,200,film clips,discrete-3class,pos/neu/neg,not reported,public,not verified,not verified,not verified,not verified,not verified,not verified,self-supervised or contrastive EEG representation learned by multi-scale masked autoencoders (input feature details not captured),not verified,unclear,learned self-supervised/contrastive features,multi-scale masked autoencoders,self-supervised masked pretraining + fine-tune (cross-session),none,yes,no,not verified,no (subject-specific cross-session),cross-session (within-subject),not verified,cross-session,not verified,unclear,accuracy,80.86,not reported,not reported,unclear,not verified,not verified,not verified,yes,mean,cross-session (NOT cross-subject),"cross-session within-subject, not cross-subject",some-concerns,text: subject-specific cross-session SEED 80.86 (+9.13% over baseline),"cross-SESSION (subject-specific) NOT cross-subject -> narrative, excluded from cross-subject meta",no,yes,yes,"verified-from-full-text (IEEE-top, pdftotext read directly)",2026-06-26 full-text read directly (full-census batch 25)
EEG-0330,Xiaoqing Gu; Weiwei Cai; Ming Gao; Yizhang Jiang; Xin Ning; Pengjiang Qian,2022,Multi-Source Domain Transfer Discriminative Dictionary Learning Modeling for EEG Emotion Recognition,"IEEE Trans. Computational Social Systems, 2022",journal,10.1109/TCSS.2022.3153660,https://doi.org/10.1109/TCSS.2022.3153660,none found,NA,yes,SEED / DEAP,varies,unclear,varies,varies,not verified,discrete,varies,not reported,public,not verified,not verified,not verified,not verified,not verified,not verified,"subspace, sparse, or dictionary-based EEG representation learned by multi-source transfer discriminative dictionary learning (exact signal features not captured)",not verified,unclear,subspace/dictionary-transfer features,multi-source transfer discriminative dictionary learning,domain adaptation (transductive),none,yes,unclear,not verified,yes,cross-subject (LOSO),not verified,none,not verified,unclear,accuracy,pending PDF-verify,not reported,not reported,unclear,not verified,not verified,not verified,yes,mean,B (transductive-UDA),none stated,some-concerns,text: cross-subject method; proposed absolute accuracy not isolated (improvement deltas / garbled table),PARTIAL - pending visual PDF-table verify; transductive; reports +18.73% SEED / +18.77% DEAP improvement deltas; absolute pending,no,yes,yes,PARTIAL - pending visual PDF-table verify,2026-06-26 full-text read directly (full-census batch 25)
EEG-0331,Xin Deng; Xinyi Hong; LiJiao Ai; Xingchen Li; Chenhui Li,2025,Multi-Source Reinforced Selective Domain Adaptation for Cross-Subject and Cross-Session Emotion Recognition,"IEEE Access, 2025",journal,10.1109/ACCESS.2025.3574515,https://doi.org/10.1109/access.2025.3574515,none found,NA,yes,SEED / SEED-IV,varies,unclear,varies,varies,not verified,discrete,varies,not reported,public,not verified,not verified,not verified,not verified,not verified,not verified,domain-aligned or transfer-learned EEG representation learned by multi-source reinforced selective domain adaptation (exact signal features not captured),not verified,unclear,domain-adaptation/transfer-learned features,multi-source reinforced selective domain adaptation,domain adaptation (transductive),none,yes,unclear,not verified,yes,cross-subject (LOSO),not verified,none,not verified,unclear,accuracy,pending PDF-verify,not reported,not reported,unclear,not verified,not verified,not verified,yes,mean,B (transductive-UDA),none stated,some-concerns,text: cross-subject method; proposed absolute accuracy not isolated (improvement deltas / garbled table),PARTIAL - pending visual PDF-table verify; transductive; reports +20.66% SEED improvement; absolute pending,no,yes,yes,PARTIAL - pending visual PDF-table verify,2026-06-26 full-text read directly (full-census batch 25)
EEG-0332,Deyang Zheng; Tianyi Zhang; Wenming Zheng; Shujian Yu,2026,Multimodal Functional Maximum Correlation for Emotion Recognition (MFMC),"IEEE Trans. Affective Computing, 2026",journal,10.1109/TAFFC.2026.3695876,https://doi.org/10.1109/taffc.2026.3695876,none found,NA,yes,"CEAP-360VR (multimodal, EDA/EEG)",not verified,unclear,not verified,not verified,not verified,dimensional (V/A),varies,not reported,public,not verified,not verified,not verified,not verified,not verified,not verified,multimodal EEG plus non-EEG representation/features (exact extraction not captured),not verified,unclear,multimodal features,multimodal functional maximum correlation (MFMC),none,none,no,no,not verified,yes,subject-independent (+ subject-dependent),not verified,none,not verified,unclear,accuracy,33.1,not reported,not reported,unclear,not verified,not verified,not verified,yes,EDA-alone subject-independent,"A (subject-independent, multimodal/EDA)",none; multimodal/EDA custom dataset,some-concerns,abstract: CEAP-360VR subject-independent 27.5->33.1% (EDA alone); subject-dependent 78.9->86.8%,"multimodal/EDA custom CEAP-360VR; subject-independent 33.1% (EDA alone) -> narrative, not poolable with SEED/DEAP EEG meta",no,yes,yes,"verified-from-full-text (IEEE-top, pdftotext read directly)",2026-06-26 full-text read directly (full-census batch 25)
EEG-0333,not verified,not verified,Multimodal Fusion of Behavioral and Physiological Signals for Enhanced Emotion Recognition,IEEE Journal of Biomedical and Health Informatics,journal,10.1109/JBHI.2025.3597398,https://doi.org/10.1109/JBHI.2025.3597398,none found,NA,yes,DEAP / multimodal,varies,unclear,varies,varies,not verified,discrete,varies,not reported,public,not verified,not verified,not verified,not verified,not verified,not verified,multimodal EEG plus non-EEG representation/features (exact extraction not captured),not verified,unclear,multimodal features,multimodal behavioral + physiological fusion,domain adaptation (multimodal),none,yes,no,not verified,yes,leave-one-subject-out (cross-subject),not verified,none,not verified,unclear,accuracy,multimodal cross-subject (not isolated),not reported,not reported,unclear,not verified,not verified,not verified,yes,mean,"B (transductive, multimodal)",none stated; MULTIMODAL (not EEG-only),some-concerns,PROTO: LOSO + subject-dependent multimodal behavioral+physiological,"multimodal -> narrative, excluded from EEG-only meta; number not isolated",no,yes,yes,"verified-from-full-text (IEEE-top, pdftotext read directly)",2026-06-26 full-text read directly (full-census batch 25)
EEG-0334,Magdiel Jimenez-Guarneros; Gibran Fuentes-Pineda; Jonas Grande-Barreto,2025,Multimodal Semi-Supervised Domain Adaptation Using Cross-Modal Learning and Joint Distribution,"IEEE Trans. Instrumentation and Measurement, 2025",journal,10.1109/TIM.2025.3551924,https://doi.org/10.1109/TIM.2025.3551924,none found,NA,yes,"SEED-IV (multimodal, cross-session)",varies,unclear,varies,varies,not verified,discrete,varies,not reported,public,not verified,not verified,not verified,not verified,not verified,not verified,multimodal EEG plus non-EEG representation/features (exact extraction not captured),not verified,unclear,multimodal features,multimodal semi-supervised cross-modal DA,domain adaptation (multimodal),none,yes,no,not verified,yes,leave-one-subject-out (cross-subject),not verified,none,not verified,unclear,accuracy,92.50-96.13 (cross-session multimodal),not reported,not reported,unclear,not verified,not verified,not verified,yes,mean,"B (transductive, multimodal)",none stated; MULTIMODAL (not EEG-only),some-concerns,text: SEED-IV 92.50-96.13 across sessions (cross-session multimodal),"multimodal -> narrative, excluded from EEG-only meta; SEED-IV 92.50-96.13 (cross-session multimodal)",no,yes,yes,"verified-from-full-text (IEEE-top, pdftotext read directly)",2026-06-26 full-text read directly (full-census batch 25)
EEG-0335,Minxu Liu; Donghai Guan; Chuhang Zheng; Qi Zhu,2025,Multimodal Discriminative Network for Emotion Recognition Across Individuals,"IEEE Trans. Cognitive and Developmental Systems, 2025",journal,10.1109/TCDS.2025.3552124,https://doi.org/10.1109/tcds.2025.3552124,none found,NA,yes,SEED / SEED-IV / SEED-V / DEAP (multimodal),varies,unclear,varies,varies,not verified,discrete,varies,not reported,public,not verified,not verified,not verified,not verified,not verified,not verified,multimodal EEG plus non-EEG representation/features (exact extraction not captured),not verified,unclear,multimodal features,multimodal discriminative network,domain adaptation (multimodal),none,yes,no,not verified,yes,leave-one-subject-out (cross-subject),not verified,none,not verified,unclear,accuracy,multimodal cross-subject (not isolated),not reported,not reported,unclear,not verified,not verified,not verified,yes,mean,"B (transductive, multimodal)",none stated; MULTIMODAL (not EEG-only),some-concerns,text: cross-subject reductions up to 10.72% SEED / 18.07% SEED-IV / 17.87% SEED-V / 10.10% DEAP-V (improvement deltas),"multimodal -> narrative, excluded from EEG-only meta; improvement deltas (SEED/SEED-IV/SEED-V/DEAP); absolute not isolated",no,yes,yes,"verified-from-full-text (IEEE-top, pdftotext read directly)",2026-06-26 full-text read directly (full-census batch 25)
EEG-0336,Zhihe Lyu; Zhihan Zuo; Chen Chen; Yuchun Fang,2025,Mutual Information Disentanglement Based Domain Adaptation Model for EEG Emotion Recognition,"IEEE Signal Processing Letters, 2025",journal,10.1109/LSP.2025.3592105,https://doi.org/10.1109/lsp.2025.3592105,none found,NA,yes,SEED,15,unclear,62,200,film clips,discrete-3class,pos/neu/neg,not reported,public,not verified,not verified,not verified,not verified,not verified,not verified,domain-aligned or transfer-learned EEG representation learned by mutual-information disentanglement domain adaptation (exact signal features not captured),not verified,unclear,domain-adaptation/transfer-learned features,mutual-information disentanglement domain adaptation,"domain adaptation (disentanglement, target domain)",none,yes,no,not verified,yes,cross-subject / cross-dataset (SEED as target),not verified,none,not verified,unclear,accuracy,90.38,not reported,not reported,unclear,not verified,not verified,not verified,yes,mean,B (transductive-UDA),none (transductive),some-concerns,"text: our method 90.38% (SEED, lowest deviation noted but value not isolated); highest gain +11.39%",cross-subject SEED 90.38 high-end transductive; SD noted as 'lowest' but value not isolated -> narrative,no,yes,yes,"verified-from-full-text (IEEE-top, pdftotext read directly)",2026-06-26 full-text read directly (full-census batch 25)
EEG-0337,Dongdong Li; Shengyao Huang; Li Xie; Zhe Wang; Jiazhen Xu,2025,Neuron Perception Inspired EEG Emotion Recognition With Parallel Contrastive Learning,"IEEE Trans. Neural Networks and Learning Systems, 2025",journal,10.1109/TNNLS.2025.3546283,https://doi.org/10.1109/tnnls.2025.3546283,none found,NA,yes,SEED / SEED-IV,varies,unclear,varies,varies,not verified,discrete,varies,not reported,public,not verified,not verified,not verified,not verified,not verified,not verified,self-supervised or contrastive EEG representation learned by neuron-perception parallel contrastive learning (input feature details not captured),not verified,unclear,learned self-supervised/contrastive features,neuron-perception parallel contrastive learning,domain adaptation (transductive),none,yes,unclear,not verified,yes,cross-subject (LOSO),not verified,none,not verified,unclear,accuracy,pending PDF-verify,not reported,not reported,unclear,not verified,not verified,not verified,yes,mean,B (transductive-UDA),none stated,some-concerns,text: cross-subject method; proposed cross-subject accuracy not isolated (deltas/garbled/subject-dep mixed),PARTIAL - pending visual PDF-table verify; LOSO transductive; number pending,no,yes,yes,PARTIAL - pending visual PDF-table verify,2026-06-26 full-text read directly (full-census batch 26)
EEG-0338,Nalini Pusarla; Anurag Singh; Shrivishal Tripathi,2022,Normal Inverse Gaussian Features for EEG-Based Automatic Emotion Recognition,"IEEE Trans. Instrumentation and Measurement, 2022",journal,10.1109/TIM.2022.3205894,https://doi.org/10.1109/tim.2022.3205894,none found,NA,yes,DEAP,32,unclear,32,128,music-video clips,dimensional (V/A),binary,not reported,public,not verified,not verified,not verified,not verified,not verified,not verified,normal-inverse-Gaussian EEG distribution features (parameters not captured),not verified,unclear,statistical distribution features,normal-inverse-Gaussian features + classifier,none,none,no,no,not verified,claimed CSV (near-ceiling),CV + cross-subject validation (CSV),not verified,none,not verified,unclear,accuracy,94.87,not reported,not reported,unclear,not verified,not verified,not verified,yes,best (CSV),ambiguous (cross-subject 93-95% near-ceiling),LEAKAGE SUSPECT: cross-subject SEED 93.23/DEAP 94.87/SEED-IV 95.58 implausible (DEAP CSV 94.87),high,"abstract: CV 97.3/98/98.6; cross-subject (CSV) SEED 93.23, DEAP 94.87, SEED-IV 95.58 -> DEAP CSV 94.87 far above field","cross-subject (CSV) DEAP 94.87 / SEED-IV 95.58 near-ceiling -> leakage suspect, narrative exhibit, excluded from meta",no,yes,yes,"verified-from-full-text (IEEE-top, pdftotext read directly)",2026-06-26 full-text read directly (full-census batch 26)
EEG-0338,Nalini Pusarla; Anurag Singh; Shrivishal Tripathi,2022,Normal Inverse Gaussian Features for EEG-Based Automatic Emotion Recognition,"IEEE Trans. Instrumentation and Measurement, 2022",journal,10.1109/TIM.2022.3205894,https://doi.org/10.1109/tim.2022.3205894,none found,NA,yes,SEED,15,unclear,62,200,film clips,discrete-3class,pos/neu/neg,not reported,public,not verified,not verified,not verified,not verified,not verified,not verified,normal-inverse-Gaussian EEG distribution features (parameters not captured),not verified,unclear,statistical distribution features,normal-inverse-Gaussian features + classifier,none,none,no,no,not verified,claimed CSV (near-ceiling),CV + cross-subject validation (CSV),not verified,none,not verified,unclear,accuracy,93.23,not reported,not reported,unclear,not verified,not verified,not verified,yes,mean,ambiguous (cross-subject 93-95% near-ceiling),LEAKAGE SUSPECT: cross-subject SEED 93.23/DEAP 94.87/SEED-IV 95.58 implausible (DEAP CSV 94.87),high,"abstract: CV 97.3/98/98.6; cross-subject (CSV) SEED 93.23, DEAP 94.87, SEED-IV 95.58 -> DEAP CSV 94.87 far above field","cross-subject (CSV) DEAP 94.87 / SEED-IV 95.58 near-ceiling -> leakage suspect, narrative exhibit, excluded from meta",no,yes,no,"verified-from-full-text (IEEE-top, pdftotext read directly)",2026-06-26 full-text read directly (full-census batch 26)
EEG-0339,Ming Jin; Changde Du; Huiguang He; Ting Cai; Jinpeng Li,2024,PGCN: Pyramidal Graph Convolutional Network for EEG Emotion Recognition,"IEEE Trans. Multimedia, 2024",journal,10.1109/TMM.2024.3385676,https://doi.org/10.1109/tmm.2024.3385676,none found,NA,yes,SEED / SEED-IV,varies,unclear,varies,varies,not verified,discrete,varies,not reported,public,not verified,not verified,not verified,not verified,not verified,not verified,graph/spatial EEG representation learned by pyramidal graph convolutional network (PGCN) (input feature details not captured),not verified,unclear,graph/deep spatial features,pyramidal graph convolutional network (PGCN),domain adaptation (transductive),none,yes,unclear,not verified,yes,cross-subject (LOSO),not verified,none,not verified,unclear,accuracy,pending PDF-verify,not reported,not reported,unclear,not verified,not verified,not verified,yes,mean,B (transductive-UDA),none stated,some-concerns,text: cross-subject method; proposed cross-subject accuracy not isolated (deltas/garbled/subject-dep mixed),PARTIAL - pending visual PDF-table verify; SEED 96.93/SEED-IV 82.24 (improvement-range high end) appear subject-DEPENDENT; subject-independent cross-subject cell needs visual read,no,yes,yes,PARTIAL - pending visual PDF-table verify,2026-06-26 full-text read directly (full-census batch 26)
EEG-0340,Rushuang Zhou; Zhiguo Zhang; Hong Fu; Li Zhang; Linling Li; Gan Huang; Yining Dong; Fali Li; Xin Yang; Zhen Liang,2023,PR-PL: A Novel Prototypical Representation Based Pairwise Learning Framework for Emotion Recognition,"IEEE Trans. Affective Computing, 2023",journal,10.1109/TAFFC.2023.3288118,https://doi.org/10.1109/TAFFC.2023.3288118,none found,NA,yes,SEED,15,unclear,62,200,film clips,discrete-3class,pos/neu/neg,not reported,public,not verified,not verified,not verified,not verified,not verified,not verified,graph/spatial EEG representation learned by prototypical representation pairwise learning (PR-PL) (input feature details not captured),not verified,unclear,graph/deep spatial features,prototypical representation pairwise learning (PR-PL),prototypical pairwise learning (unsupervised + semi-supervised settings),none,yes (unlabeled target data; adjudicated),no (unlabeled target only; adjudicated),not verified,yes,leave-one-subject-out (cross-subject),not verified,none,not verified,unclear,accuracy,85.56,4.78,not reported,unclear,mean+-SD,not verified,not verified,yes,unsupervised (no target labels),B (transductive-UDA; adjudicated),none (transductive disclosed),some-concerns,"text: UNSUPERVISED cross-subject SEED 85.56/4.78, SEED-IV 74.92/7.92; semi-supervised SEED 93.18/6.55 (or 94.84/9.16 vs RGNN), SEED-IV 74.62/14.15-83.33/10.61; Adjudicator: Table VI","multiple settings; UNSUPERVISED transductive (no target labels) SEED 85.56/4.78 = honest cross-subject -> meta primary; semi-supervised 93.18/6.55 noted (protocol F, target labels); Adjudicator decision=pool-with-cross-subject; 93.18/6.55 is for within subject cross session only - pool-with-cross-subject",yes,yes,yes,"verified-from-full-text (IEEE-top, pdftotext read directly)",2026-06-26 full-text read directly (full-census batch 26); adjudicator decision applied 2026-07-04
EEG-0340,Rushuang Zhou; Zhiguo Zhang; Hong Fu; Li Zhang; Linling Li; Gan Huang; Yining Dong; Fali Li; Xin Yang; Zhen Liang,2023,PR-PL: A Novel Prototypical Representation Based Pairwise Learning Framework for Emotion Recognition,"IEEE Trans. Affective Computing, 2023",journal,10.1109/TAFFC.2023.3288118,https://doi.org/10.1109/TAFFC.2023.3288118,none found,NA,yes,SEED-IV,15,unclear,62,200,movie clips,discrete-4class,happy/sad/fear/neu,not reported,public,not verified,not verified,not verified,not verified,not verified,not verified,graph/spatial EEG representation learned by prototypical representation pairwise learning (PR-PL) (input feature details not captured),not verified,unclear,graph/deep spatial features,prototypical representation pairwise learning (PR-PL),prototypical pairwise learning (unsupervised + semi-supervised settings),none,yes (unlabeled target data; adjudicated),no (unlabeled target only; adjudicated),not verified,yes,leave-one-subject-out (cross-subject),not verified,none,not verified,unclear,accuracy,74.92,7.92,not reported,unclear,mean+-SD,not verified,not verified,yes,unsupervised (no target labels),B (transductive-UDA; adjudicated),none (transductive disclosed),some-concerns,"text: UNSUPERVISED cross-subject SEED 85.56/4.78, SEED-IV 74.92/7.92; semi-supervised SEED 93.18/6.55 (or 94.84/9.16 vs RGNN), SEED-IV 74.62/14.15-83.33/10.61; Adjudicator: Table VII","multiple settings; UNSUPERVISED transductive (no target labels) SEED 85.56/4.78 = honest cross-subject -> meta primary; semi-supervised 93.18/6.55 noted (protocol F, target labels); Adjudicator decision=pool-with-cross-subject; 74.62/14.15 is for  within subject cross session only - pool-with-cross-subject",yes,yes,yes,"verified-from-full-text (IEEE-top, pdftotext read directly)",2026-06-26 full-text read directly (full-census batch 26); adjudicator decision applied 2026-07-04
EEG-0341,Huayu Chen; Shuting Sun; Jianxiu Li; Ruilan Yu; Nan Li; Xiaowei Li; Bin Hu,2023,Personal-Zscore: Eliminating Individual Difference for EEG-Based Cross-Subject Emotion Recognition,"IEEE Trans. Affective Computing, 2023",journal,10.1109/TAFFC.2021.3137857,https://doi.org/10.1109/taffc.2021.3137857,none found,NA,yes,SEED / SEED-IV,varies,unclear,varies,varies,not verified,discrete,varies,not reported,public,not verified,not verified,not verified,not verified,not verified,not verified,domain-aligned or transfer-learned EEG representation learned by personal-Zscore normalization (individual-difference elimination) (exact signal features not captured),not verified,unclear,domain-adaptation/transfer-learned features,personal-Zscore normalization (individual-difference elimination),domain adaptation (transductive),none,yes,unclear,not verified,yes,cross-subject (LOSO),not verified,none,not verified,unclear,accuracy,pending PDF-verify,not reported,not reported,unclear,not verified,not verified,not verified,yes,mean,B (transductive-UDA),none stated,some-concerns,text: cross-subject method; proposed cross-subject accuracy not isolated (deltas/garbled/subject-dep mixed),PARTIAL - pending visual PDF-table verify; LOSO transductive normalization method; absolute accuracy not isolated,no,yes,yes,PARTIAL - pending visual PDF-table verify,2026-06-26 full-text read directly (full-census batch 26)
EEG-0342,Xuan Zhang; Wang Zheng; Hongxin Cai; Zhigang Li; Yi Yang; Weijia Liu; Junru Zhu; Jingyu Liu; Bin Hu; Qunxi Dong,2026,Prompt-Guided Domain Generalization for EEG Emotion Recognition,"IEEE Trans. Affective Computing, 2026",journal,10.1109/TAFFC.2026.3658346,https://doi.org/10.1109/taffc.2026.3658346,none found,NA,yes,SEED,15,unclear,62,200,film clips,discrete-3class,pos/neu/neg,not reported,public,not verified,not verified,not verified,not verified,not verified,not verified,prompt-guided domain-generalized EEG representation (exact input features not captured),not verified,unclear,prompt-guided domain-generalized features,prompt-guided domain generalization,"domain generalization (prompt-guided, no target)",none,no,no,not verified,yes,leave-one-subject-out (domain generalization),not verified,none,not verified,unclear,accuracy,89.63,not reported,not reported,unclear,not verified,not verified,not verified,yes,mean,K (domain generalization),none (DG),some-concerns,text: DG SEED 89.63/89.88 (+25.13% over Model 2),domain generalization SEED ~89.63-89.88 high-end; no SD surfaced -> narrative,no,yes,yes,"verified-from-full-text (IEEE-top, pdftotext read directly)",2026-06-26 full-text read directly (full-census batch 26)
EEG-0343,Yi Yang; Chenxi Sun; Ruoning Lyu; Jiaqi Wang; Ze Wang; Xun Chen; Chin-Teng Lin; Tzyy-Ping Jung; Feng Wan,2026,Prototypical Contrastive Learning With Temporal Dynamic Graph Convolutional Network for EEG Emotion Recognition,"IEEE Trans. Affective Computing, 2026",journal,10.1109/TAFFC.2026.3671020,https://doi.org/10.1109/taffc.2026.3671020,none found,NA,yes,SEED,15,unclear,62,200,film clips,discrete-3class,pos/neu/neg,not reported,public,not verified,not verified,not verified,not verified,not verified,not verified,graph/spatial EEG representation learned by prototypical contrastive + temporal dynamic GCN (input feature details not captured),not verified,unclear,graph/deep spatial features,prototypical contrastive + temporal dynamic GCN,"domain adaptation (transductive, target domain)",none,yes,no,not verified,yes,cross-subject (transductive),not verified,none,not verified,unclear,accuracy,97.61,8.1,not reported,unclear,mean+-SD (paired t-tests),not verified,not verified,yes,mean,B (transductive-UDA),none (transductive); SEED 97.61 near-ceiling high-end (very large SD 8.10),some-concerns,"text: transductive SEED 97.61/8.10, SEED-IV 86.31/11.10, HIED 85.85/15.52; second setting SEED-IV 84.02/9.49",SEED 97.61/8.10 very high-end near-ceiling (large SD) -> meta but prominently flagged outlier; SEED-IV 86.31/11.10,yes,yes,yes,"verified-from-full-text (IEEE-top, pdftotext read directly)",2026-06-26 full-text read directly (full-census batch 26)
EEG-0343,Yi Yang; Chenxi Sun; Ruoning Lyu; Jiaqi Wang; Ze Wang; Xun Chen; Chin-Teng Lin; Tzyy-Ping Jung; Feng Wan,2026,Prototypical Contrastive Learning With Temporal Dynamic Graph Convolutional Network for EEG Emotion Recognition,"IEEE Trans. Affective Computing, 2026",journal,10.1109/TAFFC.2026.3671020,https://doi.org/10.1109/taffc.2026.3671020,none found,NA,yes,SEED-IV,15,unclear,62,200,movie clips,discrete-4class,happy/sad/fear/neu,not reported,public,not verified,not verified,not verified,not verified,not verified,not verified,graph/spatial EEG representation learned by prototypical contrastive + temporal dynamic GCN (input feature details not captured),not verified,unclear,graph/deep spatial features,prototypical contrastive + temporal dynamic GCN,"domain adaptation (transductive, target domain)",none,yes,no,not verified,yes,cross-subject (transductive),not verified,none,not verified,unclear,accuracy,86.31,11.1,not reported,unclear,mean+-SD (paired t-tests),not verified,not verified,yes,mean,B (transductive-UDA),none (transductive); SEED 97.61 near-ceiling high-end (very large SD 8.10),some-concerns,"text: transductive SEED 97.61/8.10, SEED-IV 86.31/11.10, HIED 85.85/15.52; second setting SEED-IV 84.02/9.49",SEED 97.61/8.10 very high-end near-ceiling (large SD) -> meta but prominently flagged outlier; SEED-IV 86.31/11.10,yes,yes,no,"verified-from-full-text (IEEE-top, pdftotext read directly)",2026-06-26 full-text read directly (full-census batch 26)
EEG-0344,Yici Liu; Xin Chen; Regine Le Bouquin Jeannes; Jean Louis Coatrieux; Huazhong Shu; Yuanyuan Shang,2026,Q-RoFormer: Quaternion Rotation-Based Transformer for Cross-Subject EEG Emotion Recognition,"IEEE Trans. Affective Computing, 2026",journal,10.1109/TAFFC.2026.3661552,https://doi.org/10.1109/taffc.2026.3661552,none found,NA,yes,SEED,15,unclear,62,200,film clips,discrete-3class,pos/neu/neg,not reported,public,not verified,not verified,not verified,not verified,not verified,not verified,attention/transformer EEG representation learned by quaternion rotation-based transformer (Q-RoFormer) (input feature details not captured),not verified,unclear,learned attention/transformer features,quaternion rotation-based transformer (Q-RoFormer),domain adaptation + fine-tune (target data),none,yes,no,not verified,yes,leave-one-subject-out (cross-subject),not verified,none,not verified,unclear,accuracy,93.47,not reported,not reported,unclear,not verified,not verified,not verified,yes,mean,B (transductive-UDA),none (transductive),some-concerns,"text: improved cross-subject SEED 93.47, SEED-IV 79.12 (second-best SEED 92.27/SEED-IV 79.12)",cross-subject SEED 93.47 high-end transductive; no SD surfaced -> narrative,no,yes,yes,"verified-from-full-text (IEEE-top, pdftotext read directly)",2026-06-26 full-text read directly (full-census batch 26)
EEG-0344,Yici Liu; Xin Chen; Regine Le Bouquin Jeannes; Jean Louis Coatrieux; Huazhong Shu; Yuanyuan Shang,2026,Q-RoFormer: Quaternion Rotation-Based Transformer for Cross-Subject EEG Emotion Recognition,"IEEE Trans. Affective Computing, 2026",journal,10.1109/TAFFC.2026.3661552,https://doi.org/10.1109/taffc.2026.3661552,none found,NA,yes,SEED-IV,15,unclear,62,200,movie clips,discrete-4class,happy/sad/fear/neu,not reported,public,not verified,not verified,not verified,not verified,not verified,not verified,attention/transformer EEG representation learned by quaternion rotation-based transformer (Q-RoFormer) (input feature details not captured),not verified,unclear,learned attention/transformer features,quaternion rotation-based transformer (Q-RoFormer),domain adaptation + fine-tune (target data),none,yes,no,not verified,yes,leave-one-subject-out (cross-subject),not verified,none,not verified,unclear,accuracy,79.12,not reported,not reported,unclear,not verified,not verified,not verified,yes,mean,B (transductive-UDA),none (transductive),some-concerns,"text: improved cross-subject SEED 93.47, SEED-IV 79.12 (second-best SEED 92.27/SEED-IV 79.12)",cross-subject SEED 93.47 high-end transductive; no SD surfaced -> narrative,no,yes,no,"verified-from-full-text (IEEE-top, pdftotext read directly)",2026-06-26 full-text read directly (full-census batch 26)
EEG-0345,Huayu Chen; Xiaowei Li; Xuexiao Shao; Huanhuan He; Junxiang Li; Jing Zhu; Shuting Sun; Bin Hu,2026,Quantifying Emotional Patterns for EEG-Based Emotion Recognition: An Interpretable Study,"IEEE Trans. Affective Computing, 2026",journal,10.1109/TAFFC.2025.3614727,https://doi.org/10.1109/TAFFC.2025.3614727,none found,NA,yes,SEED / SEED-IV,varies,unclear,varies,varies,not verified,discrete,varies,not reported,public,not verified,not verified,not verified,not verified,not verified,not verified,domain-aligned or transfer-learned EEG representation learned by interpretable emotional-pattern quantification (exact signal features not captured),not verified,unclear,domain-adaptation/transfer-learned features,interpretable emotional-pattern quantification,domain adaptation (transductive),none,yes,unclear,not verified,yes,cross-subject (LOSO),not verified,none,not verified,unclear,accuracy,pending PDF-verify,not reported,not reported,unclear,not verified,not verified,not verified,yes,mean,B (transductive-UDA),none stated,some-concerns,text: cross-subject method; proposed cross-subject accuracy not isolated (deltas/garbled/subject-dep mixed),PARTIAL - pending visual PDF-table verify; 89.23/1.93 (tight SD) own-vs-cited and subject-dep-vs-cross-subject unclear; verify,no,yes,yes,PARTIAL - pending visual PDF-table verify,2026-06-26 full-text read directly (full-census batch 26)
EEG-0346,Oscar Almanza-Conejo; Juan Gabriel Avina-Cervantes; Arturo Garcia-Perez; Mario Alberto Ibarra-Manzano,2025,REGEEG: A Regression-Based EEG Signal Processing in Emotion Recognition,"IEEE J. Biomedical and Health Informatics, 2025",journal,10.1109/JBHI.2025.3543729,https://doi.org/10.1109/jbhi.2025.3543729,none found,NA,yes,DEAP / SEED,varies,unclear,varies,varies,not verified,dimensional (regression),continuous,not reported,public,not verified,not verified,not verified,not verified,not verified,not verified,model-based or regression EEG representation learned by regression-based EEG emotion (REGEEG) (exact input features not captured),not verified,unclear,model-based/regression EEG features,regression-based EEG emotion (REGEEG),none,none,no,no,not verified,mixed (LOSO + subject-dependent),LOSO + subject-dependent (regression),not verified,none,not verified,unclear,regression/accuracy,regression LOSO (not isolated),not reported,not reported,unclear,not verified,not verified,not verified,yes,mean,"A (regression, mixed)",none stated,some-concerns,PROTO: LOSO + subject-dependent regression-based emotion; specific accuracy/error not isolated,"regression-based (not accuracy); LOSO+subject-dependent -> narrative, not poolable; number not isolated",no,yes,yes,"verified-from-full-text (IEEE-top, pdftotext read directly)",2026-06-26 full-text read directly (full-census batch 26)
EEG-0347,Zhongli Bai; Fazheng Hou; Kaixuan Sun; Qingzhou Wu; Mu Zhu; Zemin Mao; Yu Song; Qiang Gao,2023,SECT: A Method of Shifted EEG Channel Transformer for Emotion Recognition,"IEEE J. Biomedical and Health Informatics, 2023, 27(10) (likely dup of EEG-0111)",journal,10.1109/JBHI.2023.3301993,https://doi.org/10.1109/jbhi.2023.3301993,none found,NA,yes,SEED,15,unclear,62,200,film clips,discrete-3class,pos/neu/neg,not reported,public,not verified,not verified,not verified,not verified,not verified,not verified,attention/transformer EEG representation learned by shifted EEG channel transformer (SECT) (input feature details not captured),not verified,unclear,learned attention/transformer features,shifted EEG channel transformer (SECT),none stated,none,unclear,unclear,not verified,unclear (labeled subject-dependent but values cross-subject-plausible),unclear,not verified,none,not verified,unclear,accuracy,85.43,not reported,not reported,unclear,not verified,not verified,not verified,yes,mean,ambiguous (protocol not explicit),protocol ambiguity,some-concerns,"text: SEED 3-class 85.43, DEAP valence 66.83, arousal 65.31 (values consistent with cross-subject, but PROTO labeled subject-dependent)","SEED 85.43/DEAP 66.83 values look cross-subject-plausible but protocol labeled subject-dependent -> narrative, no SD; flag protocol",no,yes,yes,"verified-from-full-text (IEEE-top, pdftotext read directly)",2026-06-26 full-text read directly (full-census batch 26)
EEG-0347,Zhongli Bai; Fazheng Hou; Kaixuan Sun; Qingzhou Wu; Mu Zhu; Zemin Mao; Yu Song; Qiang Gao,2023,SECT: A Method of Shifted EEG Channel Transformer for Emotion Recognition,"IEEE J. Biomedical and Health Informatics, 2023, 27(10) (likely dup of EEG-0111)",journal,10.1109/JBHI.2023.3301993,https://doi.org/10.1109/jbhi.2023.3301993,none found,NA,yes,DEAP,32,unclear,32,128,music-video clips,dimensional-valence,high/low valence,not reported,public,not verified,not verified,not verified,not verified,not verified,not verified,attention/transformer EEG representation learned by shifted EEG channel transformer (SECT) (input feature details not captured),not verified,unclear,learned attention/transformer features,shifted EEG channel transformer (SECT),none stated,none,unclear,unclear,not verified,unclear (labeled subject-dependent but values cross-subject-plausible),unclear,not verified,none,not verified,unclear,accuracy,66.83,not reported,not reported,unclear,not verified,not verified,not verified,yes,mean,ambiguous (protocol not explicit),protocol ambiguity,some-concerns,"text: SEED 3-class 85.43, DEAP valence 66.83, arousal 65.31 (values consistent with cross-subject, but PROTO labeled subject-dependent)","SEED 85.43/DEAP 66.83 values look cross-subject-plausible but protocol labeled subject-dependent -> narrative, no SD; flag protocol",no,yes,no,"verified-from-full-text (IEEE-top, pdftotext read directly)",2026-06-26 full-text read directly (full-census batch 26)
EEG-0348,Wenjie Rao; Sheng-hua Zhong; Zhi Zhang; Yan Liu,2026,SEmotion: Knowledge-Guided Sigmoid-Constrained Network for EEG-Based Emotion Recognition,"IEEE Trans. Computational Social Systems, 2026",journal,10.1109/TCSS.2025.3625747,https://doi.org/10.1109/tcss.2025.3625747,none found,NA,yes,SEED-IV,15,unclear,62,200,movie clips,discrete-4class,happy/sad/fear/neu,not reported,public,not verified,not verified,not verified,not verified,not verified,not verified,domain-aligned or transfer-learned EEG representation learned by knowledge-guided sigmoid-constrained network (SEmotion) (exact signal features not captured),not verified,unclear,domain-adaptation/transfer-learned features,knowledge-guided sigmoid-constrained network (SEmotion),domain adaptation (target domain),none,yes,no,not verified,yes,cross-subject (LOSO),not verified,none,not verified,unclear,accuracy,64.11,not reported,not reported,unclear,not verified,not verified,not verified,yes,mean,B (transductive-UDA),none (transductive),some-concerns,text: SEED-IV cross-subject 64.11% (+2.68% over baseline),cross-subject SEED-IV 64.11 honest mid-range; SEED value not isolated; no SD -> narrative,no,yes,yes,"verified-from-full-text (IEEE-top, pdftotext read directly)",2026-06-26 full-text read directly (full-census batch 26)
EEG-0349,Shuwei Zhang; Jiqing Zhang; Xinning Wang; Peigen Yang; Bo Dong; Xiaopeng Wei; Xin Yang,2026,ST-SNN-DSFE: A Spatio-Temporal Hybrid (Spiking) Network for EEG-Based Emotion Recognition,"IEEE Trans. Affective Computing, 2026",journal,10.1109/TAFFC.2026.3697884,https://doi.org/10.1109/taffc.2026.3697884,none found,NA,yes,SEED / DEAP,varies,unclear,varies,varies,not verified,mixed,varies,not reported,public,not verified,not verified,not verified,not verified,not verified,not verified,learned EEG representation from spatio-temporal spiking neural network (ST-SNN-DSFE) (exact input features not captured),not verified,unclear,learned deep EEG features,spatio-temporal spiking neural network (ST-SNN-DSFE),none,none,no,no,not verified,no (subject-dependent),subject-dependent (within-subject),not verified,none,not verified,unclear,accuracy,subject-dependent (not poolable),not reported,not reported,unclear,not verified,not verified,not verified,yes,mean,subject-dependent (out-of-scope for cross-subject meta),subject-dependent (not cross-subject),some-concerns,PROTO: spatio-temporal spiking net evaluated subject-dependent; not a cross-subject generalization result,"subject-dependent spiking-NN -> narrative only, not cross-subject",no,yes,yes,verified-from-full-text (pdftotext read directly),"2026-06-26 full-text read directly (full-census batch 27, FINAL old-queue)"
EEG-0350,Xinyu Cui; Xiaowei Li; Jing Zhu; Bin Hu,2025,STRAViT: A Spatial-Temporal Feature-Reshaped Agent Vision Transformer for EEG-Based Emotion Recognition,IEEE Transactions on Instrumentation and Measurement,journal,10.1109/TIM.2026.3701192,https://doi.org/10.1109/TIM.2026.3701192,none found,NA,yes,SEED,15,unclear,62,200,film clips,discrete-3class,pos/neu/neg,not reported,public,not verified,not verified,not verified,not verified,not verified,not verified,attention/transformer EEG representation learned by spatial-temporal feature-reshaped agent vision transformer (STRAViT) (input feature details not captured),not verified,unclear,learned attention/transformer features,spatial-temporal feature-reshaped agent vision transformer (STRAViT),none (representation learning),none,no,no,not verified,yes,leave-one-subject-out (LOSO),not verified,none,not verified,unclear,accuracy,87.2,5.7,not reported,unclear,mean+-SD,not verified,not verified,yes,mean,"A (inductive LOSO, no target)",none (LOSO inductive); subject-dependent 98.7/95.5 reported separately (NOT cross-subject),low,"text L1202: subject-independent (LOSO) SEED 87.2+-5.7, SEED-IV 72.5+-6.6; subject-dependent SEED 98.7+-3.0 / SEED-IV 95.5+-6.1 (separate, not cross-subject)","subject-independent LOSO SEED 87.2/5.7, SEED-IV 72.5/6.6 = honest cross-subject -> meta; subject-dependent 98.7/95.5 narrative-only (do not pool)",yes,yes,yes,verified-from-full-text (pdftotext read directly),"2026-06-26 full-text read directly (full-census batch 27, FINAL old-queue); published-version metadata updated 2026-06-28; source: Crossref DOI record"
EEG-0350,Xinyu Cui; Xiaowei Li; Jing Zhu; Bin Hu,2025,STRAViT: A Spatial-Temporal Feature-Reshaped Agent Vision Transformer for EEG-Based Emotion Recognition,IEEE Transactions on Instrumentation and Measurement,journal,10.1109/TIM.2026.3701192,https://doi.org/10.1109/TIM.2026.3701192,none found,NA,yes,SEED-IV,15,unclear,62,200,movie clips,discrete-4class,happy/sad/fear/neu,not reported,public,not verified,not verified,not verified,not verified,not verified,not verified,attention/transformer EEG representation learned by spatial-temporal feature-reshaped agent vision transformer (STRAViT) (input feature details not captured),not verified,unclear,learned attention/transformer features,spatial-temporal feature-reshaped agent vision transformer (STRAViT),none (representation learning),none,no,no,not verified,yes,leave-one-subject-out (LOSO),not verified,none,not verified,unclear,accuracy,72.5,6.6,not reported,unclear,mean+-SD,not verified,not verified,yes,mean,"A (inductive LOSO, no target)",none (LOSO inductive); subject-dependent 98.7/95.5 reported separately (NOT cross-subject),low,"text L1202: subject-independent (LOSO) SEED 87.2+-5.7, SEED-IV 72.5+-6.6; subject-dependent SEED 98.7+-3.0 / SEED-IV 95.5+-6.1 (separate, not cross-subject)","subject-independent LOSO SEED 87.2/5.7, SEED-IV 72.5/6.6 = honest cross-subject -> meta; subject-dependent 98.7/95.5 narrative-only (do not pool)",yes,yes,no,verified-from-full-text (pdftotext read directly),"2026-06-26 full-text read directly (full-census batch 27, FINAL old-queue); published-version metadata updated 2026-06-28; source: Crossref DOI record"
EEG-0351,Fo Hu; Kailun He; Can Wang; Qinxu Zheng; Bin Zhou; Gang Li; Yu Sun,2026,STRFLNet: Spatio-Temporal Representation Fusion Learning Network for EEG-Based Emotion Recognition,"IEEE Trans. Affective Computing, 2026",journal,10.1109/TAFFC.2025.3611173,https://doi.org/10.1109/taffc.2025.3611173,none found,NA,yes,SEED / SEED-IV,varies,unclear,varies,varies,not verified,discrete,varies,not reported,public,not verified,not verified,not verified,not verified,not verified,not verified,temporal or spatiotemporal EEG representation learned by spatio-temporal representation fusion learning network (STRFLNet) (exact input features not captured),not verified,unclear,learned temporal/spatiotemporal features,spatio-temporal representation fusion learning network (STRFLNet),none stated,none,yes,unclear,not verified,yes,cross-subject (LOSO),not verified,none,not verified,unclear,accuracy,pending PDF-verify,not reported,not reported,unclear,not verified,not verified,not verified,yes,mean,B (transductive-UDA),none stated,some-concerns,text: cross-subject method; proposed cross-subject accuracy not isolated (deltas/garbled/cited mixed),PARTIAL - pending visual PDF-table verify; cross-subject cell not isolated; PDF-verify,no,yes,yes,PARTIAL - pending visual PDF-table verify,"2026-06-26 full-text read directly (full-census batch 27, FINAL old-queue)"
EEG-0352,Yong Peng; Wanzeng Kong; Feiwei Qin; Feiping Nie; Jinglong Fang; Bao-Liang Lu; Andrzej Cichocki,2021,Self-Weighted Semi-Supervised Classification for Joint EEG-Based Emotion Recognition and Affective Analysis,"IEEE Trans. Instrumentation and Measurement, 2021",journal,10.1109/TIM.2021.3124056,https://doi.org/10.1109/TIM.2021.3124056,none found,NA,yes,SEED / SEED-IV,varies,unclear,varies,varies,not verified,discrete,varies,not reported,public,not verified,not verified,not verified,not verified,not verified,not verified,self-weighted semi-supervised EEG representation/features (exact feature list not captured),not verified,unclear,semi-supervised learned/weighted EEG features,self-weighted semi-supervised classification,semi-supervised (target labels),none,yes,unclear,not verified,yes,cross-subject (LOSO),not verified,none,not verified,unclear,accuracy,pending PDF-verify,not reported,not reported,unclear,not verified,not verified,not verified,yes,mean,B (transductive-UDA),none stated,some-concerns,text: cross-subject method; proposed cross-subject accuracy not isolated (deltas/garbled/cited mixed),PARTIAL - pending visual PDF-table verify; semi-supervised joint model; cross-subject accuracy/SD not isolated; PDF-verify,no,yes,yes,PARTIAL - pending visual PDF-table verify,"2026-06-26 full-text read directly (full-census batch 27, FINAL old-queue)"
EEG-0353,Weishan Ye; Zhiguo Zhang; Fei Teng; Min Zhang; Jianhong Wang; Dong Ni; Fali Li; Peng Xu; Zhen Liang,2025,Semi-Supervised Dual-Stream Self-Attentive Adversarial Graph Contrastive Learning for Cross-Subject EEG Emotion Recognition,"IEEE Trans. Affective Computing, 2025",journal,10.1109/TAFFC.2024.3433470,https://doi.org/10.1109/taffc.2024.3433470,none found,NA,yes,SEED,15,unclear,62,200,film clips,discrete-3class,pos/neu/neg,not reported,public,not verified,not verified,not verified,not verified,not verified,not verified,graph/spatial EEG representation learned by dual-stream self-attentive adversarial graph contrastive learning (input feature details not captured),not verified,unclear,graph/deep spatial features,dual-stream self-attentive adversarial graph contrastive learning,semi-supervised adversarial graph contrastive (limited target labels),none,yes,"yes (semi-supervised, limited)",not verified,yes,cross-subject (semi-supervised),not verified,none,not verified,unclear,accuracy,78.71,6.52,not reported,unclear,mean+-SD,not verified,not verified,yes,mean,"F (semi-supervised, target labels)",uses limited target labels (protocol F); honest mid-range accuracies,some-concerns,"text: cross-subject SEED 78.71+-6.52, SEED-IV 64.03+-8.60, SEED-V 53.32+-10.95 (semi-supervised setting)","semi-supervised (limited target labels, protocol F); mid-range SEED 78.71 honest; pooled in transductive/other family with F flag",yes,yes,yes,verified-from-full-text (pdftotext read directly),"2026-06-26 full-text read directly (full-census batch 27, FINAL old-queue)"
EEG-0353,Weishan Ye; Zhiguo Zhang; Fei Teng; Min Zhang; Jianhong Wang; Dong Ni; Fali Li; Peng Xu; Zhen Liang,2025,Semi-Supervised Dual-Stream Self-Attentive Adversarial Graph Contrastive Learning for Cross-Subject EEG Emotion Recognition,"IEEE Trans. Affective Computing, 2025",journal,10.1109/TAFFC.2024.3433470,https://doi.org/10.1109/taffc.2024.3433470,none found,NA,yes,SEED-IV,15,unclear,62,200,movie clips,discrete-4class,happy/sad/fear/neu,not reported,public,not verified,not verified,not verified,not verified,not verified,not verified,graph/spatial EEG representation learned by dual-stream self-attentive adversarial graph contrastive learning (input feature details not captured),not verified,unclear,graph/deep spatial features,dual-stream self-attentive adversarial graph contrastive learning,semi-supervised adversarial graph contrastive (limited target labels),none,yes,"yes (semi-supervised, limited)",not verified,yes,cross-subject (semi-supervised),not verified,none,not verified,unclear,accuracy,64.03,8.6,not reported,unclear,mean+-SD,not verified,not verified,yes,mean,"F (semi-supervised, target labels)",uses limited target labels (protocol F); honest mid-range accuracies,some-concerns,"text: cross-subject SEED 78.71+-6.52, SEED-IV 64.03+-8.60, SEED-V 53.32+-10.95 (semi-supervised setting)","semi-supervised (limited target labels, protocol F); mid-range SEED 78.71 honest; pooled in transductive/other family with F flag",yes,yes,no,verified-from-full-text (pdftotext read directly),"2026-06-26 full-text read directly (full-census batch 27, FINAL old-queue)"
EEG-0353,Weishan Ye; Zhiguo Zhang; Fei Teng; Min Zhang; Jianhong Wang; Dong Ni; Fali Li; Peng Xu; Zhen Liang,2025,Semi-Supervised Dual-Stream Self-Attentive Adversarial Graph Contrastive Learning for Cross-Subject EEG Emotion Recognition,"IEEE Trans. Affective Computing, 2025",journal,10.1109/TAFFC.2024.3433470,https://doi.org/10.1109/taffc.2024.3433470,none found,NA,yes,SEED-V,16,unclear,62,200,not verified,discrete-5class,5 emotions,not reported,public,not verified,not verified,not verified,not verified,not verified,not verified,graph/spatial EEG representation learned by dual-stream self-attentive adversarial graph contrastive learning (input feature details not captured),not verified,unclear,graph/deep spatial features,dual-stream self-attentive adversarial graph contrastive learning,semi-supervised adversarial graph contrastive (limited target labels),none,yes,"yes (semi-supervised, limited)",not verified,yes,cross-subject (semi-supervised),not verified,none,not verified,unclear,accuracy,53.32,10.95,not reported,unclear,mean+-SD,not verified,not verified,yes,mean,"F (semi-supervised, target labels)",uses limited target labels (protocol F); honest mid-range accuracies,some-concerns,"text: cross-subject SEED 78.71+-6.52, SEED-IV 64.03+-8.60, SEED-V 53.32+-10.95 (semi-supervised setting)","semi-supervised (limited target labels, protocol F); mid-range SEED 78.71 honest; pooled in transductive/other family with F flag",yes,yes,no,verified-from-full-text (pdftotext read directly),"2026-06-26 full-text read directly (full-census batch 27, FINAL old-queue)"
EEG-0354,Yi Yang; Ze Wang; Wei Tao; Xucheng Liu; Ziyu Jia; Boyu Wang; Feng Wan,2024,Spectral-Spatial Attention Alignment for Multi-Source Domain Adaptation in EEG-Based Emotion Recognition (S2A2-MSDA),"IEEE Trans. Affective Computing, 2024",journal,10.1109/TAFFC.2024.3394436,https://doi.org/10.1109/taffc.2024.3394436,none found,NA,yes,SEED,15,unclear,62,200,film clips,discrete-3class,pos/neu/neg,not reported,public,not verified,not verified,not verified,not verified,not verified,not verified,attention/transformer EEG representation learned by spectral-spatial attention alignment multi-source domain adaptation (S2A2-MSDA) (input feature details not captured),not verified,unclear,learned attention/transformer features,spectral-spatial attention alignment multi-source domain adaptation (S2A2-MSDA),multi-source domain adaptation (transductive),none,yes,no,not verified,yes,leave-one-subject-out (cross-subject) + cross-session,not verified,none,not verified,unclear,accuracy,90.11,not reported (table SD garbled; PDF-verify),not reported,unclear,mean+-SD (table; SD garbled in extract),not verified,not verified,yes,mean,"B (transductive-UDA, multi-source)",none (transductive); cross-session reported separately (not cross-subject),some-concerns,"text L988-989: cross-subject (subject transfer, LOSO) SEED 90.11, SEED-IV 76.23; cross-session SEED 96.11, SEED-IV 80.07 (SEPARATE). Table I declares mean+-SD but SD digits not cleanly extractable",cross-subject SEED 90.11/SEED-IV 76.23 honest-high; Table-I SD garbled by pdftotext -> PDF-verify to recover SD before pooling; cross-session 96.11/80.07 not cross-subject,no,yes,yes,PARTIAL - pending visual PDF-table verify,"2026-06-26 full-text read directly (full-census batch 27, FINAL old-queue)"
EEG-0354,Yi Yang; Ze Wang; Wei Tao; Xucheng Liu; Ziyu Jia; Boyu Wang; Feng Wan,2024,Spectral-Spatial Attention Alignment for Multi-Source Domain Adaptation in EEG-Based Emotion Recognition (S2A2-MSDA),"IEEE Trans. Affective Computing, 2024",journal,10.1109/TAFFC.2024.3394436,https://doi.org/10.1109/taffc.2024.3394436,none found,NA,yes,SEED-IV,15,unclear,62,200,movie clips,discrete-4class,happy/sad/fear/neu,not reported,public,not verified,not verified,not verified,not verified,not verified,not verified,attention/transformer EEG representation learned by spectral-spatial attention alignment multi-source domain adaptation (S2A2-MSDA) (input feature details not captured),not verified,unclear,learned attention/transformer features,spectral-spatial attention alignment multi-source domain adaptation (S2A2-MSDA),multi-source domain adaptation (transductive),none,yes,no,not verified,yes,leave-one-subject-out (cross-subject) + cross-session,not verified,none,not verified,unclear,accuracy,76.23,not reported (table SD garbled; PDF-verify),not reported,unclear,mean+-SD (table; SD garbled in extract),not verified,not verified,yes,mean,"B (transductive-UDA, multi-source)",none (transductive); cross-session reported separately (not cross-subject),some-concerns,"text L988-989: cross-subject (subject transfer, LOSO) SEED 90.11, SEED-IV 76.23; cross-session SEED 96.11, SEED-IV 80.07 (SEPARATE). Table I declares mean+-SD but SD digits not cleanly extractable",cross-subject SEED 90.11/SEED-IV 76.23 honest-high; Table-I SD garbled by pdftotext -> PDF-verify to recover SD before pooling; cross-session 96.11/80.07 not cross-subject,no,yes,no,PARTIAL - pending visual PDF-table verify,"2026-06-26 full-text read directly (full-census batch 27, FINAL old-queue)"
EEG-0355,Jianye Shi; Panfeng An; Wenying Duan; Hong Rao; Shengbo Chen,2026,Sub-band Embedding Based EEG Spatio-Temporal Activity Representation for Emotion Recognition,"IEEE J. Biomedical and Health Informatics, 2026",journal,10.1109/JBHI.2026.3673733,https://doi.org/10.1109/jbhi.2026.3673733,none found,NA,yes,SEED-IV,15,unclear,62,200,movie clips,discrete-4class,happy/sad/fear/neu,not reported,public,not verified,not verified,not verified,not verified,not verified,not verified,attention/transformer EEG representation learned by sub-band embedding spatio-temporal representation (input feature details not captured),not verified,unclear,learned attention/transformer features,sub-band embedding spatio-temporal representation,none,none,no,no,not verified,yes,leave-one-subject-out (LOSO),not verified,none,not verified,unclear,accuracy,74.77,not reported,not reported,unclear,not verified,not verified,not verified,yes,mean,"A (inductive LOSO, no target)",none (LOSO),some-concerns,text: SEED-IV LOSO ~74.77 (cross-subject); no SD surfaced,SEED-IV LOSO 74.77 honest mid-range; no SD -> narrative,no,yes,yes,verified-from-full-text (pdftotext read directly),"2026-06-26 full-text read directly (full-census batch 27, FINAL old-queue)"
EEG-0356,Eman A. Abdel-Ghaffar; Yujin Wu; Mohamed Daoudi,2022,Subject-Dependent Emotion Recognition System Based on Multidimensional Electroencephalographic Features,"IEEE Access, 2022",journal,10.1109/ACCESS.2022.3147461,https://doi.org/10.1109/ACCESS.2022.3147461,none found,NA,yes,DEAP / SEED,varies,unclear,varies,varies,not verified,mixed,varies,not reported,public,not verified,not verified,not verified,not verified,not verified,not verified,graph/spatial EEG representation learned by multidimensional EEG-feature classifier (input feature details not captured),not verified,unclear,graph/deep spatial features,multidimensional EEG-feature classifier,none,none,no,no,not verified,no (subject-dependent),subject-dependent (within-subject),not verified,none,not verified,unclear,accuracy,subject-dependent (not poolable),not reported,not reported,unclear,not verified,not verified,not verified,yes,mean,subject-dependent (out-of-scope for cross-subject meta),subject-dependent (not cross-subject),some-concerns,PROTO: explicitly subject-dependent system; not cross-subject generalization,"subject-dependent by design -> narrative only, not poolable",no,yes,yes,verified-from-full-text (pdftotext read directly),"2026-06-26 full-text read directly (full-census batch 27, FINAL old-queue)"
EEG-0357,Shuaiqi Liu; Xu Wang; Ling Zhao; Jie Zhao; Qi Xin; Shui-Hua Wang,2021,Subject-Independent Emotion Recognition of EEG Signals Based on Dynamic Empirical Convolutional Neural Network,"IEEE/ACM Trans. Computational Biology and Bioinformatics, 2021",journal,10.1109/TCBB.2020.3018137,https://doi.org/10.1109/tcbb.2020.3018137,none found,NA,yes,SEED / SEED-IV,varies,unclear,varies,varies,not verified,discrete,varies,not reported,public,not verified,not verified,not verified,not verified,not verified,not verified,learned EEG representation from dynamic empirical convolutional neural network (exact input features not captured),not verified,unclear,learned deep EEG features,dynamic empirical convolutional neural network,none stated,none,yes,unclear,not verified,yes,cross-subject (LOSO),not verified,none,not verified,unclear,accuracy,pending PDF-verify,not reported,not reported,unclear,not verified,not verified,not verified,yes,mean,B (transductive-UDA),none stated,some-concerns,text: cross-subject method; proposed cross-subject accuracy not isolated (deltas/garbled/cited mixed),PARTIAL - pending visual PDF-table verify; subject-independent claimed; cross-subject accuracy/SD not isolated; PDF-verify,no,yes,yes,PARTIAL - pending visual PDF-table verify,"2026-06-26 full-text read directly (full-census batch 27, FINAL old-queue)"
EEG-0358,Peiliang Gong; Yueying Zhou; Shuo Huang; Pengpai Wang; Daoqiang Zhang,2025,TAHAG: Two-Stage Domain Adaptation With Hybrid Adaptive Graph Learning for EEG Emotion Recognition,"IEEE Trans. Affective Computing, 2025",journal,10.1109/TAFFC.2025.3580787,https://doi.org/10.1109/taffc.2025.3580787,none found,NA,yes,SEED,15,unclear,62,200,film clips,discrete-3class,pos/neu/neg,not reported,public,not verified,not verified,not verified,not verified,not verified,not verified,"graph/spatial EEG representation learned by hybrid adaptive graph learning (two-stage DA, TAHAG) (input feature details not captured)",not verified,unclear,graph/deep spatial features,"hybrid adaptive graph learning (two-stage DA, TAHAG)","two-stage domain adaptation (transductive, target domain)",none,yes,no,not verified,yes,leave-one-subject-out (LOSO),not verified,none,not verified,unclear,accuracy,91.07,4.09,not reported,unclear,mean+-SD (paired significance),not verified,not verified,yes,mean,B (transductive-UDA),none (transductive),some-concerns,"text L786: subject-independent (LOSO) SEED 91.07 +- 4.09; SEED-IV-IND 76.88 (SD not cleanly extracted); SEED-IV-DEP 86.05+-14.04 (subject-dep, NOT cross-subject); MPED-IND 29.96+-3.69",SEED-IND 91.07/4.09 honest-high cross-subject -> meta; SEED-IV-IND 76.88 SD pending (PDF-verify) -> narrative; SEED-IV-DEP 86.05 is subject-dependent (do NOT pool),yes,yes,yes,verified-from-full-text (pdftotext read directly),"2026-06-26 full-text read directly (full-census batch 27, FINAL old-queue)"
EEG-0358,Peiliang Gong; Yueying Zhou; Shuo Huang; Pengpai Wang; Daoqiang Zhang,2025,TAHAG: Two-Stage Domain Adaptation With Hybrid Adaptive Graph Learning for EEG Emotion Recognition,"IEEE Trans. Affective Computing, 2025",journal,10.1109/TAFFC.2025.3580787,https://doi.org/10.1109/taffc.2025.3580787,none found,NA,yes,SEED-IV,15,unclear,62,200,movie clips,discrete-4class,happy/sad/fear/neu,not reported,public,not verified,not verified,not verified,not verified,not verified,not verified,"graph/spatial EEG representation learned by hybrid adaptive graph learning (two-stage DA, TAHAG) (input feature details not captured)",not verified,unclear,graph/deep spatial features,"hybrid adaptive graph learning (two-stage DA, TAHAG)","two-stage domain adaptation (transductive, target domain)",none,yes,no,not verified,yes,leave-one-subject-out (LOSO),not verified,none,not verified,unclear,accuracy,76.88,not reported (SD pending PDF-verify),not reported,unclear,mean+-SD (paired significance),not verified,not verified,yes,mean,B (transductive-UDA),none (transductive),some-concerns,"text L786: subject-independent (LOSO) SEED 91.07 +- 4.09; SEED-IV-IND 76.88 (SD not cleanly extracted); SEED-IV-DEP 86.05+-14.04 (subject-dep, NOT cross-subject); MPED-IND 29.96+-3.69",SEED-IND 91.07/4.09 honest-high cross-subject -> meta; SEED-IV-IND 76.88 SD pending (PDF-verify) -> narrative; SEED-IV-DEP 86.05 is subject-dependent (do NOT pool),no,yes,no,verified-from-full-text (pdftotext read directly),"2026-06-26 full-text read directly (full-census batch 27, FINAL old-queue)"
EEG-0359,Muharrem Celebi; Sitki Ozturk; Kaplan Kaplan,2026,TS-CNN-LSTM: EEG-Based Emotion Recognition Across Mixed-Subject and Cross-Subject Protocols,"IEEE Access, 2026",journal,10.1109/ACCESS.2026.3692665,https://doi.org/10.1109/ACCESS.2026.3692665,none found,NA,yes,SEED / SEED-IV,varies,unclear,varies,varies,not verified,discrete,varies,not reported,public,not verified,not verified,not verified,not verified,not verified,not verified,learned EEG representation from two-stream CNN-LSTM (TS-CNN-LSTM) (exact input features not captured),not verified,unclear,learned deep EEG features,two-stream CNN-LSTM (TS-CNN-LSTM),none stated,none,yes,unclear,not verified,yes,cross-subject (LOSO),not verified,none,not verified,unclear,accuracy,pending PDF-verify,not reported,not reported,unclear,not verified,not verified,not verified,yes,mean,B (transductive-UDA),none stated,some-concerns,text: cross-subject method; proposed cross-subject accuracy not isolated (deltas/garbled/cited mixed),PARTIAL - pending visual PDF-table verify; mixed-subject vs cross-subject cells + cited numbers intermixed; isolate cross-subject own-result via PDF-verify,no,yes,yes,PARTIAL - pending visual PDF-table verify,"2026-06-26 full-text read directly (full-census batch 27, FINAL old-queue)"
EEG-0360,Guandong Pan; Yaqian Yang; Shi Chen; Xin Wang; Longzhao Liu; Hongwei Zheng; Shaoting Tang,2026,Toward a Realistic Encoding Model of Auditory Affective Understanding in the Brain,"IEEE Trans. Affective Computing, 2026",journal,10.1109/TAFFC.2026.3670015,https://doi.org/10.1109/taffc.2026.3670015,none found,NA,yes,own/auditory,varies,unclear,varies,varies,not verified,dimensional,NA,not reported,public,not verified,not verified,not verified,not verified,not verified,not verified,model-based or regression EEG representation learned by auditory affective neural encoding model (exact input features not captured),not verified,unclear,model-based/regression EEG features,auditory affective neural encoding model,none,none,no,no,not verified,unclear,encoding-model (not classification accuracy),not verified,none,not verified,unclear,encoding (not accuracy),encoding model (not classification accuracy),not reported,not reported,unclear,not verified,not verified,not verified,yes,mean,"out-of-typical (encoding model, not cross-subject classification accuracy)",NA,some-concerns,PROTO: neural encoding model of auditory affect; not a cross-subject emotion-classification accuracy result,encoding-model study; not poolable as classification accuracy -> narrative context only,no,yes,yes,verified-from-full-text (pdftotext read directly),"2026-06-26 full-text read directly (full-census batch 27, FINAL old-queue)"
EEG-0361,Zhe Wang; Yongxiong Wang; Chuanfei Hu; Zhong Yin; Yu Song,2022,Transformers for EEG-Based Emotion Recognition: A Hierarchical Spatial Information Learning Model,"IEEE Sensors Journal, 2022",journal,10.1109/JSEN.2022.3144317,https://doi.org/10.1109/jsen.2022.3144317,none found,NA,yes,MAHNOB-HCI,varies,unclear,varies,varies,video clips,dimensional-valence,high/low valence,not reported,public,not verified,not verified,not verified,not verified,not verified,not verified,attention/transformer EEG representation learned by hierarchical spatial-information transformer (input feature details not captured),not verified,unclear,learned attention/transformer features,hierarchical spatial-information transformer,none,none,no,no,not verified,yes,leave-one-subject-out (LOSO),not verified,none,not verified,unclear,accuracy,66.2,not reported,not reported,unclear,not verified,not verified,not verified,yes,mean,"A (inductive LOSO, no target)",none (LOSO); honest LOW accuracies,some-concerns,"text: cross-subject MAHNOB-HCI valence 66.20 / arousal 66.63, DEAP 58.03 (honest low LOSO); no SD surfaced","honest low LOSO (MAHNOB 66.20/66.63, DEAP 58.03) consistent with realistic cross-subject; no SD -> narrative (supports honest-ceiling thesis)",no,yes,yes,verified-from-full-text (pdftotext read directly),"2026-06-26 full-text read directly (full-census batch 27, FINAL old-queue)"
EEG-0361,Zhe Wang; Yongxiong Wang; Chuanfei Hu; Zhong Yin; Yu Song,2022,Transformers for EEG-Based Emotion Recognition: A Hierarchical Spatial Information Learning Model,"IEEE Sensors Journal, 2022",journal,10.1109/JSEN.2022.3144317,https://doi.org/10.1109/jsen.2022.3144317,none found,NA,yes,DEAP,32,unclear,32,128,music-video clips,dimensional,binary,not reported,public,not verified,not verified,not verified,not verified,not verified,not verified,attention/transformer EEG representation learned by hierarchical spatial-information transformer (input feature details not captured),not verified,unclear,learned attention/transformer features,hierarchical spatial-information transformer,none,none,no,no,not verified,yes,leave-one-subject-out (LOSO),not verified,none,not verified,unclear,accuracy,58.03,not reported,not reported,unclear,not verified,not verified,not verified,yes,mean,"A (inductive LOSO, no target)",none (LOSO); honest LOW accuracies,some-concerns,"text: cross-subject MAHNOB-HCI valence 66.20 / arousal 66.63, DEAP 58.03 (honest low LOSO); no SD surfaced","honest low LOSO (MAHNOB 66.20/66.63, DEAP 58.03) consistent with realistic cross-subject; no SD -> narrative (supports honest-ceiling thesis)",no,yes,no,verified-from-full-text (pdftotext read directly),"2026-06-26 full-text read directly (full-census batch 27, FINAL old-queue)"
EEG-0362,Bianna Chen; C. L. Philip Chen; Tong Zhang,2025,Ugan: Uncertainty-Guided Graph Augmentation Network for EEG Emotion Recognition,"IEEE Trans. Computational Social Systems, 2025",journal,10.1109/TCSS.2024.3488201,https://doi.org/10.1109/tcss.2024.3488201,none found,NA,yes,SEED,15,unclear,62,200,film clips,discrete-3class,pos/neu/neg,not reported,public,not verified,not verified,not verified,not verified,not verified,not verified,graph/spatial EEG representation learned by uncertainty-guided graph augmentation network (Ugan) (input feature details not captured),not verified,unclear,graph/deep spatial features,uncertainty-guided graph augmentation network (Ugan),graph augmentation domain generalization (no target-subject info),none,no,no,not verified,yes,"leave-one-subject-out (LOSO), source-only",not verified,none,not verified,unclear,accuracy,93.11,4.13,not reported,unclear,mean+-SD,not verified,not verified,yes,mean,"K (domain generalization, no target)","none (no target info used, L853); SEED 93.11 high-end for source-only (flag) but tight SD 4.13",some-concerns,"text L1353: cross-subject LOSO (no target-subject info) SEED 93.11/04.13, SEED-IV 77.16/04.73, SEED-V 77.12/10.87","source-only DG (no target) SEED 93.11/4.13 high-end -> meta but flagged high-end; SEED-IV 77.16/4.73, SEED-V 77.12/10.87 honest",yes,yes,yes,verified-from-full-text (pdftotext read directly),"2026-06-26 full-text read directly (full-census batch 27, FINAL old-queue)"
EEG-0362,Bianna Chen; C. L. Philip Chen; Tong Zhang,2025,Ugan: Uncertainty-Guided Graph Augmentation Network for EEG Emotion Recognition,"IEEE Trans. Computational Social Systems, 2025",journal,10.1109/TCSS.2024.3488201,https://doi.org/10.1109/tcss.2024.3488201,none found,NA,yes,SEED-IV,15,unclear,62,200,movie clips,discrete-4class,happy/sad/fear/neu,not reported,public,not verified,not verified,not verified,not verified,not verified,not verified,graph/spatial EEG representation learned by uncertainty-guided graph augmentation network (Ugan) (input feature details not captured),not verified,unclear,graph/deep spatial features,uncertainty-guided graph augmentation network (Ugan),graph augmentation domain generalization (no target-subject info),none,no,no,not verified,yes,"leave-one-subject-out (LOSO), source-only",not verified,none,not verified,unclear,accuracy,77.16,4.73,not reported,unclear,mean+-SD,not verified,not verified,yes,mean,"K (domain generalization, no target)","none (no target info used, L853); SEED 93.11 high-end for source-only (flag) but tight SD 4.13",some-concerns,"text L1353: cross-subject LOSO (no target-subject info) SEED 93.11/04.13, SEED-IV 77.16/04.73, SEED-V 77.12/10.87","source-only DG (no target) SEED 93.11/4.13 high-end -> meta but flagged high-end; SEED-IV 77.16/4.73, SEED-V 77.12/10.87 honest",yes,yes,no,verified-from-full-text (pdftotext read directly),"2026-06-26 full-text read directly (full-census batch 27, FINAL old-queue)"
EEG-0362,Bianna Chen; C. L. Philip Chen; Tong Zhang,2025,Ugan: Uncertainty-Guided Graph Augmentation Network for EEG Emotion Recognition,"IEEE Trans. Computational Social Systems, 2025",journal,10.1109/TCSS.2024.3488201,https://doi.org/10.1109/tcss.2024.3488201,none found,NA,yes,SEED-V,16,unclear,62,200,not verified,discrete-5class,5 emotions,not reported,public,not verified,not verified,not verified,not verified,not verified,not verified,graph/spatial EEG representation learned by uncertainty-guided graph augmentation network (Ugan) (input feature details not captured),not verified,unclear,graph/deep spatial features,uncertainty-guided graph augmentation network (Ugan),graph augmentation domain generalization (no target-subject info),none,no,no,not verified,yes,"leave-one-subject-out (LOSO), source-only",not verified,none,not verified,unclear,accuracy,77.12,10.87,not reported,unclear,mean+-SD,not verified,not verified,yes,mean,"K (domain generalization, no target)","none (no target info used, L853); SEED 93.11 high-end for source-only (flag) but tight SD 4.13",some-concerns,"text L1353: cross-subject LOSO (no target-subject info) SEED 93.11/04.13, SEED-IV 77.16/04.73, SEED-V 77.12/10.87","source-only DG (no target) SEED 93.11/4.13 high-end -> meta but flagged high-end; SEED-IV 77.16/4.73, SEED-V 77.12/10.87 honest",yes,yes,no,verified-from-full-text (pdftotext read directly),"2026-06-26 full-text read directly (full-census batch 27, FINAL old-queue)"
EEG-0363,Haiqi Liu; C. L. Philip Chen; Tong Zhang,2026,Unified Multimodal Representation Learning With Prototype Calibration for Cross-Subject Few-Shot Emotion Recognition,"IEEE Trans. Computational Social Systems, 2026",journal,10.1109/TCSS.2026.3674085,https://doi.org/10.1109/tcss.2026.3674085,none found,NA,yes,multimodal (EEG+other),varies,unclear,varies,varies,not verified,mixed,varies,not reported,public,not verified,not verified,not verified,not verified,not verified,not verified,multimodal EEG plus non-EEG representation/features (exact extraction not captured),not verified,unclear,multimodal features,unified multimodal representation + prototype calibration,few-shot prototype calibration (target labels),none,yes,yes (few-shot),not verified,yes,cross-subject few-shot (multimodal),not verified,none,not verified,unclear,accuracy,multimodal (not EEG-only),not reported,not reported,unclear,not verified,not verified,not verified,yes,mean,F (few-shot) + MULTIMODAL (excluded from EEG-only meta),multimodal (EEG + other) -> not EEG-only; few-shot target labels,some-concerns,PROTO: MULTIMODAL cross-subject few-shot; excluded from EEG-only meta per scope,multimodal -> narrative only (EEG-only meta excludes); few-shot target calibration (protocol F),no,yes,yes,verified-from-full-text (pdftotext read directly),"2026-06-26 full-text read directly (full-census batch 27, FINAL old-queue)"
EEG-0364,Yongtao Zhang; Yue Pan; Yulin Zhang; Min Zhang; Linling Li; Li Zhang; Gan Huang; Lei Su; Honghai Liu; Zhen Liang; Zhiguo Zhang,2024,Unsupervised Time-Aware Sampling Network With Deep Reinforcement Learning for EEG-Based Emotion Recognition,"IEEE Trans. Affective Computing, 2024",journal,10.1109/TAFFC.2023.3319397,https://doi.org/10.1109/taffc.2023.3319397,none found,NA,yes,SEED / SEED-IV,varies,unclear,varies,varies,not verified,discrete,varies,not reported,public,not verified,not verified,not verified,not verified,not verified,not verified,learned EEG representation from time-aware sampling network + deep reinforcement learning (exact input features not captured),not verified,unclear,learned deep EEG features,time-aware sampling network + deep reinforcement learning,unsupervised (RL sampling),none,yes,unclear,not verified,yes,cross-subject (LOSO),not verified,none,not verified,unclear,accuracy,pending PDF-verify,not reported,not reported,unclear,not verified,not verified,not verified,yes,mean,B (transductive-UDA),none stated,some-concerns,text: cross-subject method; proposed cross-subject accuracy not isolated (deltas/garbled/cited mixed),PARTIAL - pending visual PDF-table verify; unsupervised cross-subject; sampling-RL accuracy/SD not isolated; PDF-verify,no,yes,yes,PARTIAL - pending visual PDF-table verify,"2026-06-26 full-text read directly (full-census batch 27, FINAL old-queue)"
EEG-0365,Manju Priya Arthanarisamy Ramaswamy; Suja Palaniswamy,2024,Unveiling the Influence of Modeling Approach and Gender in Subject-Independent Multimodal Emotion Recognition,"IEEE Access, 2024",journal,10.1109/ACCESS.2024.3506157,https://doi.org/10.1109/ACCESS.2024.3506157,none found,NA,yes,multimodal (EEG+peripheral),varies,unclear,varies,varies,not verified,dimensional,varies,not reported,public,not verified,not verified,not verified,not verified,not verified,not verified,multimodal EEG plus non-EEG representation/features (exact extraction not captured),not verified,unclear,multimodal features,multimodal subject-independent (gender analysis),none,none,no,no,not verified,yes,subject-independent (multimodal),not verified,none,not verified,unclear,accuracy,multimodal (not EEG-only),not reported,not reported,unclear,not verified,not verified,not verified,yes,mean,MULTIMODAL (excluded from EEG-only meta),multimodal -> not EEG-only,some-concerns,PROTO: MULTIMODAL subject-independent gender study; excluded from EEG-only meta,multimodal -> narrative only; gender/modeling-approach analysis,no,yes,yes,verified-from-full-text (pdftotext read directly),"2026-06-26 full-text read directly (full-census batch 27, FINAL old-queue)"
EEG-0366,Siddharth; Tzyy-Ping Jung; Terrence J. Sejnowski,2022,Utilizing Deep Learning Towards Multi-Modal Bio-Sensing and Vision-Based Affective Computing,"IEEE Trans. Affective Computing, 2022",journal,10.1109/TAFFC.2019.2916015,https://doi.org/10.1109/taffc.2019.2916015,none found,NA,yes,multimodal (bio-sensing+vision),varies,unclear,varies,varies,not verified,mixed,varies,not reported,public,not verified,not verified,not verified,not verified,not verified,not verified,multimodal EEG plus non-EEG representation/features (exact extraction not captured),not verified,unclear,multimodal features,multimodal deep learning (bio-sensing + vision),none,none,no,no,not verified,unclear,multimodal (bio-sensing + vision),not verified,none,not verified,unclear,accuracy,multimodal (not EEG-only),not reported,not reported,unclear,not verified,not verified,not verified,yes,mean,MULTIMODAL (excluded from EEG-only meta),multimodal (EEG+vision+peripheral) -> not EEG-only,some-concerns,PROTO: MULTIMODAL bio-sensing + vision affective computing; excluded from EEG-only meta,multimodal (vision + bio-sensing) -> narrative only,no,yes,yes,verified-from-full-text (pdftotext read directly),"2026-06-26 full-text read directly (full-census batch 27, FINAL old-queue)"
EEG-0367,Jiaqi Yang; Tianhao Gu; Chong Lin; Jiazhen Xu,2025,A Multi-Teacher Distilling Framework With Data Privacy for EEG Emotion Recognition (MTKDDP),"Journal of Integrative Neuroscience, 2025",journal,10.31083/jin44121,https://doi.org/10.31083/jin44121,none found,NA,yes,SEED / DEAP,varies,unclear,varies,varies,not verified,discrete,varies,not reported,public,not verified,not verified,not verified,not verified,not verified,not verified,domain-aligned or transfer-learned EEG representation learned by multi-teacher knowledge distillation w/ data privacy (MTKDDP) (exact signal features not captured),not verified,unclear,domain-adaptation/transfer-learned features,multi-teacher knowledge distillation w/ data privacy (MTKDDP),multi-teacher KD (source-free / data privacy),none,yes,unclear,not verified,yes,cross-subject (LOSO),not verified,none,not verified,unclear,accuracy,pending PDF-verify,not reported,not reported,unclear,not verified,not verified,not verified,yes,mean,K (source-free DG / privacy),none stated,some-concerns,text: cross-subject method; proposed cross-subject accuracy not cleanly isolated (garbled/merged table),PARTIAL - pending visual PDF-table verify; source-free/data-privacy subject-independent KD; SEED/DEAP cross-subject cells not isolated; PDF-verify,no,yes,yes,PARTIAL - pending visual PDF-table verify,2026-06-26 full-text read directly (NEW 80-pile batch 28)
EEG-0368,Hanqi Wang; Jingyu Zhang; Peng Ye; Kun Yang; Jichuan Xiong; Xuefeng Liu; Tao Chen; Liang Song,2026,A Knowledge-Driven Self-Supervised Learning Method for Enhancing EEG-Based Emotion Recognition,"Neural Networks, 2026",journal,10.1016/j.neunet.2026.108676,https://doi.org/10.1016/j.neunet.2026.108676,none found,NA,yes,SEED,15,unclear,62,200,film clips,discrete-3class,pos/neu/neg,not reported,public,not verified,not verified,not verified,not verified,not verified,not verified,self-supervised or contrastive EEG representation learned by knowledge-driven self-supervised learning (input feature details not captured),not verified,unclear,learned self-supervised/contrastive features,knowledge-driven self-supervised learning,self-supervised pretraining (no target adaptation),none,no,no,not verified,yes,leave-one-subject-out (LOSO),not verified,none,not verified,unclear,accuracy,84.48,5.79,not reported,unclear,mean+-SD,not verified,not verified,yes,mean,"A (inductive LOSO, no target)",none (LOSO inductive),low,"abstract: subject-independent SEED 84.48+-5.79; DREAMER Arousal 67.64+-6.35, Valence 68.63+-7.77","subject-independent self-supervised; SEED 84.48/5.79 honest, DREAMER A 67.64/6.35, V 68.63/7.77 honest -> meta",yes,yes,yes,verified-from-full-text (pdftotext read directly),2026-06-26 full-text read directly (NEW 80-pile batch 28)
EEG-0368,Hanqi Wang; Jingyu Zhang; Peng Ye; Kun Yang; Jichuan Xiong; Xuefeng Liu; Tao Chen; Liang Song,2026,A Knowledge-Driven Self-Supervised Learning Method for Enhancing EEG-Based Emotion Recognition,"Neural Networks, 2026",journal,10.1016/j.neunet.2026.108676,https://doi.org/10.1016/j.neunet.2026.108676,none found,NA,yes,DREAMER,23,unclear,14,128,film clips,dimensional-arousal,high/low arousal,not reported,public,not verified,not verified,not verified,not verified,not verified,not verified,self-supervised or contrastive EEG representation learned by knowledge-driven self-supervised learning (input feature details not captured),not verified,unclear,learned self-supervised/contrastive features,knowledge-driven self-supervised learning,self-supervised pretraining (no target adaptation),none,no,no,not verified,yes,leave-one-subject-out (LOSO),not verified,none,not verified,unclear,accuracy,67.64,6.35,not reported,unclear,mean+-SD,not verified,not verified,yes,mean,"A (inductive LOSO, no target)",none (LOSO inductive),low,"abstract: subject-independent SEED 84.48+-5.79; DREAMER Arousal 67.64+-6.35, Valence 68.63+-7.77","subject-independent self-supervised; SEED 84.48/5.79 honest, DREAMER A 67.64/6.35, V 68.63/7.77 honest -> meta",yes,yes,no,verified-from-full-text (pdftotext read directly),2026-06-26 full-text read directly (NEW 80-pile batch 28)
EEG-0368,Hanqi Wang; Jingyu Zhang; Peng Ye; Kun Yang; Jichuan Xiong; Xuefeng Liu; Tao Chen; Liang Song,2026,A Knowledge-Driven Self-Supervised Learning Method for Enhancing EEG-Based Emotion Recognition,"Neural Networks, 2026",journal,10.1016/j.neunet.2026.108676,https://doi.org/10.1016/j.neunet.2026.108676,none found,NA,yes,DREAMER,23,unclear,14,128,film clips,dimensional-valence,high/low valence,not reported,public,not verified,not verified,not verified,not verified,not verified,not verified,self-supervised or contrastive EEG representation learned by knowledge-driven self-supervised learning (input feature details not captured),not verified,unclear,learned self-supervised/contrastive features,knowledge-driven self-supervised learning,self-supervised pretraining (no target adaptation),none,no,no,not verified,yes,leave-one-subject-out (LOSO),not verified,none,not verified,unclear,accuracy,68.63,7.77,not reported,unclear,mean+-SD,not verified,not verified,yes,mean,"A (inductive LOSO, no target)",none (LOSO inductive),low,"abstract: subject-independent SEED 84.48+-5.79; DREAMER Arousal 67.64+-6.35, Valence 68.63+-7.77","subject-independent self-supervised; SEED 84.48/5.79 honest, DREAMER A 67.64/6.35, V 68.63/7.77 honest -> meta",yes,yes,no,verified-from-full-text (pdftotext read directly),2026-06-26 full-text read directly (NEW 80-pile batch 28)
EEG-0369,Qi Han; Yi Wei; Ziyi Pei; Tengfei Weng; Jiajia Qin; Yecheng Xu; Sihan Li; Yuan Tian; Zhong Li; Yangjun Pei,2025,A Multi-Branch EEG Emotion Recognition Framework Based on Cross-Subject and Cross-Session Transfer (MBEER),"SSRN preprint, 2024 (published venue unconfirmed)",preprint,10.2139/ssrn.4979156,https://doi.org/10.2139/ssrn.4979156,none found,NA,no (preprint; published venue not confirmed),SEED,15,unclear,62,200,film clips,discrete-3class,pos/neu/neg,not reported,public,not verified,not verified,not verified,not verified,not verified,not verified,domain-aligned or transfer-learned EEG representation learned by multi-branch multi-source transfer (MBEER) (exact signal features not captured),not verified,unclear,domain-adaptation/transfer-learned features,multi-branch multi-source transfer (MBEER),multi-source domain adaptation (transductive),none,yes,no,not verified,yes,leave-one-subject-out (cross-subject) + cross-session,not verified,none,not verified,unclear,accuracy,92.1,6.14,not reported,unclear,mean+-SD,not verified,not verified,yes,mean,"B (transductive-UDA, multi-source)",none (transductive); SEED 92.10 high-end (flag); cross-session reported separately,some-concerns,"text L1651/L1704: cross-subject SEED 92.10+-6.14, SEED-IV 83.57+-6.76, DEAP-Arousal 59.59; cross-session SEED 92.70 / SEED-IV 65.38 (SEPARATE)","cross-subject SEED 92.10/6.14 high-end (flag), SEED-IV 83.57/6.76 -> meta; DEAP-Arousal 59.59 no SD -> narrative; cross-session not cross-subject",yes,yes,yes,verified-from-full-text (pdftotext read directly),"2026-06-26 full-text read directly (NEW 80-pile batch 28); preprint-status audit 2026-06-28: SSRN/preprint only, no confirmed publisher version in this pass"
EEG-0369,Qi Han; Yi Wei; Ziyi Pei; Tengfei Weng; Jiajia Qin; Yecheng Xu; Sihan Li; Yuan Tian; Zhong Li; Yangjun Pei,2025,A Multi-Branch EEG Emotion Recognition Framework Based on Cross-Subject and Cross-Session Transfer (MBEER),"SSRN preprint, 2024 (published venue unconfirmed)",preprint,10.2139/ssrn.4979156,https://doi.org/10.2139/ssrn.4979156,none found,NA,no (preprint; published venue not confirmed),SEED-IV,15,unclear,62,200,movie clips,discrete-4class,happy/sad/fear/neu,not reported,public,not verified,not verified,not verified,not verified,not verified,not verified,domain-aligned or transfer-learned EEG representation learned by multi-branch multi-source transfer (MBEER) (exact signal features not captured),not verified,unclear,domain-adaptation/transfer-learned features,multi-branch multi-source transfer (MBEER),multi-source domain adaptation (transductive),none,yes,no,not verified,yes,leave-one-subject-out (cross-subject) + cross-session,not verified,none,not verified,unclear,accuracy,83.57,6.76,not reported,unclear,mean+-SD,not verified,not verified,yes,mean,"B (transductive-UDA, multi-source)",none (transductive); SEED 92.10 high-end (flag); cross-session reported separately,some-concerns,"text L1651/L1704: cross-subject SEED 92.10+-6.14, SEED-IV 83.57+-6.76, DEAP-Arousal 59.59; cross-session SEED 92.70 / SEED-IV 65.38 (SEPARATE)","cross-subject SEED 92.10/6.14 high-end (flag), SEED-IV 83.57/6.76 -> meta; DEAP-Arousal 59.59 no SD -> narrative; cross-session not cross-subject",yes,yes,no,verified-from-full-text (pdftotext read directly),"2026-06-26 full-text read directly (NEW 80-pile batch 28); preprint-status audit 2026-06-28: SSRN/preprint only, no confirmed publisher version in this pass"
EEG-0369,Qi Han; Yi Wei; Ziyi Pei; Tengfei Weng; Jiajia Qin; Yecheng Xu; Sihan Li; Yuan Tian; Zhong Li; Yangjun Pei,2025,A Multi-Branch EEG Emotion Recognition Framework Based on Cross-Subject and Cross-Session Transfer (MBEER),"SSRN preprint, 2024 (published venue unconfirmed)",preprint,10.2139/ssrn.4979156,https://doi.org/10.2139/ssrn.4979156,none found,NA,no (preprint; published venue not confirmed),DEAP,32,unclear,32,128,music-video clips,dimensional-arousal,high/low arousal,not reported,public,not verified,not verified,not verified,not verified,not verified,not verified,domain-aligned or transfer-learned EEG representation learned by multi-branch multi-source transfer (MBEER) (exact signal features not captured),not verified,unclear,domain-adaptation/transfer-learned features,multi-branch multi-source transfer (MBEER),multi-source domain adaptation (transductive),none,yes,no,not verified,yes,leave-one-subject-out (cross-subject) + cross-session,not verified,none,not verified,unclear,accuracy,59.59,not reported,not reported,unclear,mean+-SD,not verified,not verified,yes,mean,"B (transductive-UDA, multi-source)",none (transductive); SEED 92.10 high-end (flag); cross-session reported separately,some-concerns,"text L1651/L1704: cross-subject SEED 92.10+-6.14, SEED-IV 83.57+-6.76, DEAP-Arousal 59.59; cross-session SEED 92.70 / SEED-IV 65.38 (SEPARATE)","cross-subject SEED 92.10/6.14 high-end (flag), SEED-IV 83.57/6.76 -> meta; DEAP-Arousal 59.59 no SD -> narrative; cross-session not cross-subject",no,yes,no,verified-from-full-text (pdftotext read directly),"2026-06-26 full-text read directly (NEW 80-pile batch 28); preprint-status audit 2026-06-28: SSRN/preprint only, no confirmed publisher version in this pass"
EEG-0370,Yixin Wang; Shuang Qiu; Xuelin Ma; Huiguang He,2021,A Prototype-Based SPD Matrix Network for Domain Adaptation EEG Emotion Recognition,"Pattern Recognition, 2021",journal,10.1016/j.patcog.2020.107626,https://doi.org/10.1016/j.patcog.2020.107626,none found,NA,yes,SEED / DREAMER,varies,unclear,varies,varies,not verified,discrete,varies,not reported,public,not verified,not verified,not verified,not verified,not verified,not verified,"covariance, Riemannian, manifold, or geometric EEG representation (estimator not captured)",not verified,unclear,covariance/Riemannian-manifold features,prototype-based SPD (Riemannian) matrix network,SPD/Riemannian domain adaptation (transductive + few-shot calib),none,yes,unclear,not verified,yes,cross-subject (LOSO),not verified,none,not verified,unclear,accuracy,pending PDF-verify,not reported,not reported,unclear,not verified,not verified,not verified,yes,mean,B (transductive-UDA),none stated,some-concerns,text: cross-subject method; proposed cross-subject accuracy not cleanly isolated (garbled/merged table),PARTIAL - pending visual PDF-table verify; SPD/Riemannian transductive UDA + few-shot calibration (DREAMER calibration-session deltas); absolute cross-subject mean/SD not isolated; PDF-verify,no,yes,yes,PARTIAL - pending visual PDF-table verify,2026-06-26 full-text read directly (NEW 80-pile batch 28)
EEG-0371,Jian Zhou; Shujie Chu; Xin Li; Fu Xiao; Lijuan Sun,2021,An EEG Emotion Recognition Method Based on Transfer Learning and Echo State Network for HilCoE,"Microprocessors and Microsystems, 2021",journal,10.1016/j.micpro.2020.103381,https://doi.org/10.1016/j.micpro.2020.103381,none found,NA,yes,varies,varies,unclear,varies,varies,not verified,mixed,varies,not reported,public,not verified,not verified,not verified,not verified,not verified,not verified,multimodal EEG plus non-EEG representation/features (exact extraction not captured),not verified,unclear,multimodal features,echo state network + transfer learning,transfer learning,none,unclear,unclear,not verified,no (subject-dependent),subject-dependent (multimodal context),not verified,none,not verified,unclear,accuracy,subject-dependent/multimodal (not poolable),not reported,not reported,unclear,not verified,not verified,not verified,yes,mean,subject-dependent / multimodal (out-of-scope for cross-subject EEG-only meta),subject-dependent + multimodal,some-concerns,"PROTO: echo-state-network transfer, subject-dependent, multimodal HilCoE context","subject-dependent + multimodal -> narrative only, not poolable",no,yes,yes,verified-from-full-text (pdftotext read directly),2026-06-26 full-text read directly (NEW 80-pile batch 28)
EEG-0372,Mehdi Bazargani; Amir Tahmasebi; Mohammadreza Yazdchi; Zahra Baharlouei,2023,An Emotion Recognition Embedded System Using a Lightweight Deep Learning Model,"Journal of Medical Signals & Sensors, 2023",journal,10.4103/jmss.jmss_59_22,https://doi.org/10.4103/jmss.jmss_59_22,none found,NA,yes,DEAP,32,unclear,32,128,music-video clips,dimensional-valence,high/low valence,not reported,public,not verified,not verified,not verified,not verified,not verified,not verified,learned EEG representation from lightweight deep learning (embedded) (exact input features not captured),not verified,unclear,learned deep EEG features,lightweight deep learning (embedded),none,none,no,no,not verified,claimed (DEAP V 90.76 / A 90.94 near-ceiling),subject-independent (DEAP) -- protocol details thin,not verified,none,not verified,unclear,accuracy,90.76,not reported,not reported,unclear,not verified,not verified,not verified,yes,best (subject-indep claimed),ambiguous (DEAP subject-independent 90%+ near-ceiling),LEAKAGE SUSPECT: DEAP subject-independent V 90.76 / A 90.94 implausible (realistic DEAP cross-subject ~60-65%),high,abstract: subject-dependent DEAP V 99.10 / A 99.20; subject-INDEPENDENT DEAP V 90.76 / A 90.94 -> far above realistic DEAP cross-subject ceiling,"DEAP subject-independent 90.76/90.94 near-ceiling -> leakage exhibit, narrative only, excluded from meta",no,yes,yes,verified-from-full-text (pdftotext read directly),2026-06-26 full-text read directly (NEW 80-pile batch 28)
EEG-0372,Mehdi Bazargani; Amir Tahmasebi; Mohammadreza Yazdchi; Zahra Baharlouei,2023,An Emotion Recognition Embedded System Using a Lightweight Deep Learning Model,"Journal of Medical Signals & Sensors, 2023",journal,10.4103/jmss.jmss_59_22,https://doi.org/10.4103/jmss.jmss_59_22,none found,NA,yes,DEAP,32,unclear,32,128,music-video clips,dimensional-arousal,high/low arousal,not reported,public,not verified,not verified,not verified,not verified,not verified,not verified,learned EEG representation from lightweight deep learning (embedded) (exact input features not captured),not verified,unclear,learned deep EEG features,lightweight deep learning (embedded),none,none,no,no,not verified,claimed (DEAP V 90.76 / A 90.94 near-ceiling),subject-independent (DEAP) -- protocol details thin,not verified,none,not verified,unclear,accuracy,90.94,not reported,not reported,unclear,not verified,not verified,not verified,yes,mean,ambiguous (DEAP subject-independent 90%+ near-ceiling),LEAKAGE SUSPECT: DEAP subject-independent V 90.76 / A 90.94 implausible (realistic DEAP cross-subject ~60-65%),high,abstract: subject-dependent DEAP V 99.10 / A 99.20; subject-INDEPENDENT DEAP V 90.76 / A 90.94 -> far above realistic DEAP cross-subject ceiling,"DEAP subject-independent 90.76/90.94 near-ceiling -> leakage exhibit, narrative only, excluded from meta",no,yes,no,verified-from-full-text (pdftotext read directly),2026-06-26 full-text read directly (NEW 80-pile batch 28)
EEG-0373,Yun Gao; Hai Deng,2026,CONLEAD: Contrastive Learning With Embedding and Adaptive Distance for EEG-Based Emotion Recognition,"Journal of Mechanics in Medicine and Biology, 2026",journal,10.1142/S0219519426400269,https://doi.org/10.1142/S0219519426400269,none found,NA,yes,SEED / SEED-IV,varies,unclear,varies,varies,not verified,discrete,varies,not reported,public,not verified,not verified,not verified,not verified,not verified,not verified,self-supervised or contrastive EEG representation learned by contrastive learning w/ embedding + adaptive distance (CONLEAD) (input feature details not captured),not verified,unclear,learned self-supervised/contrastive features,contrastive learning w/ embedding + adaptive distance (CONLEAD),contrastive (few-shot / UDA),none,yes,unclear,not verified,yes,cross-subject (LOSO),not verified,none,not verified,unclear,accuracy,pending PDF-verify,not reported,not reported,unclear,not verified,not verified,not verified,yes,mean,B/F (UDA + few-shot),none stated,some-concerns,text: cross-subject method; proposed cross-subject accuracy not cleanly isolated (garbled/merged table),PARTIAL - pending visual PDF-table verify; few-shot + unsupervised-domain; body text not extractable (OA watermark only); cross-subject accuracy/SD pending PDF-verify,no,yes,yes,PARTIAL - pending visual PDF-table verify,2026-06-26 full-text read directly (NEW 80-pile batch 28)
EEG-0374,Chengpeng Sun; Xiujuan Wang; Liubing Chen,2025,ChannelMix-Based Transformer and Convolutional Multi-View Feature Fusion Network for Unsupervised Cross-Subject EEG Emotion Recognition (CMTCF),"Expert Systems with Applications, 2025",journal,10.1016/j.eswa.2025.127456,https://doi.org/10.1016/j.eswa.2025.127456,none found,NA,yes,SEED,15,unclear,62,200,film clips,discrete-3class,pos/neu/neg,not reported,public,not verified,not verified,not verified,not verified,not verified,not verified,attention/transformer EEG representation learned by ChannelMix transformer + conv multi-view fusion (CMTCF) (input feature details not captured),not verified,unclear,learned attention/transformer features,ChannelMix transformer + conv multi-view fusion (CMTCF),unsupervised domain adaptation (transductive),none,yes,no,not verified,yes,cross-subject (transductive UDA),not verified,none,not verified,unclear,accuracy,93.8,4.96,not reported,unclear,mean+-SD,not verified,not verified,yes,mean,B (transductive-UDA),none (transductive); SEED 93.80 high-end (flag),some-concerns,"abstract: unsupervised cross-subject SEED 93.80 (4.96), SEED-IV 79.37 (6.05), SEED-VII 49.13 (8.22)","unsupervised cross-subject SEED 93.80/4.96 high-end (flag), SEED-IV 79.37/6.05, SEED-VII 49.13/8.22 -> meta",yes,yes,yes,verified-from-full-text (pdftotext read directly),2026-06-26 full-text read directly (NEW 80-pile batch 28)
EEG-0374,Chengpeng Sun; Xiujuan Wang; Liubing Chen,2025,ChannelMix-Based Transformer and Convolutional Multi-View Feature Fusion Network for Unsupervised Cross-Subject EEG Emotion Recognition (CMTCF),"Expert Systems with Applications, 2025",journal,10.1016/j.eswa.2025.127456,https://doi.org/10.1016/j.eswa.2025.127456,none found,NA,yes,SEED-IV,15,unclear,62,200,movie clips,discrete-4class,happy/sad/fear/neu,not reported,public,not verified,not verified,not verified,not verified,not verified,not verified,attention/transformer EEG representation learned by ChannelMix transformer + conv multi-view fusion (CMTCF) (input feature details not captured),not verified,unclear,learned attention/transformer features,ChannelMix transformer + conv multi-view fusion (CMTCF),unsupervised domain adaptation (transductive),none,yes,no,not verified,yes,cross-subject (transductive UDA),not verified,none,not verified,unclear,accuracy,79.37,6.05,not reported,unclear,mean+-SD,not verified,not verified,yes,mean,B (transductive-UDA),none (transductive); SEED 93.80 high-end (flag),some-concerns,"abstract: unsupervised cross-subject SEED 93.80 (4.96), SEED-IV 79.37 (6.05), SEED-VII 49.13 (8.22)","unsupervised cross-subject SEED 93.80/4.96 high-end (flag), SEED-IV 79.37/6.05, SEED-VII 49.13/8.22 -> meta",yes,yes,no,verified-from-full-text (pdftotext read directly),2026-06-26 full-text read directly (NEW 80-pile batch 28)
EEG-0374,Chengpeng Sun; Xiujuan Wang; Liubing Chen,2025,ChannelMix-Based Transformer and Convolutional Multi-View Feature Fusion Network for Unsupervised Cross-Subject EEG Emotion Recognition (CMTCF),"Expert Systems with Applications, 2025",journal,10.1016/j.eswa.2025.127456,https://doi.org/10.1016/j.eswa.2025.127456,none found,NA,yes,SEED-VII,20,unclear,62,200,not verified,discrete-7class,7 emotions,not reported,public,not verified,not verified,not verified,not verified,not verified,not verified,attention/transformer EEG representation learned by ChannelMix transformer + conv multi-view fusion (CMTCF) (input feature details not captured),not verified,unclear,learned attention/transformer features,ChannelMix transformer + conv multi-view fusion (CMTCF),unsupervised domain adaptation (transductive),none,yes,no,not verified,yes,cross-subject (transductive UDA),not verified,none,not verified,unclear,accuracy,49.13,8.22,not reported,unclear,mean+-SD,not verified,not verified,yes,mean,B (transductive-UDA),none (transductive); SEED 93.80 high-end (flag),some-concerns,"abstract: unsupervised cross-subject SEED 93.80 (4.96), SEED-IV 79.37 (6.05), SEED-VII 49.13 (8.22)","unsupervised cross-subject SEED 93.80/4.96 high-end (flag), SEED-IV 79.37/6.05, SEED-VII 49.13/8.22 -> meta",yes,yes,no,verified-from-full-text (pdftotext read directly),2026-06-26 full-text read directly (NEW 80-pile batch 28)
EEG-0375,Yongrui Huang; Jianhao Yang; Siyu Liu; Jiahui Pan,2019,Combining Facial Expressions and Electroencephalography to Enhance Emotion Recognition,"Future Internet, 2019, 11(5):105",journal,10.3390/fi11050105,https://doi.org/10.3390/fi11050105,none found,NA,yes,multimodal (EEG+facial),varies,unclear,varies,varies,not verified,mixed,varies,not reported,public,not verified,not verified,not verified,not verified,not verified,not verified,multimodal EEG plus non-EEG representation/features (exact extraction not captured),not verified,unclear,multimodal features,EEG + facial-expression fusion,none,none,no,no,not verified,unclear,multimodal (EEG + facial),not verified,none,not verified,unclear,accuracy,multimodal (not EEG-only),not reported,not reported,unclear,not verified,not verified,not verified,yes,mean,MULTIMODAL (excluded from EEG-only meta),multimodal (EEG + facial),some-concerns,PROTO: multimodal EEG + facial-expression fusion; excluded from EEG-only meta,multimodal -> narrative only,no,yes,yes,verified-from-full-text (pdftotext read directly),2026-06-26 full-text read directly (NEW 80-pile batch 28)
EEG-0376,Zhen Liang; Xihao Zhang; Rushuang Zhou; Li Zhang; Linling Li; Gan Huang; Zhiguo Zhang,2021,Cross-Individual Affective Detection Using EEG Signals With Audio-Visual Embedding,Neurocomputing,journal,10.1016/j.neucom.2022.09.078,https://doi.org/10.1016/j.neucom.2022.09.078,none found,NA,yes,multimodal (EEG+AV),varies,unclear,varies,varies,not verified,mixed,varies,not reported,public,not verified,not verified,not verified,not verified,not verified,not verified,multimodal EEG plus non-EEG representation/features (exact extraction not captured),not verified,unclear,multimodal features,EEG + audio-visual embedding,domain adaptation (cross-individual),none,yes,no,not verified,yes,cross-individual (multimodal audio-visual),not verified,none,not verified,unclear,accuracy,multimodal (not EEG-only),not reported,not reported,unclear,not verified,not verified,not verified,yes,mean,MULTIMODAL (excluded from EEG-only meta),multimodal (EEG + audio-visual embedding),some-concerns,PROTO: cross-individual with audio-visual embedding (multimodal); excluded from EEG-only meta,multimodal (audio-visual) -> narrative only,no,yes,yes,verified-from-full-text (pdftotext read directly),2026-06-26 full-text read directly (NEW 80-pile batch 28); published-version metadata updated 2026-06-28; source: Crossref DOI record
EEG-0377,Guofa Li; Delin Ouyang; Liu Yang; Qingkun Li; Kai Tian; Baiheng Wu; Gang Guo,2023,Cross-Subject EEG Linear Domain Adaption Based on Batch Normalization and Depthwise Convolution,"SSRN preprint, 2023 (published venue unconfirmed)",preprint,10.2139/ssrn.4420267,https://doi.org/10.2139/ssrn.4420267,none found,NA,no (preprint; published venue not confirmed),SEED / SEED-IV,varies,unclear,varies,varies,not verified,discrete,varies,not reported,public,not verified,not verified,not verified,not verified,not verified,not verified,learned EEG representation from linear domain adaptation (batchnorm + depthwise conv) (exact input features not captured),not verified,unclear,learned deep EEG features,linear domain adaptation (batchnorm + depthwise conv),linear domain adaptation (transductive),none,yes,unclear,not verified,yes,cross-subject (LOSO),not verified,none,not verified,unclear,accuracy,pending PDF-verify,not reported,not reported,unclear,not verified,not verified,not verified,yes,mean,B (transductive-UDA),none stated,some-concerns,text: cross-subject method; proposed cross-subject accuracy not cleanly isolated (garbled/merged table),PARTIAL - pending visual PDF-table verify; results table merged with deltas (e.g. 70.52(+23.17)(+9.14)); proposed cross-subject mean/SD not cleanly isolable; PDF-verify,no,yes,yes,PARTIAL - pending visual PDF-table verify,"2026-06-26 full-text read directly (NEW 80-pile batch 28); preprint-status audit 2026-06-28: SSRN/preprint only, no confirmed publisher version in this pass"
EEG-0378,Shinan Chen; Yuchen Wang; Xuefen Lin; Xiaoyong Sun; Weihua Li; Weifeng Ma,2024,Cross-Subject Emotion Recognition in BCI Based on Frequency Band Attention Graph Adversarial Network (FBAGAN),"Journal of Neuroscience Methods, 2024",journal,10.1016/j.jneumeth.2024.110276,https://doi.org/10.1016/j.jneumeth.2024.110276,none found,NA,yes,SEED,14,unclear,62,200,film clips,discrete-3class,pos/neu/neg,not reported,public,not verified,not verified,not verified,not verified,not verified,not verified,spectral-band / PSD EEG features (exact bands or estimator not captured),not verified,unclear,spectral/PSD features,frequency-band attention graph adversarial network (FBAGAN),adversarial domain adaptation (transductive),none,yes,no,not verified,yes,leave-one-subject-out (LOSO),not verified,none,not verified,unclear,accuracy,88.17,4.88,not reported,unclear,mean+-SD,not verified,not verified,yes,mean,"B (transductive-UDA, adversarial)",none (transductive),some-concerns,"text L280/L282/L309: LOSO SEED proposed (last col) 88.17+-4.88, SEED-IV 77.35+-3.72; stated to improve over SOGNN (SEED 86.81+-5.79, SEED-IV 75.27+-8.19)","proposed=last-column (consistent with stated improvement over SOGNN 86.81/75.27); SEED 88.17/4.88, SEED-IV 77.35/3.72 -> meta (column-attribution flagged)",yes,yes,yes,verified-from-full-text (pdftotext read directly),2026-06-26 full-text read directly (NEW 80-pile batch 28)
EEG-0378,Shinan Chen; Yuchen Wang; Xuefen Lin; Xiaoyong Sun; Weihua Li; Weifeng Ma,2024,Cross-Subject Emotion Recognition in BCI Based on Frequency Band Attention Graph Adversarial Network (FBAGAN),"Journal of Neuroscience Methods, 2024",journal,10.1016/j.jneumeth.2024.110276,https://doi.org/10.1016/j.jneumeth.2024.110276,none found,NA,yes,SEED-IV,14,unclear,62,200,movie clips,discrete-4class,happy/sad/fear/neu,not reported,public,not verified,not verified,not verified,not verified,not verified,not verified,spectral-band / PSD EEG features (exact bands or estimator not captured),not verified,unclear,spectral/PSD features,frequency-band attention graph adversarial network (FBAGAN),adversarial domain adaptation (transductive),none,yes,no,not verified,yes,leave-one-subject-out (LOSO),not verified,none,not verified,unclear,accuracy,77.35,3.72,not reported,unclear,mean+-SD,not verified,not verified,yes,mean,"B (transductive-UDA, adversarial)",none (transductive),some-concerns,"text L280/L282/L309: LOSO SEED proposed (last col) 88.17+-4.88, SEED-IV 77.35+-3.72; stated to improve over SOGNN (SEED 86.81+-5.79, SEED-IV 75.27+-8.19)","proposed=last-column (consistent with stated improvement over SOGNN 86.81/75.27); SEED 88.17/4.88, SEED-IV 77.35/3.72 -> meta (column-attribution flagged)",yes,yes,no,verified-from-full-text (pdftotext read directly),2026-06-26 full-text read directly (NEW 80-pile batch 28)
EEG-0380,Fazheng Hou; Qiang Gao; Yu Song; Zhe Wang; Zhongli Bai; Yi Yang; Zekun Tian,2022,Deep Feature Pyramid Network for EEG Emotion Recognition,"Measurement, 2022",journal,10.1016/j.measurement.2022.111724,https://doi.org/10.1016/j.measurement.2022.111724,none found,NA,yes,DEAP,32,unclear,32,128,music-video clips,dimensional-arousal,high/low arousal,not reported,public,not verified,not verified,not verified,not verified,not verified,not verified,learned EEG representation from deep feature pyramid network (FPN) (exact input features not captured),not verified,unclear,learned deep EEG features,deep feature pyramid network (FPN),none,none,no,no,not verified,claimed LOSO (values inconsistent),LOSO CV on DEAP (per-subject 70-94 vs headline 94-97),not verified,none,not verified,unclear,accuracy,96.97 (headline; per-subject 70-94 inconsistent),not reported (PDF-verify),not reported,unclear,not verified,not verified,not verified,yes,ambiguous,ambiguous (DEAP LOSO headline 94-97 vs per-subject 70-94),LEAKAGE SUSPECT: DEAP LOSO headline arousal 96.97 / valence 94.29 inconsistent with per-subject (70-94) -> likely best/subject-dep mislabeled,high,text L423/L612: 'Results of LOSO CV on DEAP' arousal 96.97 / valence 94.29 but per-subject valence 70.67-94.29 -> headline implausible as LOSO average,"DEAP LOSO 96.97/94.29 near-ceiling inconsistent with per-subject 70-94 -> leakage-suspect, narrative, PDF-verify which cell is the true LOSO mean",no,yes,yes,PARTIAL - pending visual PDF-table verify,2026-06-26 full-text read directly (NEW 80-pile batch 29)
EEG-0381,Mohan Raparthi; Nischay Reddy Mitta; Vinay Kumar Dunka; Sowmya Gudekota; Sandeep Pushyamitra Pattyam; Venkata Siva Prakash Nimmagadda,2025,Deep Learning Model for Patient Emotion Recognition Using EEG-tNIRS Data,"Neuroscience Informatics, 2025",journal,10.1016/j.neuri.2025.100219,https://doi.org/10.1016/j.neuri.2025.100219,none found,NA,yes,multimodal (EEG+tNIRS),varies,unclear,varies,varies,not verified,mixed,varies,not reported,public,not verified,not verified,not verified,not verified,not verified,not verified,multimodal EEG plus non-EEG representation/features (exact extraction not captured),not verified,unclear,multimodal features,EEG + tNIRS deep learning,none,none,no,no,not verified,unclear,multimodal (EEG + tNIRS),not verified,none,not verified,unclear,accuracy,multimodal (not EEG-only),not reported,not reported,unclear,not verified,not verified,not verified,yes,mean,"MULTIMODAL (EEG+tNIRS, excluded from EEG-only meta)",multimodal (EEG + tNIRS),some-concerns,PROTO: multimodal EEG + tNIRS; excluded from EEG-only meta,multimodal (EEG+tNIRS) -> narrative only,no,yes,yes,verified-from-full-text (pdftotext read directly),2026-06-26 full-text read directly (NEW 80-pile batch 29)
EEG-0382,Jiang et al. (BiDCNN),2021,Differences First in Asymmetric Brain: A Bi-Hemisphere Discrepancy Convolutional Neural Network (BiDCNN),Neurocomputing,journal,10.1016/j.neucom.2021.03.105,https://doi.org/10.1016/j.neucom.2021.03.105,none found,NA,yes,DEAP,32,unclear,32,128,music-video clips,dimensional-valence,high/low valence,not reported,public,not verified,not verified,not verified,not verified,not verified,not verified,graph/spatial EEG representation learned by bi-hemisphere discrepancy CNN (BiDCNN) (input feature details not captured),not verified,unclear,graph/deep spatial features,bi-hemisphere discrepancy CNN (BiDCNN),none,none,no,no,not verified,yes (also subject-dependent reported),leave-one-subject-out (DEAP) + subject-dependent,not verified,none,not verified,unclear,accuracy,68.14,not reported,not reported,unclear,not verified,not verified,not verified,yes,mean,"A (inductive LOSO, no target)",none (LOSO); subject-dependent 94.38/94.72 separate (NOT cross-subject),some-concerns,text L35: subject-INDEPENDENT DEAP valence 68.14 / arousal 63.94 (honest cross-subject); subject-dependent valence 94.38 / arousal 94.72 (separate). No aggregate SD reported,DISTINCT from BiHDM/EEG-0219 (CNN vs RNN model). Subject-independent DEAP 68.14/63.94 honest cross-subject but NO SD -> narrative; subject-dep 94.38/94.72 do NOT pool,no,yes,yes,verified-from-full-text (pdftotext read directly),2026-06-26 full-text read directly (NEW 80-pile batch 29)
EEG-0382,Jiang et al. (BiDCNN),2021,Differences First in Asymmetric Brain: A Bi-Hemisphere Discrepancy Convolutional Neural Network (BiDCNN),Neurocomputing,journal,10.1016/j.neucom.2021.03.105,https://doi.org/10.1016/j.neucom.2021.03.105,none found,NA,yes,DEAP,32,unclear,32,128,music-video clips,dimensional-arousal,high/low arousal,not reported,public,not verified,not verified,not verified,not verified,not verified,not verified,graph/spatial EEG representation learned by bi-hemisphere discrepancy CNN (BiDCNN) (input feature details not captured),not verified,unclear,graph/deep spatial features,bi-hemisphere discrepancy CNN (BiDCNN),none,none,no,no,not verified,yes (also subject-dependent reported),leave-one-subject-out (DEAP) + subject-dependent,not verified,none,not verified,unclear,accuracy,63.94,not reported,not reported,unclear,not verified,not verified,not verified,yes,mean,"A (inductive LOSO, no target)",none (LOSO); subject-dependent 94.38/94.72 separate (NOT cross-subject),some-concerns,text L35: subject-INDEPENDENT DEAP valence 68.14 / arousal 63.94 (honest cross-subject); subject-dependent valence 94.38 / arousal 94.72 (separate). No aggregate SD reported,DISTINCT from BiHDM/EEG-0219 (CNN vs RNN model). Subject-independent DEAP 68.14/63.94 honest cross-subject but NO SD -> narrative; subject-dep 94.38/94.72 do NOT pool,no,yes,no,verified-from-full-text (pdftotext read directly),2026-06-26 full-text read directly (NEW 80-pile batch 29)
EEG-0383,Xiangyu Ju; Jianpo Su; Sheng Dai; Xu Wu; Ming Li; Dewen Hu,2025,Domain Adversarial Neural Network With Reliable Pseudo-Labels Iteration for Cross-Subject EEG Emotion Recognition,"Knowledge-Based Systems, 2025",journal,10.1016/j.knosys.2025.113368,https://doi.org/10.1016/j.knosys.2025.113368,none found,NA,yes,SEED,15,unclear,62,200,film clips,discrete-3class,pos/neu/neg,not reported,public,not verified,not verified,not verified,not verified,not verified,not verified,learned EEG representation from DANN + reliable pseudo-label iteration (exact input features not captured),not verified,unclear,learned deep EEG features,DANN + reliable pseudo-label iteration,adversarial domain adaptation + pseudo-label iteration (transductive),none,yes,no (pseudo-labels),not verified,yes,cross-subject (transductive) + cross-session,not verified,none,not verified,unclear,accuracy,94.45,4.5,not reported,unclear,mean+-SD,not verified,not verified,yes,mean,B (transductive-UDA),"none (transductive, pseudo-labels); SEED 94.45 high-end (flag)",some-concerns,"text L1391: Our method SEED 94.45+-4.50, SEED-IV 81.68+-7.29, DEAP 66.50+-4.35 / 67.42+-5.96 (per-session SEED 94.45/91.33/93.95)","cross-subject SEED 94.45/4.50 high-end (session-1/Table-3 cell; cross-session avg ~93.2) -> meta with flag; SEED-IV 81.68/7.29, DEAP-V 66.50/4.35, DEAP-A 67.42/5.96 honest",yes,yes,yes,verified-from-full-text (pdftotext read directly),2026-06-26 full-text read directly (NEW 80-pile batch 29)
EEG-0383,Xiangyu Ju; Jianpo Su; Sheng Dai; Xu Wu; Ming Li; Dewen Hu,2025,Domain Adversarial Neural Network With Reliable Pseudo-Labels Iteration for Cross-Subject EEG Emotion Recognition,"Knowledge-Based Systems, 2025",journal,10.1016/j.knosys.2025.113368,https://doi.org/10.1016/j.knosys.2025.113368,none found,NA,yes,SEED-IV,15,unclear,62,200,movie clips,discrete-4class,happy/sad/fear/neu,not reported,public,not verified,not verified,not verified,not verified,not verified,not verified,learned EEG representation from DANN + reliable pseudo-label iteration (exact input features not captured),not verified,unclear,learned deep EEG features,DANN + reliable pseudo-label iteration,adversarial domain adaptation + pseudo-label iteration (transductive),none,yes,no (pseudo-labels),not verified,yes,cross-subject (transductive) + cross-session,not verified,none,not verified,unclear,accuracy,81.68,7.29,not reported,unclear,mean+-SD,not verified,not verified,yes,mean,B (transductive-UDA),"none (transductive, pseudo-labels); SEED 94.45 high-end (flag)",some-concerns,"text L1391: Our method SEED 94.45+-4.50, SEED-IV 81.68+-7.29, DEAP 66.50+-4.35 / 67.42+-5.96 (per-session SEED 94.45/91.33/93.95)","cross-subject SEED 94.45/4.50 high-end (session-1/Table-3 cell; cross-session avg ~93.2) -> meta with flag; SEED-IV 81.68/7.29, DEAP-V 66.50/4.35, DEAP-A 67.42/5.96 honest",yes,yes,no,verified-from-full-text (pdftotext read directly),2026-06-26 full-text read directly (NEW 80-pile batch 29)
EEG-0383,Xiangyu Ju; Jianpo Su; Sheng Dai; Xu Wu; Ming Li; Dewen Hu,2025,Domain Adversarial Neural Network With Reliable Pseudo-Labels Iteration for Cross-Subject EEG Emotion Recognition,"Knowledge-Based Systems, 2025",journal,10.1016/j.knosys.2025.113368,https://doi.org/10.1016/j.knosys.2025.113368,none found,NA,yes,DEAP,32,unclear,32,128,music-video clips,dimensional-valence,high/low valence,not reported,public,not verified,not verified,not verified,not verified,not verified,not verified,learned EEG representation from DANN + reliable pseudo-label iteration (exact input features not captured),not verified,unclear,learned deep EEG features,DANN + reliable pseudo-label iteration,adversarial domain adaptation + pseudo-label iteration (transductive),none,yes,no (pseudo-labels),not verified,yes,cross-subject (transductive) + cross-session,not verified,none,not verified,unclear,accuracy,66.5,4.35,not reported,unclear,mean+-SD,not verified,not verified,yes,mean,B (transductive-UDA),"none (transductive, pseudo-labels); SEED 94.45 high-end (flag)",some-concerns,"text L1391: Our method SEED 94.45+-4.50, SEED-IV 81.68+-7.29, DEAP 66.50+-4.35 / 67.42+-5.96 (per-session SEED 94.45/91.33/93.95)","cross-subject SEED 94.45/4.50 high-end (session-1/Table-3 cell; cross-session avg ~93.2) -> meta with flag; SEED-IV 81.68/7.29, DEAP-V 66.50/4.35, DEAP-A 67.42/5.96 honest",yes,yes,no,verified-from-full-text (pdftotext read directly),2026-06-26 full-text read directly (NEW 80-pile batch 29)
EEG-0383,Xiangyu Ju; Jianpo Su; Sheng Dai; Xu Wu; Ming Li; Dewen Hu,2025,Domain Adversarial Neural Network With Reliable Pseudo-Labels Iteration for Cross-Subject EEG Emotion Recognition,"Knowledge-Based Systems, 2025",journal,10.1016/j.knosys.2025.113368,https://doi.org/10.1016/j.knosys.2025.113368,none found,NA,yes,DEAP,32,unclear,32,128,music-video clips,dimensional-arousal,high/low arousal,not reported,public,not verified,not verified,not verified,not verified,not verified,not verified,learned EEG representation from DANN + reliable pseudo-label iteration (exact input features not captured),not verified,unclear,learned deep EEG features,DANN + reliable pseudo-label iteration,adversarial domain adaptation + pseudo-label iteration (transductive),none,yes,no (pseudo-labels),not verified,yes,cross-subject (transductive) + cross-session,not verified,none,not verified,unclear,accuracy,67.42,5.96,not reported,unclear,mean+-SD,not verified,not verified,yes,mean,B (transductive-UDA),"none (transductive, pseudo-labels); SEED 94.45 high-end (flag)",some-concerns,"text L1391: Our method SEED 94.45+-4.50, SEED-IV 81.68+-7.29, DEAP 66.50+-4.35 / 67.42+-5.96 (per-session SEED 94.45/91.33/93.95)","cross-subject SEED 94.45/4.50 high-end (session-1/Table-3 cell; cross-session avg ~93.2) -> meta with flag; SEED-IV 81.68/7.29, DEAP-V 66.50/4.35, DEAP-A 67.42/5.96 honest",yes,yes,no,verified-from-full-text (pdftotext read directly),2026-06-26 full-text read directly (NEW 80-pile batch 29)
EEG-0385,Yun Lu; Mingjiang Wang; Wanqing Wu; Yufei Han; Qiquan Zhang; Shixiong Chen,2020,Dynamic Entropy-Based Pattern Learning to Identify Emotions From EEG Signals Across Individuals,"Measurement, 2020",journal,10.1016/j.measurement.2019.107003,https://doi.org/10.1016/j.measurement.2019.107003,none found,NA,yes,SEED,15,unclear,62,200,film clips,discrete-3class,pos/neu/neg,not reported,public,not verified,not verified,not verified,not verified,not verified,not verified,dynamic entropy / entropy-based EEG features (exact parameters not captured),not verified,unclear,dynamic entropy (18 linear+nonlinear),dynamic entropy (DySampEns) pattern learning + SVM,none,none,no,no,not verified,yes,"leave-one-subject-out (LOSO), SVM",not verified,none,not verified,unclear,accuracy,83.33,10.16,not reported,unclear,mean+-SD,not verified,not verified,yes,mean,"A (inductive LOSO, no target)",none (LOSO),some-concerns,text: SEED SVM LOSO 18-feature concatenation 83.33+-10.16; DySampEns alone 64.15+-10.71; single DE 60.93+-13.95,SEED LOSO 18-feature dynamic-entropy concatenation 83.33/10.16 = primary (honest); DySampEns-only 64.15/10.71 noted -> meta uses 83.33/10.16,yes,yes,yes,verified-from-full-text (pdftotext read directly),2026-06-26 full-text read directly (NEW 80-pile batch 29)
EEG-0386,Kaiwei Shen; Qingshan She; Xiaoli Yang; Yunyuan Gao; Yingle Fan,2025,Dynamic Sparse Directed Graph Convolutional Network With Attention Mechanisms for EEG Emotion Recognition (DSDirGCN-AM),"Neurocomputing, 2025",journal,10.1016/j.neucom.2025.131749,https://doi.org/10.1016/j.neucom.2025.131749,none found,NA,yes,SEED,15,unclear,62,200,film clips,discrete-3class,pos/neu/neg,not reported,public,not verified,not verified,not verified,not verified,not verified,not verified,graph/spatial EEG representation learned by dynamic sparse directed GCN + attention (DSDirGCN-AM) (input feature details not captured),not verified,unclear,graph/deep spatial features,dynamic sparse directed GCN + attention (DSDirGCN-AM),none,none,no,no,not verified,yes,leave-one-subject-out (LOSO) + cross-session,not verified,none,not verified,unclear,accuracy,93.19,3.41,not reported,unclear,mean+-SD,not verified,not verified,yes,mean,"A (inductive LOSO, no target)",none (LOSO); SEED 93.19 high-end (flag),some-concerns,text L564: LOSO SEED (DE feature) 93.19+-3.41; SEED-IV value not cleanly extracted (cross-session also reported),SEED LOSO 93.19/3.41 high-end (flag) -> meta; SEED-IV cell pending PDF-verify,yes,yes,yes,verified-from-full-text (pdftotext read directly),2026-06-26 full-text read directly (NEW 80-pile batch 29)
EEG-0387,Wei Chang; Lijun Xu; Qing Yang; Yiming Ma,2023,EEG Signal-Driven Human-Computer Interaction Emotion Recognition Model Using an Attentional Mechanism,"Journal of Mechanics in Medicine and Biology, 2023",journal,10.1142/S0219519423400808,https://doi.org/10.1142/S0219519423400808,none found,NA,yes,SEED / SEED-IV,varies,unclear,varies,varies,not verified,discrete,varies,not reported,public,not verified,not verified,not verified,not verified,not verified,not verified,attention/transformer EEG representation learned by attentional HCI emotion model (input feature details not captured),not verified,unclear,learned attention/transformer features,attentional HCI emotion model,calibration-based,none,yes,unclear,not verified,yes,cross-subject (LOSO),not verified,none,not verified,unclear,accuracy,pending PDF-verify,not reported,not reported,unclear,not verified,not verified,not verified,yes,mean,B (transductive-UDA),none stated,some-concerns,text: cross-subject method; proposed cross-subject SD/cell not cleanly isolated,PARTIAL - pending visual PDF-table verify; OA watermark body not extractable; calibration-based; cross-subject accuracy/SD pending PDF-verify,no,yes,yes,PARTIAL - pending visual PDF-table verify,2026-06-26 full-text read directly (NEW 80-pile batch 29)
EEG-0388,Shuaiqi Liu; Zeyao Wang; Yanling An; Jie Zhao; Yingying Zhao; Yu-Dong Zhang,2023,EEG Emotion Recognition Based on the Attention Mechanism and Pre-Trained Convolution Capsule Network,"Knowledge-Based Systems, 2023",journal,10.1016/j.knosys.2023.110372,https://doi.org/10.1016/j.knosys.2023.110372,none found,NA,yes,DEAP / SEED,varies,unclear,varies,varies,not verified,mixed,varies,not reported,public,not verified,not verified,not verified,not verified,not verified,not verified,self-supervised or contrastive EEG representation learned by attention + pretrained convolution capsule network (input feature details not captured),not verified,unclear,learned self-supervised/contrastive features,attention + pretrained convolution capsule network,none,none,no,no,not verified,no (10-fold subject-dependent),10-fold CV (subject-dependent),not verified,none,not verified,unclear,accuracy,subject-dependent 10-fold (not poolable),not reported,not reported,unclear,not verified,not verified,not verified,yes,mean,subject-dependent (out-of-scope for cross-subject meta),subject-dependent 10-fold (not cross-subject),some-concerns,PROTO: 10-fold subject-dependent CV; not cross-subject generalization,"10-fold subject-dependent -> narrative only, not poolable",no,yes,yes,verified-from-full-text (pdftotext read directly),2026-06-26 full-text read directly (NEW 80-pile batch 29)
EEG-0389,Raveendrababu Vempati; Lakhan Dev Sharma,2023,EEG Rhythm Based Emotion Recognition Using Multivariate Decomposition (mvFIF) and Ensemble Machine Learning Classifiers,"Journal of Neuroscience Methods, 2023",journal,10.1016/j.jneumeth.2023.109879,https://doi.org/10.1016/j.jneumeth.2023.109879,none found,NA,yes,DREAMER / own (6-emotion),varies,unclear,varies,varies,not verified,dimensional+discrete,V/A + calm/satisfaction/horror/funny,not reported,public,not verified,not verified,not verified,not verified,not verified,not verified,spectral-band / PSD EEG features (exact bands or estimator not captured),not verified,unclear,spectral/PSD features,mvFIF decomposition + subspace KNN ensemble,none,none,no,no,not verified,claimed LOSOCV (near-ceiling),LOSOCV claimed (per-rhythm) -- but 10-fold also used,not verified,none,not verified,unclear,accuracy,"98.8 (gamma valence, near-ceiling)",not reported,not reported,unclear,not verified,not verified,not verified,yes,best (near-ceiling),ambiguous (claimed LOSOCV but 98-99% near-ceiling),LEAKAGE SUSPECT: subspace-KNN 98.8/96.9/94.7/99.8/99.8/99.5 (gamma) under claimed LOSOCV implausible -> likely window/trial leakage,high,text L771/L1898: SS-KNN per-rhythm 98.8-99.8% on valence/arousal/calm/satisfaction/horror/funny under claimed LOSOCV -> near-ceiling leakage,"98-99% near-ceiling under claimed LOSOCV -> leakage exhibit, narrative only, excluded from meta",no,yes,yes,verified-from-full-text (pdftotext read directly),2026-06-26 full-text read directly (NEW 80-pile batch 29)
EEG-0390,Hyo Jin Jon; Longbin Jin; Hyuntaek Jung; Hyunseo Kim; Eun Yi Kim,2025,EEG-RegNet: Regressive Emotion Recognition in Continuous VAD Space Using EEG Signals,"Mathematics, 2025, 13(1):87",journal,10.3390/math13010087,https://doi.org/10.3390/math13010087,none found,NA,yes,varies,varies,unclear,varies,varies,not verified,dimensional (VAD regression),continuous,not reported,public,not verified,not verified,not verified,not verified,not verified,not verified,"domain-aligned or transfer-learned EEG representation learned by regression network (EEG-RegNet, continuous VAD) (exact signal features not captured)",not verified,unclear,domain-adaptation/transfer-learned features,"regression network (EEG-RegNet, continuous VAD)",fine-tuning,none,unclear,unclear,not verified,unclear,regression (continuous VAD),not verified,none,not verified,unclear,regression (CCC/RMSE),regression (not classification accuracy),not reported,not reported,unclear,not verified,not verified,not verified,yes,mean,regression (not classification accuracy; not poolable),none stated,some-concerns,PROTO: continuous VAD-space regression with fine-tuning; not a cross-subject classification accuracy,regression (continuous VAD) -> not poolable as accuracy -> narrative,no,yes,yes,verified-from-full-text (pdftotext read directly),2026-06-26 full-text read directly (NEW 80-pile batch 29)
EEG-0391,Wei Chen; Yuan Liao; Rui Dai; Yuanlin Dong; Liya Huang,2024,EEG-Based Emotion Recognition Using Graph Convolutional Neural Network With Dual Attention Mechanism,"Frontiers in Computational Neuroscience, 2024",journal,10.3389/fncom.2024.1416494,https://doi.org/10.3389/fncom.2024.1416494,none found,NA,yes,SEED / SEED-IV,varies,unclear,varies,varies,not verified,discrete,varies,not reported,public,not verified,not verified,not verified,not verified,not verified,not verified,graph/spatial EEG representation learned by GCN + dual attention (input feature details not captured),not verified,unclear,graph/deep spatial features,GCN + dual attention,none stated,none,yes,unclear,not verified,yes,cross-subject (LOSO),not verified,none,not verified,unclear,accuracy,pending PDF-verify,not reported,not reported,unclear,not verified,not verified,not verified,yes,mean,A/B (LOSO mix),none stated,some-concerns,text: cross-subject method; proposed cross-subject SD/cell not cleanly isolated,PARTIAL - pending visual PDF-table verify; Frontiers Comput Neurosci 2024; body extract watermark-only; LOSO + subject-dependent + semi-supervised mix; cells pending PDF-verify,no,yes,yes,PARTIAL - pending visual PDF-table verify,2026-06-26 full-text read directly (NEW 80-pile batch 29)
EEG-0392,not verified,2022,EEG-Based Emotion Recognition With Feature Fusion Networks,Int. J. Machine Learning and Cybernetics,journal,10.1007/s13042-021-01414-5,https://doi.org/10.1007/s13042-021-01414-5,none found,NA,yes,DEAP,32,unclear,32,128,music-video clips,dimensional-valence,high/low valence,not reported,public,not verified,not verified,not verified,not verified,not verified,not verified,handcrafted/statistical EEG features or selected feature set (exact feature list not captured),not verified,unclear,handcrafted/statistical features,feature fusion network + SVM,none,none,no,no,not verified,yes,leave-one-subject-out (LOSO),not verified,none,not verified,unclear,accuracy,80.52,not reported,not reported,unclear,not verified,not verified,not verified,yes,mean,"A (inductive LOSO, no target)",none (LOSO),some-concerns,abstract L20-21: DEAP LOSO valence 80.52 / arousal 75.22; no SD reported,DEAP LOSO valence 80.52 / arousal 75.22 (no SD) -> narrative; valence 80.52 somewhat high for DEAP cross-subject,no,yes,yes,verified-from-full-text (pdftotext read directly),2026-06-26 full-text read directly (NEW 80-pile batch 29)
EEG-0392,not verified,2022,EEG-Based Emotion Recognition With Feature Fusion Networks,Int. J. Machine Learning and Cybernetics,journal,10.1007/s13042-021-01414-5,https://doi.org/10.1007/s13042-021-01414-5,none found,NA,yes,DEAP,32,unclear,32,128,music-video clips,dimensional-arousal,high/low arousal,not reported,public,not verified,not verified,not verified,not verified,not verified,not verified,handcrafted/statistical EEG features or selected feature set (exact feature list not captured),not verified,unclear,handcrafted/statistical features,feature fusion network + SVM,none,none,no,no,not verified,yes,leave-one-subject-out (LOSO),not verified,none,not verified,unclear,accuracy,75.22,not reported,not reported,unclear,not verified,not verified,not verified,yes,mean,"A (inductive LOSO, no target)",none (LOSO),some-concerns,abstract L20-21: DEAP LOSO valence 80.52 / arousal 75.22; no SD reported,DEAP LOSO valence 80.52 / arousal 75.22 (no SD) -> narrative; valence 80.52 somewhat high for DEAP cross-subject,no,yes,no,verified-from-full-text (pdftotext read directly),2026-06-26 full-text read directly (NEW 80-pile batch 29)
EEG-0393,Feiyu Jiang; Nisuo Du; Minghao Yu; Qing He,2025,EmoDNCL+: Dual-Stream Negative-Sample-Free Contrastive Learning With Neurophysiological Alignment for EEG Emotion Recognition,"Journal of King Saud University - Computer and Information Sciences, 2025",journal,10.1007/s44443-025-00411-w,https://doi.org/10.1007/s44443-025-00411-w,none found,NA,yes,SEED,15,unclear,62,200,film clips,discrete-3class,pos/neu/neg,not reported,public,not verified,not verified,not verified,not verified,not verified,not verified,graph/spatial EEG representation learned by dual-stream negative-sample-free contrastive learning (EmoDNCL+) (input feature details not captured),not verified,unclear,graph/deep spatial features,dual-stream negative-sample-free contrastive learning (EmoDNCL+),contrastive (self-supervised); cross-subject LOSO,none,no,no,not verified,yes,leave-one-subject-out (LOSO),not verified,none,not verified,unclear,accuracy,93.6,4.29,not reported,unclear,mean+-SD,not verified,not verified,yes,mean,"A (inductive LOSO, no target)",none (LOSO); SEED 93.60 high-end (flag),some-concerns,"text L577/L579 (last col=ours): LOSO SEED 93.60+-4.29, SEED-IV 79.32+-5.12; 50%-data SEED 91.88, SEED-IV 74.87","LOSO SEED 93.60/4.29 high-end (flag), SEED-IV 79.32/5.12 -> meta",yes,yes,yes,verified-from-full-text (pdftotext read directly),2026-06-26 full-text read directly (NEW 80-pile batch 30)
EEG-0393,Feiyu Jiang; Nisuo Du; Minghao Yu; Qing He,2025,EmoDNCL+: Dual-Stream Negative-Sample-Free Contrastive Learning With Neurophysiological Alignment for EEG Emotion Recognition,"Journal of King Saud University - Computer and Information Sciences, 2025",journal,10.1007/s44443-025-00411-w,https://doi.org/10.1007/s44443-025-00411-w,none found,NA,yes,SEED-IV,15,unclear,62,200,movie clips,discrete-4class,happy/sad/fear/neu,not reported,public,not verified,not verified,not verified,not verified,not verified,not verified,graph/spatial EEG representation learned by dual-stream negative-sample-free contrastive learning (EmoDNCL+) (input feature details not captured),not verified,unclear,graph/deep spatial features,dual-stream negative-sample-free contrastive learning (EmoDNCL+),contrastive (self-supervised); cross-subject LOSO,none,no,no,not verified,yes,leave-one-subject-out (LOSO),not verified,none,not verified,unclear,accuracy,79.32,5.12,not reported,unclear,mean+-SD,not verified,not verified,yes,mean,"A (inductive LOSO, no target)",none (LOSO); SEED 93.60 high-end (flag),some-concerns,"text L577/L579 (last col=ours): LOSO SEED 93.60+-4.29, SEED-IV 79.32+-5.12; 50%-data SEED 91.88, SEED-IV 74.87","LOSO SEED 93.60/4.29 high-end (flag), SEED-IV 79.32/5.12 -> meta",yes,yes,no,verified-from-full-text (pdftotext read directly),2026-06-26 full-text read directly (NEW 80-pile batch 30)
EEG-0394,Sara Bagherzadeh; Keivan Maghooli; Ahmad Shalbaf; Arash Maghsoudi,2022,Emotion Recognition Using Continuous Wavelet Transform and Ensemble of Convolutional Neural Networks,"Frontiers in Biomedical Technologies, 2022",journal,10.18502/fbt.v10i1.11512,https://doi.org/10.18502/fbt.v10i1.11512,none found,NA,yes,multimodal (EEG+other),varies,unclear,varies,varies,not verified,mixed,varies,not reported,public,not verified,not verified,not verified,not verified,not verified,not verified,multimodal EEG plus non-EEG representation/features (exact extraction not captured),not verified,unclear,multimodal features,continuous wavelet transform + ensemble CNN,none,none,no,no,not verified,unclear,multimodal,not verified,none,not verified,unclear,accuracy,multimodal (not EEG-only),not reported,not reported,unclear,not verified,not verified,not verified,yes,mean,MULTIMODAL (excluded from EEG-only meta),multimodal (EEG+other),some-concerns,PROTO: multimodal (EEG+other); excluded from EEG-only meta,multimodal -> narrative only; fine-tune; multimodal context,no,yes,yes,verified-from-full-text (pdftotext read directly),2026-06-26 full-text read directly (NEW 80-pile batch 30)
EEG-0395,S. R. Ashokkumar; S. Anupallavi; G. MohanBabu; M. Premkumar; V. Jeevanantham,2021,Emotion Identification by Dynamic Entropy and Ensemble Learning From Electroencephalogram Signals,"International Journal of Imaging Systems and Technology, 2021",journal,10.1002/ima.22670,https://doi.org/10.1002/ima.22670,none found,NA,yes,SEED / SEED-IV,varies,unclear,varies,varies,not verified,discrete,varies,not reported,public,not verified,not verified,not verified,not verified,not verified,not verified,dynamic entropy / entropy-based EEG features (exact parameters not captured),not verified,unclear,handcrafted-DE/entropy,dynamic entropy + ensemble learning,none stated,none,yes,unclear,not verified,yes,cross-subject (LOSO),not verified,none,not verified,unclear,accuracy,pending PDF-verify,not reported,not reported,unclear,not verified,not verified,not verified,yes,mean,A/subject-dep (unclear),none stated,some-concerns,text: cross-subject method; proposed aggregate mean/SD not cleanly isolated (garbled/merged table),PARTIAL - pending visual PDF-table verify; Int.J.Imaging-Systems; protocol + cross-subject accuracy/SD not isolated; PDF-verify,no,yes,yes,PARTIAL - pending visual PDF-table verify,2026-06-26 full-text read directly (NEW 80-pile batch 30)
EEG-0396,He Sun; Hailing Wang; Raofen Wang; Yufei Gao,2025,Emotion Recognition Based on EEG Source Signals and Dynamic Brain Function Network,"Journal of Neuroscience Methods, 2025",journal,10.1016/j.jneumeth.2024.110358,https://doi.org/10.1016/j.jneumeth.2024.110358,none found,NA,yes,SEED / DEAP,varies,unclear,varies,varies,not verified,mixed,varies,not reported,public,not verified,not verified,not verified,not verified,not verified,not verified,functional-connectivity / brain-network EEG features (metric/window details not captured),not verified,unclear,connectivity/brain-network features,EEG source reconstruction + dynamic brain functional network,none,none,no,no,not verified,no (subject-dependent),subject-dependent,not verified,none,not verified,unclear,accuracy,subject-dependent (not poolable),not reported,not reported,unclear,not verified,not verified,not verified,yes,mean,subject-dependent (out-of-scope for cross-subject meta),subject-dependent + multimodal context,some-concerns,PROTO: subject-dependent source-space functional network; not cross-subject,subject-dependent -> narrative only,no,yes,yes,verified-from-full-text (pdftotext read directly),2026-06-26 full-text read directly (NEW 80-pile batch 30)
EEG-0397,Rongxuan Cui; Wanzhong Chen; Mingyang Li,2024,Emotion Recognition Using Cross-Modal Attention From EEG and Facial Expression,"Knowledge-Based Systems, 2024",journal,10.1016/j.knosys.2024.112587,https://doi.org/10.1016/j.knosys.2024.112587,none found,NA,yes,multimodal (EEG+facial),varies,unclear,varies,varies,not verified,mixed,varies,not reported,public,not verified,not verified,not verified,not verified,not verified,not verified,multimodal EEG plus non-EEG representation/features (exact extraction not captured),not verified,unclear,multimodal features,cross-modal attention (EEG + facial),none,none,no,no,not verified,unclear,multimodal,not verified,none,not verified,unclear,accuracy,multimodal (not EEG-only),not reported,not reported,unclear,not verified,not verified,not verified,yes,mean,MULTIMODAL (excluded from EEG-only meta),multimodal (EEG+facial),some-concerns,PROTO: multimodal (EEG+facial); excluded from EEG-only meta,multimodal -> narrative only; LOSO + ten-fold reported; multimodal EEG+facial,no,yes,yes,verified-from-full-text (pdftotext read directly),2026-06-26 full-text read directly (NEW 80-pile batch 30)
EEG-0398,"Liu, Chao, et al. (R2G-STLT)",2024,Emotion Recognition Using Hierarchical Spatial-Temporal Learning Transformer From Regional to Global (R2G-STLT),Neural Networks,journal,10.1016/j.neunet.2024.106624,https://doi.org/10.1016/j.neunet.2024.106624,none found,NA,yes,DEAP,32,unclear,32,128,music-video clips,dimensional-valence,high/low valence,not reported,public,not verified,not verified,not verified,not verified,not verified,not verified,attention/transformer EEG representation learned by regional-to-global spatial-temporal transformer (R2G-STLT) (input feature details not captured),not verified,unclear,learned attention/transformer features,regional-to-global spatial-temporal transformer (R2G-STLT),none,none,no,no,not verified,yes,leave-one-subject-out (LOSO),not verified,none,not verified,unclear,accuracy,86.22,6.52,not reported,unclear,mean+-SD,not verified,not verified,yes,subject-independent (leakage-suspect-high),"A (inductive LOSO, no target)",LEAKAGE SUSPECT for DEAP: subject-independent DEAP valence 86.22 / arousal 80.26 well above realistic DEAP cross-subject (~65),high,"text L364/L366 (Ours last col): subject-independent DEAP-V 86.22+-6.52, DEAP-A 80.26+-7.03; SEED/SEED-IV rows present but dataset-row mapping ambiguous in extract",DEAP subject-independent 86.22/80.26 leakage-suspect-high -> narrative (not pooled); SEED/SEED-IV cells row-map ambiguous -> PDF-verify,no,yes,yes,PARTIAL - pending visual PDF-table verify,2026-06-26 full-text read directly (NEW 80-pile batch 30)
EEG-0398,"Liu, Chao, et al. (R2G-STLT)",2024,Emotion Recognition Using Hierarchical Spatial-Temporal Learning Transformer From Regional to Global (R2G-STLT),Neural Networks,journal,10.1016/j.neunet.2024.106624,https://doi.org/10.1016/j.neunet.2024.106624,none found,NA,yes,DEAP,32,unclear,32,128,music-video clips,dimensional-arousal,high/low arousal,not reported,public,not verified,not verified,not verified,not verified,not verified,not verified,attention/transformer EEG representation learned by regional-to-global spatial-temporal transformer (R2G-STLT) (input feature details not captured),not verified,unclear,learned attention/transformer features,regional-to-global spatial-temporal transformer (R2G-STLT),none,none,no,no,not verified,yes,leave-one-subject-out (LOSO),not verified,none,not verified,unclear,accuracy,80.26,7.03,not reported,unclear,mean+-SD,not verified,not verified,yes,mean,"A (inductive LOSO, no target)",LEAKAGE SUSPECT for DEAP: subject-independent DEAP valence 86.22 / arousal 80.26 well above realistic DEAP cross-subject (~65),high,"text L364/L366 (Ours last col): subject-independent DEAP-V 86.22+-6.52, DEAP-A 80.26+-7.03; SEED/SEED-IV rows present but dataset-row mapping ambiguous in extract",DEAP subject-independent 86.22/80.26 leakage-suspect-high -> narrative (not pooled); SEED/SEED-IV cells row-map ambiguous -> PDF-verify,no,yes,no,PARTIAL - pending visual PDF-table verify,2026-06-26 full-text read directly (NEW 80-pile batch 30)
EEG-0399,Zhongjie Li; Gaoyan Zhang; Longbiao Wang; Jianguo Wei; Jianwu Dang,2023,Emotion Recognition Using Spatial-Temporal EEG Features Through Convolutional Graph Attention Network,"Journal of Neural Engineering, 2023",journal,10.1088/1741-2552/acb79e,https://doi.org/10.1088/1741-2552/acb79e,none found,NA,yes,SEED,15,unclear,62,200,film clips,discrete-3class,pos/neu/neg,not reported,public,not verified,not verified,not verified,not verified,not verified,not verified,graph/spatial EEG representation learned by spatial-temporal convolutional graph attention network (input feature details not captured),not verified,unclear,graph/deep spatial features,spatial-temporal convolutional graph attention network,none,none,no,no,not verified,yes,subject-independent (SEED) + subject-dependent,not verified,none,not verified,unclear,accuracy,94.83,3.41,not reported,unclear,mean+-SD,not verified,not verified,yes,subject-independent (high-end leakage-suspect),"A (inductive, no target)",LEAKAGE SUSPECT: SEED subject-independent 94.83+-3.41 far above honest SEED cross-subject (~85) -> likely preproc/window leakage,high,"text L81-87: SEED subject-dependent 99.11+-0.83, SEED subject-INDEPENDENT 94.83+-3.41; DEAP subject-independent value separate (not isolated)",SEED subject-independent 94.83/3.41 high+tight -> leakage-suspect; included in meta with PROMINENT high-end flag (sensitivity-analysis candidate); subject-dep 99.11 not pooled,yes,yes,yes,verified-from-full-text (pdftotext read directly),2026-06-26 full-text read directly (NEW 80-pile batch 30)
EEG-0400,Ruiding Li; Yunsheng Wang; Kaiyu Gan; Jianhua Zhang; Zhong Yin,2026,Estimating Dynamical Affective State via Domain-to-Modality Level Feature Integration From EEG and Peripheral Signals,"Knowledge-Based Systems, 2026",journal,10.1016/j.knosys.2026.115551,https://doi.org/10.1016/j.knosys.2026.115551,none found,NA,yes,multimodal (EEG+peripheral),varies,unclear,varies,varies,not verified,mixed,varies,not reported,public,not verified,not verified,not verified,not verified,not verified,not verified,multimodal EEG plus non-EEG representation/features (exact extraction not captured),not verified,unclear,multimodal features,domain-to-modality feature integration (federated),none,none,no,no,not verified,unclear,multimodal,not verified,none,not verified,unclear,accuracy,multimodal (not EEG-only),not reported,not reported,unclear,not verified,not verified,not verified,yes,mean,MULTIMODAL (excluded from EEG-only meta),multimodal (EEG+peripheral),some-concerns,PROTO: multimodal (EEG+peripheral); excluded from EEG-only meta,multimodal -> narrative only; federated multimodal EEG+peripheral,no,yes,yes,verified-from-full-text (pdftotext read directly),2026-06-26 full-text read directly (NEW 80-pile batch 30)
EEG-0401,Sheoran & Valderrama,2025,Evaluating Cultural Impact on Subject-Independent EEG-Based Emotion Recognition Approaches,Informatics in Medicine Unlocked,journal,10.1016/j.imu.2025.101728,https://doi.org/10.1016/j.imu.2025.101728,none found,NA,yes,SEED / DEAP (cross-dataset),varies,unclear,varies,varies,not verified,mixed,varies,not reported,public,not verified,not verified,not verified,not verified,not verified,not verified,differential entropy (DE) or entropy EEG features (band/window details not captured),not verified,unclear,handcrafted-DE/entropy,energy/entropy features + classical ML (cultural comparison),cross-dataset (cultural) evaluation,none,no,no,not verified,yes,subject-independent + cross-dataset (cultural),not verified,none,not verified,unclear,accuracy,cross-dataset (numbers pending PDF-verify),not reported,not reported,unclear,not verified,not verified,not verified,yes,mean,E (cross-dataset) / narrative,none (cross-dataset honest); multimodal context,some-concerns,PROTO: subject-independent + cross-dataset cultural-impact analysis; supports dataset-heterogeneity/generalization-gap thesis; numeric accuracies pending PDF-verify,cross-dataset cultural-impact study (valuable narrative on heterogeneity); per-condition accuracies pending PDF-verify -> narrative,no,yes,yes,PARTIAL - pending visual PDF-table verify,2026-06-26 full-text read directly (NEW 80-pile batch 30)
EEG-0403,Wenhui Guo; Yaxuan Li; Mengxue Liu; Rui Ma; Yanjiang Wang,2024,Functional Connectivity-Enhanced Feature-Grouped Attention Network for Cross-Subject EEG Emotion Recognition,"Knowledge-Based Systems, 2024",journal,10.1016/j.knosys.2023.111199,https://doi.org/10.1016/j.knosys.2023.111199,none found,NA,yes,SEED / SEED-IV,varies,unclear,varies,varies,not verified,discrete,varies,not reported,public,not verified,not verified,not verified,not verified,not verified,not verified,functional-connectivity / brain-network EEG features (metric/window details not captured),not verified,unclear,connectivity/brain-network features,functional-connectivity feature-grouped attention network,none stated (FC features),none,yes,unclear,not verified,yes,cross-subject (LOSO),not verified,none,not verified,unclear,accuracy,pending PDF-verify,not reported,not reported,unclear,not verified,not verified,not verified,yes,mean,A/B (LOSO + cross-session),none stated,some-concerns,text: cross-subject method; proposed aggregate mean/SD not cleanly isolated (garbled/merged table),PARTIAL - pending visual PDF-table verify; LOSO + cross-session; proposed mean/SD not surfaced in extract; PDF-verify,no,yes,yes,PARTIAL - pending visual PDF-table verify,2026-06-26 full-text read directly (NEW 80-pile batch 30)
EEG-0404,Gang Luo; Yutong Han; Weichu Xie; Fuze Tian; Lixian Zhu; Kun Qian; Xiaowei Li; Shuting Sun; Bin Hu,2025,GCD-JFSE: Graph-Based Class-Domain Knowledge Joint Feature Selection and Ensemble Learning for Cross-Subject EEG Emotion Recognition,"Knowledge-Based Systems, 2025",journal,10.1016/j.knosys.2024.112770,https://doi.org/10.1016/j.knosys.2024.112770,none found,NA,yes,SEED,15,unclear,62,200,film clips,discrete-3class,pos/neu/neg,not reported,public,not verified,not verified,not verified,not verified,not verified,not verified,graph/spatial EEG representation learned by graph class-domain joint feature selection + ensemble (GCD-JFSE) (input feature details not captured),not verified,unclear,graph/deep spatial features,graph class-domain joint feature selection + ensemble (GCD-JFSE),feature selection + ensemble (cross-subject); semi-supervised,none,yes,no,not verified,yes,cross-subject + cross-session,not verified,none,not verified,unclear,accuracy,78.67,14.67,not reported,unclear,mean+-SD,not verified,not verified,yes,mean,B (transductive/semi-supervised),none (honest mid/low-range); large SDs,some-concerns,"text L530/L532/L705/L707 (Ours last col): cross-subject SEED 78.67+-14.67, SEED-IV 58.98+-10.62, DREAMER-V 61.11+-12.31, DREAMER-A 72.46+-13.45; cross-session SEED 87.11/SEED-IV 60.74 (separate)","cross-subject SEED 78.67/14.67, SEED-IV 58.98/10.62, DREAMER V 61.11/12.31 A 72.46/13.45 honest -> meta; cross-session not cross-subject",yes,yes,yes,verified-from-full-text (pdftotext read directly),2026-06-26 full-text read directly (NEW 80-pile batch 30)
EEG-0404,Gang Luo; Yutong Han; Weichu Xie; Fuze Tian; Lixian Zhu; Kun Qian; Xiaowei Li; Shuting Sun; Bin Hu,2025,GCD-JFSE: Graph-Based Class-Domain Knowledge Joint Feature Selection and Ensemble Learning for Cross-Subject EEG Emotion Recognition,"Knowledge-Based Systems, 2025",journal,10.1016/j.knosys.2024.112770,https://doi.org/10.1016/j.knosys.2024.112770,none found,NA,yes,SEED-IV,15,unclear,62,200,movie clips,discrete-4class,happy/sad/fear/neu,not reported,public,not verified,not verified,not verified,not verified,not verified,not verified,graph/spatial EEG representation learned by graph class-domain joint feature selection + ensemble (GCD-JFSE) (input feature details not captured),not verified,unclear,graph/deep spatial features,graph class-domain joint feature selection + ensemble (GCD-JFSE),feature selection + ensemble (cross-subject); semi-supervised,none,yes,no,not verified,yes,cross-subject + cross-session,not verified,none,not verified,unclear,accuracy,58.98,10.62,not reported,unclear,mean+-SD,not verified,not verified,yes,mean,B (transductive/semi-supervised),none (honest mid/low-range); large SDs,some-concerns,"text L530/L532/L705/L707 (Ours last col): cross-subject SEED 78.67+-14.67, SEED-IV 58.98+-10.62, DREAMER-V 61.11+-12.31, DREAMER-A 72.46+-13.45; cross-session SEED 87.11/SEED-IV 60.74 (separate)","cross-subject SEED 78.67/14.67, SEED-IV 58.98/10.62, DREAMER V 61.11/12.31 A 72.46/13.45 honest -> meta; cross-session not cross-subject",yes,yes,no,verified-from-full-text (pdftotext read directly),2026-06-26 full-text read directly (NEW 80-pile batch 30)
EEG-0404,Gang Luo; Yutong Han; Weichu Xie; Fuze Tian; Lixian Zhu; Kun Qian; Xiaowei Li; Shuting Sun; Bin Hu,2025,GCD-JFSE: Graph-Based Class-Domain Knowledge Joint Feature Selection and Ensemble Learning for Cross-Subject EEG Emotion Recognition,"Knowledge-Based Systems, 2025",journal,10.1016/j.knosys.2024.112770,https://doi.org/10.1016/j.knosys.2024.112770,none found,NA,yes,DREAMER,23,unclear,14,128,film clips,dimensional-valence,high/low valence,not reported,public,not verified,not verified,not verified,not verified,not verified,not verified,graph/spatial EEG representation learned by graph class-domain joint feature selection + ensemble (GCD-JFSE) (input feature details not captured),not verified,unclear,graph/deep spatial features,graph class-domain joint feature selection + ensemble (GCD-JFSE),feature selection + ensemble (cross-subject); semi-supervised,none,yes,no,not verified,yes,cross-subject + cross-session,not verified,none,not verified,unclear,accuracy,61.11,12.31,not reported,unclear,mean+-SD,not verified,not verified,yes,mean,B (transductive/semi-supervised),none (honest mid/low-range); large SDs,some-concerns,"text L530/L532/L705/L707 (Ours last col): cross-subject SEED 78.67+-14.67, SEED-IV 58.98+-10.62, DREAMER-V 61.11+-12.31, DREAMER-A 72.46+-13.45; cross-session SEED 87.11/SEED-IV 60.74 (separate)","cross-subject SEED 78.67/14.67, SEED-IV 58.98/10.62, DREAMER V 61.11/12.31 A 72.46/13.45 honest -> meta; cross-session not cross-subject",yes,yes,no,verified-from-full-text (pdftotext read directly),2026-06-26 full-text read directly (NEW 80-pile batch 30)
EEG-0404,Gang Luo; Yutong Han; Weichu Xie; Fuze Tian; Lixian Zhu; Kun Qian; Xiaowei Li; Shuting Sun; Bin Hu,2025,GCD-JFSE: Graph-Based Class-Domain Knowledge Joint Feature Selection and Ensemble Learning for Cross-Subject EEG Emotion Recognition,"Knowledge-Based Systems, 2025",journal,10.1016/j.knosys.2024.112770,https://doi.org/10.1016/j.knosys.2024.112770,none found,NA,yes,DREAMER,23,unclear,14,128,film clips,dimensional-arousal,high/low arousal,not reported,public,not verified,not verified,not verified,not verified,not verified,not verified,graph/spatial EEG representation learned by graph class-domain joint feature selection + ensemble (GCD-JFSE) (input feature details not captured),not verified,unclear,graph/deep spatial features,graph class-domain joint feature selection + ensemble (GCD-JFSE),feature selection + ensemble (cross-subject); semi-supervised,none,yes,no,not verified,yes,cross-subject + cross-session,not verified,none,not verified,unclear,accuracy,72.46,13.45,not reported,unclear,mean+-SD,not verified,not verified,yes,mean,B (transductive/semi-supervised),none (honest mid/low-range); large SDs,some-concerns,"text L530/L532/L705/L707 (Ours last col): cross-subject SEED 78.67+-14.67, SEED-IV 58.98+-10.62, DREAMER-V 61.11+-12.31, DREAMER-A 72.46+-13.45; cross-session SEED 87.11/SEED-IV 60.74 (separate)","cross-subject SEED 78.67/14.67, SEED-IV 58.98/10.62, DREAMER V 61.11/12.31 A 72.46/13.45 honest -> meta; cross-session not cross-subject",yes,yes,no,verified-from-full-text (pdftotext read directly),2026-06-26 full-text read directly (NEW 80-pile batch 30)
EEG-0406,Huan Liu; Yuzhe Zhang; Chengxi Xie; Tianyu Lou; Wei Feng; Dalin Zhang,2026,HeteFedEEG: Prototype-Transfer Heterogeneous Federated Learning for EEG-Based Emotion Recognition,"IEEE Trans. Cognitive and Developmental Systems, 2026",journal,10.1109/TCDS.2026.3661120,https://doi.org/10.1109/TCDS.2026.3661120,none found,NA,yes,SEED,15,unclear,62,200,film clips,discrete-3class,pos/neu/neg,not reported,public,not verified,not verified,not verified,not verified,not verified,not verified,graph/spatial EEG representation learned by prototype-transfer heterogeneous federated learning (HeteFedEEG) (input feature details not captured),not verified,unclear,graph/deep spatial features,prototype-transfer heterogeneous federated learning (HeteFedEEG),heterogeneous federated learning (prototype transfer),none,"no (federated, decentralized)",no,not verified,yes,federated cross-subject (clients),not verified,none,not verified,unclear,accuracy,~66-67 (federated; proposed cell pending PDF-verify),~6.5 (pending PDF-verify),not reported,unclear,mean+-SD (Tables I-III),not verified,not verified,yes,mean,K (federated / privacy-preserving cross-subject),"none (federated, honest low-mid); proposed-cell attribution across clients needs visual",some-concerns,"text L583/L620/L676: Tables I-III report HeteFedEEG mean+-SD on SEED, DEAP-A, DEAP-V; HeteFedEEG highest (~SEED 66-67+-6.5, DEAP-A ~66, DEAP-V ~66, +2.7% over FLEEG); per-client/aggregate cell to confirm visually",federated cross-subject HONEST low-mid (~66-67 SEED) supports honest-ceiling thesis; exact proposed aggregate cell pending PDF-verify -> narrative now,no,yes,yes,PARTIAL - pending visual PDF-table verify,2026-06-26 full-text read directly (NEW 80-pile batch 31)
EEG-0407,Vaishali M. Joshi; Rajesh B. Ghongade,2022,IDEA: Intellect Database for Emotion Analysis Using EEG Signal,"Journal of King Saud University - Computer and Information Sciences, 2022",journal,10.1016/j.jksuci.2020.10.007,https://doi.org/10.1016/j.jksuci.2020.10.007,none found,NA,yes,IDEA (own),varies,unclear,varies,varies,not verified,mixed,varies,not reported,public,not verified,not verified,not verified,not verified,not verified,not verified,n/a (methodological/dataset paper),not verified,unclear,n/a (methodological/dataset paper),IDEA database (benchmark),none,none,no,no,not verified,no (subject-dependent),subject-dependent,not verified,none,not verified,unclear,accuracy,subject-dependent (not poolable),not reported,not reported,unclear,not verified,not verified,not verified,yes,mean,subject-dependent (out-of-scope for cross-subject meta),subject-dependent (not cross-subject),some-concerns,PROTO: subject-dependent; not cross-subject generalization,subject-dependent -> narrative only; new EEG emotion database; subject-dependent baselines; relevant as dataset-landscape reference,no,yes,yes,verified-from-full-text (pdftotext read directly),2026-06-26 full-text read directly (NEW 80-pile batch 31)
EEG-0409,Xiangle Ping; Wenhui Huang,2025,Interactive EEG Emotion Recognition With Incremental Gaussian Processes,"International Journal of Neural Systems, 2025",journal,10.1142/S0129065725500418,https://doi.org/10.1142/S0129065725500418,none found,NA,yes,SEED / DEAP,varies,unclear,varies,varies,not verified,mixed,varies,not reported,public,not verified,not verified,not verified,not verified,not verified,not verified,multimodal EEG plus non-EEG representation/features (exact extraction not captured),not verified,unclear,multimodal features,incremental Gaussian processes (interactive),none,none,no,no,not verified,no (subject-dependent),subject-dependent,not verified,none,not verified,unclear,accuracy,subject-dependent (not poolable),not reported,not reported,unclear,not verified,not verified,not verified,yes,mean,subject-dependent (out-of-scope for cross-subject meta),subject-dependent (not cross-subject),some-concerns,PROTO: subject-dependent; not cross-subject generalization,subject-dependent -> narrative only; subject-dependent incremental/interactive; multimodal context,no,yes,yes,verified-from-full-text (pdftotext read directly),2026-06-26 full-text read directly (NEW 80-pile batch 31)
EEG-0410,Haiting Jiang; Fangyao Shen; Lina Chen; Yong Peng; Hongjie Guo; Hong Gao,2023,Joint Domain Symmetry and Predictive Balance for Cross-Dataset EEG Emotion Recognition,"Journal of Neuroscience Methods, 2023",journal,10.1016/j.jneumeth.2023.109978,https://doi.org/10.1016/j.jneumeth.2023.109978,none found,NA,yes,SEED / SEED-IV,varies,unclear,varies,varies,not verified,discrete,varies,not reported,public,not verified,not verified,not verified,not verified,not verified,not verified,graph/spatial EEG representation learned by joint domain symmetry + predictive balance (input feature details not captured),not verified,unclear,graph/deep spatial features,joint domain symmetry + predictive balance,unsupervised domain adaptation (cross-dataset),none,yes,unclear,not verified,yes,cross-subject (LOSO),not verified,none,not verified,unclear,accuracy,pending PDF-verify,not reported,not reported,unclear,not verified,not verified,not verified,yes,mean,E (cross-dataset) / B,none stated,some-concerns,text: cross-subject method; proposed aggregate mean/SD not cleanly isolated,PARTIAL - pending visual PDF-table verify; cross-dataset UDA (E); cross-subject/cross-dataset accuracy/SD not surfaced; PDF-verify,no,yes,yes,PARTIAL - pending visual PDF-table verify,2026-06-26 full-text read directly (NEW 80-pile batch 31)
EEG-0411,Zhencheng Li; Sheng-hua Zhong; Yimin Wen; Chen Li; Chi-Man Vong; Chuangquan Chen,2026,Joint Learning Across Multi-Source Datasets for Multi-Modal Emotion Recognition Under Missing Modalities,"Journal of Computational Design and Engineering, 2026",journal,10.1093/jcde/qwag005,https://doi.org/10.1093/jcde/qwag005,none found,NA,yes,multimodal (EEG+multimodal),varies,unclear,varies,varies,not verified,mixed,varies,not reported,public,not verified,not verified,not verified,not verified,not verified,not verified,multimodal EEG plus non-EEG representation/features (exact extraction not captured),not verified,unclear,multimodal features,joint multi-source multimodal learning,none,none,no,no,not verified,unclear,multimodal,not verified,none,not verified,unclear,accuracy,multimodal (not EEG-only),not reported,not reported,unclear,not verified,not verified,not verified,yes,mean,MULTIMODAL (excluded from EEG-only meta),multimodal (EEG+multimodal),some-concerns,PROTO: multimodal (EEG+multimodal); excluded from EEG-only meta,multimodal -> narrative only; cross-dataset multimodal under missing modalities,no,yes,yes,verified-from-full-text (pdftotext read directly),2026-06-26 full-text read directly (NEW 80-pile batch 31)
EEG-0412,Yanling An; Shaohai Hu; Shuaiqi Liu; Xinrui Wang; Zhihui Gu; Yudong Zhang,2025,LGDAAN-Nets: Local and Global Domain Adversarial Attention Neural Networks for EEG Emotion Recognition,"Knowledge-Based Systems, 2025",journal,10.1016/j.knosys.2025.113613,https://doi.org/10.1016/j.knosys.2025.113613,none found,NA,yes,SEED / SEED-IV,varies,unclear,varies,varies,not verified,discrete,varies,not reported,public,not verified,not verified,not verified,not verified,not verified,not verified,graph/spatial EEG representation learned by local+global domain adversarial attention nets (LGDAAN) (input feature details not captured),not verified,unclear,graph/deep spatial features,local+global domain adversarial attention nets (LGDAAN),adversarial domain adaptation (transductive),none,yes,unclear,not verified,yes,cross-subject (LOSO),not verified,none,not verified,unclear,accuracy,pending PDF-verify,not reported,not reported,unclear,not verified,not verified,not verified,yes,mean,B (transductive-UDA),none stated,some-concerns,text: cross-subject method; proposed aggregate mean/SD not cleanly isolated,PARTIAL - pending visual PDF-table verify; cross-subject LOSO experiment present (also subject-dep + cross-session); proposed cross-subject cell garbled; PDF-verify,no,yes,yes,PARTIAL - pending visual PDF-table verify,2026-06-26 full-text read directly (NEW 80-pile batch 31)
EEG-0413,Shuaiqi Liu; Xinrui Wang; Mingqi Jiang; Yanling An; Zhihui Gu; Bing Li; Yudong Zhang,2024,MAS-DGAT-Net: Dynamic Graph Attention Network With Multibranch Feature Extraction and Staged Fusion for EEG Emotion Recognition,"Knowledge-Based Systems, 2024",journal,10.1016/j.knosys.2024.112599,https://doi.org/10.1016/j.knosys.2024.112599,none found,NA,yes,SEED,15,unclear,62,200,film clips,discrete-3class,pos/neu/neg,not reported,public,not verified,not verified,not verified,not verified,not verified,not verified,graph/spatial EEG representation learned by dynamic graph attention net + multibranch (MAS-DGAT-Net) (input feature details not captured),not verified,unclear,graph/deep spatial features,dynamic graph attention net + multibranch (MAS-DGAT-Net),none,none,no,no,not verified,mixed (subject-dependent 10-fold + subject-independent),10-fold subject-dependent + subject-independent,10 (subject-dependent),none,not verified,unclear,accuracy,99.8 (subject-dep 10-fold near-ceiling); subject-indep pending,not reported,not reported,unclear,not verified,not verified,not verified,yes,best (subject-dep),mixed (subject-dep 10-fold near-ceiling + subject-indep pending),subject-dependent 10-fold SEED >99.8% near-ceiling (leakage-typical); subject-independent cells separate,high,text L535/L578: subject-dependent 10-fold SEED >99.8% near-ceiling; L579: subject-independent experiments conducted (values pending PDF-verify),subject-dependent 10-fold 99.8 near-ceiling -> leakage exhibit (not pooled); subject-independent cross-subject cells pending PDF-verify,no,yes,yes,PARTIAL - pending visual PDF-table verify,2026-06-26 full-text read directly (NEW 80-pile batch 31)
EEG-0414,Yinghui Meng; Jiaoshuai Song; Duan Li; Jiaofen Nan; Wen Feng; Yongquan Xia; Fubao Zhu; Changxiang Yuan,2026,MCF-SCA: Multi-Scale Spatio-Temporal Convolution and Multi-Order Gated Spatial-Channel Aggregation for EEG Emotion Recognition,"Information, 2026, 17(3):257",journal,10.3390/info17030257,https://doi.org/10.3390/info17030257,none found,NA,yes,multimodal (EEG+other),varies,unclear,varies,varies,not verified,mixed,varies,not reported,public,not verified,not verified,not verified,not verified,not verified,not verified,multimodal EEG plus non-EEG representation/features (exact extraction not captured),not verified,unclear,multimodal features,multi-scale spatio-temporal conv + gated aggregation (MCF-SCA),none,none,no,no,not verified,unclear,multimodal,not verified,none,not verified,unclear,accuracy,multimodal (not EEG-only),not reported,not reported,unclear,not verified,not verified,not verified,yes,mean,MULTIMODAL (excluded from EEG-only meta),multimodal (EEG+other),some-concerns,PROTO: multimodal (EEG+other); excluded from EEG-only meta,multimodal -> narrative only; 10-fold (subject-dependent) + multimodal context,no,yes,yes,verified-from-full-text (pdftotext read directly),2026-06-26 full-text read directly (NEW 80-pile batch 31)
EEG-0415,Jia Wen Li; Wei Bin Lin; Chen Ling; Shuang Zhang; Xiang Lei Hu; Xiu Ying Hu; Mang I. Vai; Ju Jian Lv; Xin Liu; Rong Jun Chen,2026,MEF-Net: A Generalized Hybrid Multi-Entropy Feature Fusion Neural Network Model for Cross-Subject EEG Emotion Recognition,"Journal of King Saud University - Computer and Information Sciences, 2026",journal,10.1007/s44443-025-00441-4,https://doi.org/10.1007/s44443-025-00441-4,none found,NA,yes,DEAP,32,unclear,32,128,music-video clips,dimensional,binary (2-class),not reported,public,not verified,not verified,not verified,not verified,not verified,not verified,multi-entropy EEG feature fusion (exact entropy set not captured),not verified,unclear,handcrafted-DE/entropy,hybrid multi-entropy feature fusion network (MEF-net),none,none,no,no,not verified,claimed cross-subject (near-ceiling),claimed cross-subject (but 93-99% near-ceiling),not verified,none,not verified,unclear,accuracy,95.91,not reported,not reported,unclear,not verified,not verified,not verified,yes,best (near-ceiling),ambiguous (claims cross-subject; DEAP 2-class 95.91 near-ceiling),"LEAKAGE SUSPECT: claims cross-subject but DEAP 2-class 95.91, 3-class 94.02, SEED 3-class 99.33 near-ceiling -> likely window/trial leakage",high,"text L673/L766: DEAP 2-class 95.91, 3-class 94.02, 4-class 93.95; SEED 3-class 99.33 -> near-ceiling under claimed cross-subject","claims cross-subject but DEAP 95.91 / SEED 99.33 near-ceiling -> leakage exhibit, narrative only, excluded from meta",no,yes,yes,verified-from-full-text (pdftotext read directly),2026-06-26 full-text read directly (NEW 80-pile batch 31)
EEG-0416,Jaydeep Panchal; Moon Inder Singh; Karmjit Singh Sandha; Mandeep Singh,2026,Multi-Database EEG Integration for Subject-Independent Emotion Recognition in BCI Systems,"Mathematics, 2026, 14(3):474",journal,10.3390/math14030474,https://doi.org/10.3390/math14030474,none found,NA,yes,DEAP (multi-db),32,unclear,32,128,not verified,dimensional,binary,not reported,public,not verified,not verified,not verified,not verified,not verified,not verified,handcrafted/statistical EEG features or selected feature set (exact feature list not captured),not verified,unclear,handcrafted/statistical features,multi-database integration + classical/DL ML,multi-database integration (cross-dataset),none,no,no,not verified,yes,subject-independent + multi-database (cross-dataset),not verified,none,not verified,unclear,accuracy,~58-65 (multi-db subject-indep; cell pending PDF-verify),not reported,not reported,unclear,not verified,not verified,not verified,yes,mean,E (cross-dataset / multi-database),none (honest multi-db); proposed-row attribution mixed across DEAP/DREAMER,some-concerns,"text: subject-independent multi-database integration; DEAP ~58.67-65.74, DREAMER ~63.69-75.89 (honest mid/low); exact proposed cell across configs to confirm","multi-database subject-independent honest (DEAP ~58-65, DREAMER ~64-76); supports cross-dataset generalization-gap thesis; proposed cell pending PDF-verify -> narrative",no,yes,yes,PARTIAL - pending visual PDF-table verify,2026-06-26 full-text read directly (NEW 80-pile batch 31)
EEG-0417,Wen Zhang; Ziwei Wang; Dongrui Wu,2022,Multi-Source Decentralized Transfer for Privacy-Preserving BCIs,"IEEE Trans. Neural Systems and Rehabilitation Engineering, 2022",journal,10.1109/TNSRE.2022.3207494,https://doi.org/10.1109/tnsre.2022.3207494,none found,NA,yes,SEED / SEED-IV,varies,unclear,varies,varies,not verified,discrete,varies,not reported,public,not verified,not verified,not verified,not verified,not verified,not verified,graph/spatial EEG representation learned by multi-source decentralized (federated) transfer (input feature details not captured),not verified,unclear,graph/deep spatial features,multi-source decentralized (federated) transfer,decentralized/federated transfer (UDA + calibration),none,yes,unclear,not verified,yes,cross-subject (LOSO),not verified,none,not verified,unclear,accuracy,pending PDF-verify,not reported,not reported,unclear,not verified,not verified,not verified,yes,mean,K/B (federated UDA),none stated,some-concerns,text: cross-subject method; proposed aggregate mean/SD not cleanly isolated,PARTIAL - pending visual PDF-table verify; federated/decentralized UDA + calibration; cross-subject accuracy/SD not surfaced; PDF-verify,no,yes,yes,PARTIAL - pending visual PDF-table verify,2026-06-26 full-text read directly (NEW 80-pile batch 31)
EEG-0418,Magdiel Jimenez-Guarneros; Gibran Fuentes-Pineda,2025,Multi-Modal Supervised Domain Adaptation With a Multi-Level Alignment Strategy and Consistency for Emotion Recognition,"Knowledge-Based Systems, 2025",journal,10.1016/j.knosys.2025.113238,https://doi.org/10.1016/j.knosys.2025.113238,none found,NA,yes,multimodal (EEG+multimodal),varies,unclear,varies,varies,not verified,mixed,varies,not reported,public,not verified,not verified,not verified,not verified,not verified,not verified,multimodal EEG plus non-EEG representation/features (exact extraction not captured),not verified,unclear,multimodal features,multi-modal supervised DA + multi-level alignment,none,none,no,no,not verified,unclear,multimodal,not verified,none,not verified,unclear,accuracy,multimodal (not EEG-only),not reported,not reported,unclear,not verified,not verified,not verified,yes,mean,MULTIMODAL (excluded from EEG-only meta),multimodal (EEG+multimodal),some-concerns,PROTO: multimodal (EEG+multimodal); excluded from EEG-only meta,multimodal -> narrative only; SUPERVISED DA (target labels used) + multimodal (SEED-V 78.77/14.66 etc); excluded from EEG-only inductive meta,no,yes,yes,verified-from-full-text (pdftotext read directly),2026-06-26 full-text read directly (NEW 80-pile batch 31)
EEG-0419,Jing Wang; Xiaojun Ning; Wei Xu; Yunze Li; Ziyu Jia; Youfang Lin,2024,Multi-Source Selective Graph Domain Adaptation Network for Cross-Subject EEG Emotion Recognition,"Neural Networks, 2024",journal,10.1016/j.neunet.2024.106742,https://doi.org/10.1016/j.neunet.2024.106742,none found,NA,yes,SEED / SEED-IV,varies,unclear,varies,varies,not verified,discrete,varies,not reported,public,not verified,not verified,not verified,not verified,not verified,not verified,graph/spatial EEG representation learned by multi-source selective graph domain adaptation (MSGDAN) (input feature details not captured),not verified,unclear,graph/deep spatial features,multi-source selective graph domain adaptation (MSGDAN),multi-source graph domain adaptation (transductive),none,yes,unclear,not verified,yes,cross-subject (LOSO),not verified,none,not verified,unclear,accuracy,pending PDF-verify,not reported,not reported,unclear,not verified,not verified,not verified,yes,mean,B (transductive-UDA),none stated,some-concerns,text: cross-subject method; proposed aggregate mean/SD not cleanly isolated,PARTIAL - pending visual PDF-table verify; transductive cross-subject + cross-session; proposed mean/SD not surfaced; PDF-verify,no,yes,yes,PARTIAL - pending visual PDF-table verify,2026-06-26 full-text read directly (NEW 80-pile batch 32)
EEG-0420,Jingxia Chen; Yang Liu; Wen Xue; Kailei Hu; Wentao Lin,2022,Multimodal EEG Emotion Recognition Based on the Attention Recurrent Graph Convolutional Network,"Information, 2022, 13(11):550",journal,10.3390/info13110550,https://doi.org/10.3390/info13110550,none found,NA,yes,multimodal (EEG+peripheral),varies,unclear,varies,varies,not verified,mixed,varies,not reported,public,not verified,not verified,not verified,not verified,not verified,not verified,multimodal EEG plus non-EEG representation/features (exact extraction not captured),not verified,unclear,multimodal features,attention recurrent graph convolutional network,none,none,no,no,not verified,unclear,multimodal,not verified,none,not verified,unclear,accuracy,multimodal (not EEG-only),not reported,not reported,unclear,not verified,not verified,not verified,yes,mean,MULTIMODAL (excluded from EEG-only meta),multimodal (EEG+peripheral),some-concerns,PROTO: multimodal (EEG+peripheral); excluded from EEG-only meta,multimodal -> narrative only; multimodal EEG + peripheral,no,yes,yes,verified-from-full-text (pdftotext read directly),2026-06-26 full-text read directly (NEW 80-pile batch 32)
EEG-0421,Jinpeng Li; Shuang Qiu; Yuan-Yuan Shen; Cheng-Lin Liu; Huiguang He,2019,Multisource Transfer Learning for Cross-Subject EEG Emotion Recognition (MS-Semi-STM),"IEEE Trans. Cybernetics, 2019",journal,10.1109/TCYB.2019.2904052,https://doi.org/10.1109/TCYB.2019.2904052,none found,NA,yes,SEED / SEED-IV,varies,unclear,varies,varies,not verified,discrete,varies,not reported,public,not verified,not verified,not verified,not verified,not verified,not verified,graph/spatial EEG representation learned by multi-source semi-supervised style transfer mapping (MS-Semi-STM) (input feature details not captured),not verified,unclear,graph/deep spatial features,multi-source semi-supervised style transfer mapping (MS-Semi-STM),"multi-source transfer (transductive, semi-supervised)",none,yes,unclear,not verified,yes,cross-subject (LOSO),not verified,none,not verified,unclear,accuracy,pending PDF-verify,not reported,not reported,unclear,not verified,not verified,not verified,yes,mean,B/F (transductive + semi-sup),none stated,some-concerns,text: cross-subject method; proposed aggregate mean/SD not cleanly isolated,PARTIAL - pending visual PDF-table verify; transductive semi-supervised + calibration; per-subject confidence results; proposed mean/SD not surfaced; PDF-verify,no,yes,yes,PARTIAL - pending visual PDF-table verify,2026-06-26 full-text read directly (NEW 80-pile batch 32)
EEG-0422,Clarence Tan; Marko Sarlija; Nikola Kasabov,2021,NeuroSense: Short-Term Emotion Recognition and Understanding Based on Spiking Neural Network,"Neurocomputing, 2021",journal,10.1016/j.neucom.2020.12.098,https://doi.org/10.1016/j.neucom.2020.12.098,none found,NA,yes,SEED / SEED-IV,varies,unclear,varies,varies,not verified,discrete,varies,not reported,public,not verified,not verified,not verified,not verified,not verified,not verified,multimodal EEG plus non-EEG representation/features (exact extraction not captured),not verified,unclear,multimodal features,spiking neural network (NeuroSense),none (spiking),none,yes,unclear,not verified,yes,cross-subject (LOSO),not verified,none,not verified,unclear,accuracy,pending PDF-verify,not reported,not reported,unclear,not verified,not verified,not verified,yes,mean,A (LOSO),none stated,some-concerns,text: cross-subject method; proposed aggregate mean/SD not cleanly isolated,PARTIAL - pending visual PDF-table verify; LOSO spiking-NN with Bayesian spike-encoding optimization; multimodal context; proposed mean/SD not surfaced; PDF-verify,no,yes,yes,PARTIAL - pending visual PDF-table verify,2026-06-26 full-text read directly (NEW 80-pile batch 32)
EEG-0423,R. Yuvaraj; M. Murugappan; Norlinah Mohamed Ibrahim; Kenneth Sundaraj; Mohd Iqbal Omar; Khairiyah Mohamad; R. Palaniappan,2014,Optimal Set of EEG Features for Emotional State Classification and Trajectory Visualization,"International Journal of Psychophysiology, 2014",journal,10.1016/j.ijpsycho.2014.07.014,https://doi.org/10.1016/j.ijpsycho.2014.07.014,none found,NA,yes,multimodal (EEG+other),varies,unclear,varies,varies,not verified,mixed,varies,not reported,public,not verified,not verified,not verified,not verified,not verified,not verified,multimodal EEG plus non-EEG representation/features (exact extraction not captured),not verified,unclear,multimodal features,optimal EEG feature set + trajectory visualization,none,none,no,no,not verified,unclear,multimodal,not verified,none,not verified,unclear,accuracy,multimodal (not EEG-only),not reported,not reported,unclear,not verified,not verified,not verified,yes,mean,MULTIMODAL (excluded from EEG-only meta),multimodal (EEG+other),some-concerns,PROTO: multimodal (EEG+other); excluded from EEG-only meta,multimodal -> narrative only; feature-optimization/visualization; multimodal context,no,yes,yes,verified-from-full-text (pdftotext read directly),2026-06-26 full-text read directly (NEW 80-pile batch 32)
EEG-0424,Tianhui Sha; Yong Peng,2023,Orthogonal Semi-Supervised Regression With Adaptive Label Dragging for Cross-Session EEG Emotion Recognition,"Journal of King Saud University - Computer and Information Sciences, 2023",journal,10.1016/j.jksuci.2023.03.014,https://doi.org/10.1016/j.jksuci.2023.03.014,none found,NA,yes,SEED (cross-session),15,unclear,62,200,not verified,discrete-3class,pos/neu/neg,not reported,public,not verified,not verified,not verified,not verified,not verified,not verified,model-based or regression EEG representation learned by orthogonal semi-supervised regression + adaptive label dragging (exact input features not captured),not verified,unclear,model-based/regression EEG features,orthogonal semi-supervised regression + adaptive label dragging,semi-supervised regression (cross-session),none,yes,yes (semi-supervised),not verified,"no (cross-session, within-subject)",cross-SESSION (within-subject across days),not verified,cross-session,not verified,unclear,accuracy,cross-session (not cross-subject; not poolable),not reported,not reported,unclear,not verified,not verified,not verified,yes,mean,cross-session (NOT cross-subject; out-of-scope for cross-subject meta),cross-session != cross-subject,some-concerns,"PROTO: cross-SESSION (within-subject across sessions/days), semi-supervised regression; not cross-subject generalization",cross-session (not cross-subject) -> narrative only; supports non-stationarity discussion,no,yes,yes,verified-from-full-text (pdftotext read directly),2026-06-26 full-text read directly (NEW 80-pile batch 32)
EEG-0426,Guangli Li; Canbiao Wu; Zhehao Zhou; Tuo Sun; Ping Tan; Li Zhang; Zhen Liang,2026,PL-DCP: A Pairwise Learning Framework With Domain and Class Prototypes for EEG Emotion Recognition,"Neurocomputing, 2026",journal,10.1016/j.neucom.2026.132881,https://doi.org/10.1016/j.neucom.2026.132881,none found,NA,yes,SEED (cross-corpus),15,unclear,62,200,not verified,discrete-3class,pos/neu/neg,not reported,public,not verified,not verified,not verified,not verified,not verified,not verified,pairwise learned domain/class prototype EEG representation (exact input features not captured),not verified,unclear,prototype/pairwise learned EEG features,pairwise learning + domain/class prototypes (PL-DCP),domain generalization / cross-corpus prototypes,none,no,no,not verified,yes,cross-subject single-session LOSO + cross-session + cross-corpus,not verified,cross-corpus/cross-dataset,not verified,unclear,accuracy,59.02,not reported (PDF-verify),not reported,unclear,mean+-SD (Table 3),not verified,not verified,yes,cross-corpus,K (DG) / E (cross-corpus),none (DG); honest low cross-corpus,some-concerns,text L515: cross-SESSION SEED 79.36/SEED-IV 63.16/SEED-V 57.53; cross-CORPUS SEED 59.02 (vs DDA 56.26); cross-subject single-session LOSO (Table 3) values not surfaced numerically,cross-session (79.36/63.16/57.53) and cross-corpus (59.02) honest -> narrative; cross-subject single-session LOSO (Table 3) pending PDF-verify for meta,no,yes,yes,PARTIAL - pending visual PDF-table verify,2026-06-26 full-text read directly (NEW 80-pile batch 32)
EEG-0427,Dongyang Kuang; Xinyue Song; Craig Michoski,2025,Parameter-Efficient Hierarchical Spatio-Temporal Graph Network With Specialized Label Smoothing for EEG Emotion Recognition,"Neurocomputing, 2025",journal,10.1016/j.neucom.2025.131390,https://doi.org/10.1016/j.neucom.2025.131390,none found,NA,yes,SEED / SEED-IV,varies,unclear,varies,varies,not verified,mixed,varies,not reported,public,not verified,not verified,not verified,not verified,not verified,not verified,graph/spatial EEG representation learned by parameter-efficient hierarchical spatio-temporal graph net (input feature details not captured),not verified,unclear,graph/deep spatial features,parameter-efficient hierarchical spatio-temporal graph net,none,none,no,no,not verified,no (subject-dependent),subject-dependent,not verified,none,not verified,unclear,accuracy,subject-dependent (not poolable),not reported,not reported,unclear,not verified,not verified,not verified,yes,mean,subject-dependent (out-of-scope for cross-subject meta),subject-dependent (not cross-subject),some-concerns,PROTO: subject-dependent; not cross-subject,subject-dependent -> narrative only; subject-dependent + semi-supervised; label-smoothing,no,yes,yes,verified-from-full-text (pdftotext read directly),2026-06-26 full-text read directly (NEW 80-pile batch 32)
EEG-0429,Junhai Luo; Man Wu; Zhiyan Wang; Yanping Chen; Yang Yang,2021,Progressive Low-Rank Subspace Alignment Based on Semi-Supervised Joint Domain Adaption for EEG Emotion Recognition,"Neurocomputing, 2021",journal,10.1016/j.neucom.2021.05.064,https://doi.org/10.1016/j.neucom.2021.05.064,none found,NA,yes,SEED / SEED-IV,varies,unclear,varies,varies,not verified,discrete,varies,not reported,public,not verified,not verified,not verified,not verified,not verified,not verified,graph/spatial EEG representation learned by progressive low-rank subspace alignment (semi-supervised joint DA) (input feature details not captured),not verified,unclear,graph/deep spatial features,progressive low-rank subspace alignment (semi-supervised joint DA),semi-supervised joint domain adaptation (target labels),none,yes,unclear,not verified,yes,cross-subject (LOSO),not verified,none,not verified,unclear,accuracy,pending PDF-verify,not reported,not reported,unclear,not verified,not verified,not verified,yes,mean,"F (semi-supervised, target labels)",none stated,some-concerns,text: cross-subject method; proposed aggregate mean/SD not cleanly isolated,PARTIAL - pending visual PDF-table verify; semi-supervised joint DA USES target labels (protocol F); proposed mean/SD not surfaced; PDF-verify,no,yes,yes,PARTIAL - pending visual PDF-table verify,2026-06-26 full-text read directly (NEW 80-pile batch 32)
EEG-0430,Adnan Ahmad; Bahareh Nakisa; Mohammad Naim Rastgoo,2025,Robust Emotion Recognition via Bi-Level Self-Supervised Continual Learning,Neurocomputing,journal,10.1016/j.neucom.2026.134162,https://doi.org/10.1016/j.neucom.2026.134162,none found,NA,yes,SEED / SEED-IV,varies,unclear,varies,varies,not verified,discrete,varies,not reported,public,not verified,not verified,not verified,not verified,not verified,not verified,graph/spatial EEG representation learned by bi-level self-supervised continual learning (input feature details not captured),not verified,unclear,graph/deep spatial features,bi-level self-supervised continual learning,self-supervised continual learning,none,yes,unclear,not verified,yes,cross-subject (LOSO),not verified,none,not verified,unclear,accuracy,pending PDF-verify,not reported,not reported,unclear,not verified,not verified,not verified,yes,mean,F/A (unclear),none stated,some-concerns,text: cross-subject method; proposed aggregate mean/SD not cleanly isolated,PARTIAL - pending visual PDF-table verify; continual/self-supervised; uses target labels; proposed cross-subject mean/SD not surfaced; PDF-verify,no,yes,yes,PARTIAL - pending visual PDF-table verify,2026-06-26 full-text read directly (NEW 80-pile batch 32); published-version metadata updated 2026-06-28; source: Crossref DOI record
EEG-0431,Yong Zhang; Wenyun Chen; Xingxing Cai; Cheng Cheng,2025,SASD-MCL: Semi-Supervised Alignment Self-Distillation With Mixed Contrastive Learning for Cross-Subject EEG Emotion Recognition,"Neural Networks, 2025",journal,10.1016/j.neunet.2025.107614,https://doi.org/10.1016/j.neunet.2025.107614,none found,NA,yes,SEED / SEED-IV,varies,unclear,varies,varies,not verified,discrete,varies,not reported,public,not verified,not verified,not verified,not verified,not verified,not verified,graph/spatial EEG representation learned by semi-supervised alignment self-distillation + mixed contrastive (SASD-MCL) (input feature details not captured),not verified,unclear,graph/deep spatial features,semi-supervised alignment self-distillation + mixed contrastive (SASD-MCL),"semi-supervised self-distillation (partial labels, source-free)",none,yes,unclear,not verified,yes,cross-subject (LOSO),not verified,none,not verified,unclear,accuracy,pending PDF-verify,not reported,not reported,unclear,not verified,not verified,not verified,yes,mean,F (partial-label semi-supervised),none stated,some-concerns,text: cross-subject method; proposed aggregate mean/SD not cleanly isolated,PARTIAL - pending visual PDF-table verify; PARTIAL-LABEL cross-subject LOSO (protocol F; source-free); Tables 1/2 report mean+-SD on SEED/SEED-IV but values not surfaced; PDF-verify,no,yes,yes,PARTIAL - pending visual PDF-table verify,2026-06-26 full-text read directly (NEW 80-pile batch 32)
EEG-0432,Weilong Tan; Hongyi Zhang; Yingbei Wang; Weimin Wen; Liang Chen; Han Li; Xingen Gao; Nianyin Zeng,2025,SEDA-EEG: A Semi-Supervised Emotion Recognition Network With Domain Adaptation for Cross-Subject EEG,"Neurocomputing, 2025",journal,10.1016/j.neucom.2024.129315,https://doi.org/10.1016/j.neucom.2024.129315,none found,NA,yes,SEED-IV,15,unclear,62,200,movie clips,discrete-4class,happy/sad/fear/neu,not reported,public,not verified,not verified,not verified,not verified,not verified,not verified,domain-aligned or transfer-learned EEG representation learned by semi-supervised domain adaptation (SEDA-EEG) (exact signal features not captured),not verified,unclear,domain-adaptation/transfer-learned features,semi-supervised domain adaptation (SEDA-EEG),semi-supervised domain adaptation (target labels),none,yes,yes (semi-supervised),not verified,yes,cross-subject + cross-session (semi-supervised),not verified,none,not verified,unclear,accuracy,absolute pending PDF-verify (+12.90% relative),not reported,not reported,unclear,not verified,not verified,not verified,yes,mean,"F (semi-supervised, target labels)",uses target labels (protocol F),some-concerns,abstract: outperforms baselines by +12.90% on SEED-IV (RELATIVE only; absolute accuracy not surfaced),only relative improvement (+12.90% SEED-IV) reported in extract; absolute accuracy/SD pending PDF-verify -> narrative,no,yes,yes,PARTIAL - pending visual PDF-table verify,2026-06-26 full-text read directly (NEW 80-pile batch 32)
EEG-0433,Lina Qiu; Liangquan Zhong; Jianping Li; Weisen Feng; Chengju Zhou; Jiahui Pan,2024,SFT-SGAT: A Semi-Supervised Fine-Tuning Self-Supervised Graph Attention Network for EEG Emotion Recognition,"Neural Networks, 2024",journal,10.1016/j.neunet.2024.106643,https://doi.org/10.1016/j.neunet.2024.106643,none found,NA,yes,SEED,15,unclear,62,200,film clips,discrete-3class,pos/neu/neg,not reported,public,not verified,not verified,not verified,not verified,not verified,not verified,graph/spatial EEG representation learned by semi-supervised fine-tuning self-supervised graph attention network (SFT-SGAT) (input feature details not captured),not verified,unclear,graph/deep spatial features,semi-supervised fine-tuning self-supervised graph attention network (SFT-SGAT),self-supervised pretrain + semi-supervised fine-tune (LOSO),none,unclear (held-out target may influence validation/model selection),unclear (possible target-label/model-selection leakage),not verified,yes,leave-one-subject-out (LOSO),not verified,none,not verified,unclear,accuracy,92.04,3.28,not reported,unclear,mean+-SD,not verified,not verified,yes,mean,ambiguous/high-risk semi-supervised LOSO,possible target-label/model-selection leakage,high,"text L271/L273 (Ours last col): LOSO SEED 92.04+-3.28, SEED-IV 82.76+-4.02; Adjudicator: Section 3.2 Experimental setup; Section 3.3 Experimental results; Table 2","LOSO SEED 92.04/3.28 high-end (flag), SEED-IV 82.76/4.02 -> meta; Adjudicator decision=exclude-from-cross-subject-meta; LOSO is reported, but held-out subject is described as validation sample set and semi-supervised phase uses validation ACC/AUC thresholds; likely target-label/model-selection leakage. Keep narrative-only unless source-only validation is confirmed.",no,yes,no,verified-from-full-text (pdftotext read directly),"2026-06-26 full-text read directly (NEW 80-pile batch 33, FINAL); adjudicator decision applied 2026-07-04"
EEG-0433,Lina Qiu; Liangquan Zhong; Jianping Li; Weisen Feng; Chengju Zhou; Jiahui Pan,2024,SFT-SGAT: A Semi-Supervised Fine-Tuning Self-Supervised Graph Attention Network for EEG Emotion Recognition,"Neural Networks, 2024",journal,10.1016/j.neunet.2024.106643,https://doi.org/10.1016/j.neunet.2024.106643,none found,NA,yes,SEED-IV,15,unclear,62,200,movie clips,discrete-4class,happy/sad/fear/neu,not reported,public,not verified,not verified,not verified,not verified,not verified,not verified,graph/spatial EEG representation learned by semi-supervised fine-tuning self-supervised graph attention network (SFT-SGAT) (input feature details not captured),not verified,unclear,graph/deep spatial features,semi-supervised fine-tuning self-supervised graph attention network (SFT-SGAT),self-supervised pretrain + semi-supervised fine-tune (LOSO),none,unclear (held-out target may influence validation/model selection),unclear (possible target-label/model-selection leakage),not verified,yes,leave-one-subject-out (LOSO),not verified,none,not verified,unclear,accuracy,82.76,4.02,not reported,unclear,mean+-SD,not verified,not verified,yes,mean,ambiguous/high-risk semi-supervised LOSO,possible target-label/model-selection leakage,high,"text L271/L273 (Ours last col): LOSO SEED 92.04+-3.28, SEED-IV 82.76+-4.02; Adjudicator: Section 3.2 Experimental setup; Section 3.3 Experimental results; Table 2","LOSO SEED 92.04/3.28 high-end (flag), SEED-IV 82.76/4.02 -> meta; Adjudicator decision=exclude-from-cross-subject-meta; LOSO is reported, but held-out subject is described as validation sample set and semi-supervised phase uses validation ACC/AUC thresholds; likely target-label/model-selection leakage. Keep narrative-only unless source-only validation is confirmed.",no,yes,no,verified-from-full-text (pdftotext read directly),"2026-06-26 full-text read directly (NEW 80-pile batch 33, FINAL); adjudicator decision applied 2026-07-04"
EEG-0434,Yikai Zhang; Yong Peng; Junhua Li; Wanzeng Kong,2023,SIFIAE: An Adaptive Emotion Recognition Model With EEG Feature-Label Inconsistency Consideration,"Journal of Neuroscience Methods, 2023",journal,10.1016/j.jneumeth.2023.109909,https://doi.org/10.1016/j.jneumeth.2023.109909,none found,NA,yes,SEED / SEED-IV,varies,unclear,varies,varies,not verified,discrete,varies,not reported,public,not verified,not verified,not verified,not verified,not verified,not verified,adaptive feature-label-inconsistency EEG representation (exact input features not captured),not verified,unclear,adaptive semi-supervised EEG features,adaptive feature-label-inconsistency model (SIFIAE),semi-supervised (cross-session),none,yes,yes (semi-supervised),not verified,no (cross-session),cross-SESSION (within-subject across sessions),not verified,cross-session,not verified,unclear,accuracy,cross-session (not cross-subject; not poolable),not reported,not reported,unclear,not verified,not verified,not verified,yes,mean,cross-session (NOT cross-subject; out-of-scope for cross-subject meta),cross-session != cross-subject,some-concerns,PROTO: cross-SESSION (within-subject); not cross-subject generalization,cross-session (not cross-subject) -> narrative; cross-session semi-supervised,no,yes,yes,verified-from-full-text (pdftotext read directly),"2026-06-26 full-text read directly (NEW 80-pile batch 33, FINAL)"
EEG-0435,Minmin Miao; Jin Liang; Zhenzhen Sheng; Wenzhe Liu; Baoguo Xu; Wenjun Hu,2025,ST-SHAP: A Hierarchical and Explainable Attention Network for Emotional EEG Representation Learning,"Journal of Neuroscience Methods, 2025",journal,10.1016/j.jneumeth.2024.110317,https://doi.org/10.1016/j.jneumeth.2024.110317,none found,NA,yes,SEED / SEED-IV,varies,unclear,varies,varies,not verified,discrete,varies,not reported,public,not verified,not verified,not verified,not verified,not verified,not verified,graph/spatial EEG representation learned by hierarchical explainable attention network (ST-SHAP) (input feature details not captured),not verified,unclear,graph/deep spatial features,hierarchical explainable attention network (ST-SHAP),none (attention); LOSO,none,yes,unclear,not verified,yes,cross-subject (LOSO),not verified,none,not verified,unclear,accuracy,pending PDF-verify,not reported,not reported,unclear,not verified,not verified,not verified,yes,mean,A/E (LOSO + cross-dataset),none stated,some-concerns,text: cross-subject method; proposed aggregate mean/SD not cleanly isolated,PARTIAL - pending visual PDF-table verify; LOSO + cross-dataset; proposed mean/SD not surfaced; PDF-verify,no,yes,yes,PARTIAL - pending visual PDF-table verify,"2026-06-26 full-text read directly (NEW 80-pile batch 33, FINAL)"
EEG-0436,Chao Ren; Jinbo Chen; Rui Li; Weihao Zheng; Yijiang Chen; Yikun Yang; Xiaowei Zhang; Bin Hu,2024,Semi-Supervised Pairwise Transfer Learning Based on Multi-Source Domain Adaptation for EEG Emotion Recognition,"Knowledge-Based Systems, 2024",journal,10.1016/j.knosys.2024.112669,https://doi.org/10.1016/j.knosys.2024.112669,none found,NA,yes,SEED,15,unclear,62,200,film clips,discrete-3class,pos/neu/neg,not reported,public,not verified,not verified,not verified,not verified,not verified,not verified,domain-aligned or transfer-learned EEG representation learned by semi-supervised pairwise transfer (multi-source DA) (exact signal features not captured),not verified,unclear,domain-adaptation/transfer-learned features,semi-supervised pairwise transfer (multi-source DA),multi-source semi-supervised pairwise transfer (target labels),none,labeled+unlabeled target (few-shot/target-label; adjudicated),yes (limited target labels; adjudicated),not verified,yes,leave-one-subject-out (LOSO),not verified,none,not verified,unclear,accuracy,90.09,9.52,not reported,unclear,mean+-SD,not verified,not verified,yes,mean,F (few-shot/target-label; adjudicated),none (target-label use disclosed),some-concerns,"text L1120/L1138 (Ours last col): LOSO SEED 90.09+-9.52, SEED-IV 73.08+-10.33; Adjudicator: Abstract; Sections 3/4 method; Section 5.3; Table 4/Table 5","semi-supervised (target labels, protocol F) LOSO SEED 90.09/9.52, SEED-IV 73.08/10.33 -> meta (transductive/other family, F flag); Adjudicator decision=reclassify; Uses limited labeled target data plus unlabeled target data; valid disclosed semi-supervised/few-shot cross-subject result. Pool only in few-shot/target-label stratum, not no-target or UDA.",yes,yes,yes,verified-from-full-text (pdftotext read directly),"2026-06-26 full-text read directly (NEW 80-pile batch 33, FINAL); adjudicator decision applied 2026-07-04"
EEG-0436,Chao Ren; Jinbo Chen; Rui Li; Weihao Zheng; Yijiang Chen; Yikun Yang; Xiaowei Zhang; Bin Hu,2024,Semi-Supervised Pairwise Transfer Learning Based on Multi-Source Domain Adaptation for EEG Emotion Recognition,"Knowledge-Based Systems, 2024",journal,10.1016/j.knosys.2024.112669,https://doi.org/10.1016/j.knosys.2024.112669,none found,NA,yes,SEED-IV,15,unclear,62,200,movie clips,discrete-4class,happy/sad/fear/neu,not reported,public,not verified,not verified,not verified,not verified,not verified,not verified,domain-aligned or transfer-learned EEG representation learned by semi-supervised pairwise transfer (multi-source DA) (exact signal features not captured),not verified,unclear,domain-adaptation/transfer-learned features,semi-supervised pairwise transfer (multi-source DA),multi-source semi-supervised pairwise transfer (target labels),none,labeled+unlabeled target (few-shot/target-label; adjudicated),yes (limited target labels; adjudicated),not verified,yes,leave-one-subject-out (LOSO),not verified,none,not verified,unclear,accuracy,73.08,10.33,not reported,unclear,mean+-SD,not verified,not verified,yes,mean,F (few-shot/target-label; adjudicated),none (target-label use disclosed),some-concerns,"text L1120/L1138 (Ours last col): LOSO SEED 90.09+-9.52, SEED-IV 73.08+-10.33; Adjudicator: Abstract; Sections 3/4 method; Section 5.3; Table 4/Table 5","semi-supervised (target labels, protocol F) LOSO SEED 90.09/9.52, SEED-IV 73.08/10.33 -> meta (transductive/other family, F flag); Adjudicator decision=reclassify; Same protocol as SEED; limited labeled target data used. Pool only in few-shot/target-label stratum.",yes,yes,no,verified-from-full-text (pdftotext read directly),"2026-06-26 full-text read directly (NEW 80-pile batch 33, FINAL); adjudicator decision applied 2026-07-04"
EEG-0437,Tianhui Sha; Yikai Zhang; Yong Peng; Wanzeng Kong,2023,Semi-Supervised Regression With Adaptive Graph Learning for EEG-Based Emotion Recognition,"Mathematical Biosciences and Engineering, 2023",journal,10.3934/mbe.2023505,https://doi.org/10.3934/mbe.2023505,none found,NA,yes,SEED / SEED-IV,varies,unclear,varies,varies,not verified,discrete,varies,not reported,public,not verified,not verified,not verified,not verified,not verified,not verified,graph/spatial EEG representation learned by semi-supervised regression + adaptive graph learning (input feature details not captured),not verified,unclear,graph/deep spatial features,semi-supervised regression + adaptive graph learning,semi-supervised (cross-session),none,yes,yes (semi-supervised),not verified,no (cross-session),cross-SESSION (within-subject across sessions),not verified,cross-session,not verified,unclear,accuracy,cross-session (not cross-subject; not poolable),not reported,not reported,unclear,not verified,not verified,not verified,yes,mean,cross-session (NOT cross-subject; out-of-scope for cross-subject meta),cross-session != cross-subject,some-concerns,PROTO: cross-SESSION (within-subject); not cross-subject generalization,cross-session (not cross-subject) -> narrative; cross-session transductive semi-supervised regression,no,yes,yes,verified-from-full-text (pdftotext read directly),"2026-06-26 full-text read directly (NEW 80-pile batch 33, FINAL)"
EEG-0439,Siyu Zhu; Haisheng Fu; Yuchen Zou; Guohe Zhang; Jie Liang,2026,Spike-Hammer: An Efficient Spike-Driven Hybrid Architecture for Multi-Modal Emotion Recognition,"Neural Networks, 2026",journal,10.1016/j.neunet.2026.109022,https://doi.org/10.1016/j.neunet.2026.109022,none found,NA,yes,multimodal (EEG+multimodal),varies,unclear,varies,varies,not verified,mixed,varies,not reported,public,not verified,not verified,not verified,not verified,not verified,not verified,multimodal EEG plus non-EEG representation/features (exact extraction not captured),not verified,unclear,multimodal features,spike-driven hybrid architecture (Spike-hammer),none,none,no,no,not verified,unclear,multimodal,not verified,none,not verified,unclear,accuracy,multimodal (not EEG-only),not reported,not reported,unclear,not verified,not verified,not verified,yes,mean,MULTIMODAL (excluded from EEG-only meta),multimodal (EEG+multimodal),some-concerns,PROTO: multimodal (EEG+multimodal); excluded from EEG-only meta,multimodal -> narrative only; multimodal spike-driven,no,yes,yes,verified-from-full-text (pdftotext read directly),"2026-06-26 full-text read directly (NEW 80-pile batch 33, FINAL)"
EEG-0441,Wei Li; Bowen Hou; Xiaoyu Li; Ziming Qiu; Bo Peng; Ye Tian,2023,TMLP+SRDANN: A Domain Adaptation Method for EEG-Based Emotion Recognition,"Measurement, 2023",journal,10.1016/j.measurement.2022.112379,https://doi.org/10.1016/j.measurement.2022.112379,none found,NA,yes,SEED,15,unclear,62,200,film clips,discrete-3class,pos/neu/neg,not reported,public,not verified,not verified,not verified,not verified,not verified,not verified,learned EEG representation from TMLP + SRDANN (adversarial domain adaptation) (exact input features not captured),not verified,unclear,learned deep EEG features,TMLP + SRDANN (adversarial domain adaptation),unsupervised adversarial domain adaptation (transductive),none,yes,no,not verified,yes,"leave-one-subject-out (cross-subject, 3-session & 1-session)",not verified,none,not verified,unclear,accuracy,81.04,6.28,not reported,unclear,mean+-SD,not verified,not verified,yes,mean,B (transductive-UDA),none (transductive); honest mid-range,some-concerns,"text L726/L738: 3-session cross-subject SEED 81.04+-6.28; DEAP (Table 4) valence 61.88, arousal 57.70 (SD in table, not isolated)","cross-subject SEED 81.04/6.28 honest -> meta; DEAP valence 61.88 / arousal 57.70 honest, SD pending PDF-verify -> narrative",yes,yes,yes,verified-from-full-text (pdftotext read directly),"2026-06-26 full-text read directly (NEW 80-pile batch 33, FINAL)"
EEG-0441,Wei Li; Bowen Hou; Xiaoyu Li; Ziming Qiu; Bo Peng; Ye Tian,2023,TMLP+SRDANN: A Domain Adaptation Method for EEG-Based Emotion Recognition,"Measurement, 2023",journal,10.1016/j.measurement.2022.112379,https://doi.org/10.1016/j.measurement.2022.112379,none found,NA,yes,DEAP,32,unclear,32,128,music-video clips,dimensional-valence,high/low valence,not reported,public,not verified,not verified,not verified,not verified,not verified,not verified,learned EEG representation from TMLP + SRDANN (adversarial domain adaptation) (exact input features not captured),not verified,unclear,learned deep EEG features,TMLP + SRDANN (adversarial domain adaptation),unsupervised adversarial domain adaptation (transductive),none,yes,no,not verified,yes,"leave-one-subject-out (cross-subject, 3-session & 1-session)",not verified,none,not verified,unclear,accuracy,61.88,not reported (SD pending PDF-verify),not reported,unclear,mean+-SD,not verified,not verified,yes,mean,B (transductive-UDA),none (transductive); honest mid-range,some-concerns,"text L726/L738: 3-session cross-subject SEED 81.04+-6.28; DEAP (Table 4) valence 61.88, arousal 57.70 (SD in table, not isolated)","cross-subject SEED 81.04/6.28 honest -> meta; DEAP valence 61.88 / arousal 57.70 honest, SD pending PDF-verify -> narrative",no,yes,no,PARTIAL - pending visual PDF-table verify,"2026-06-26 full-text read directly (NEW 80-pile batch 33, FINAL)"
EEG-0442,Zhangyong Xu; Ning Chen; Guangqiang Li; Jing Li; Hongqing Zhu; Zhiying Zhu,2025,The Mitigation of Heterogeneity in Temporal Scale Among Different Cortical Regions for EEG Emotion Recognition,"Knowledge-Based Systems, 2025",journal,10.1016/j.knosys.2024.112826,https://doi.org/10.1016/j.knosys.2024.112826,none found,NA,yes,SEED / SEED-IV,varies,unclear,varies,varies,not verified,mixed,varies,not reported,public,not verified,not verified,not verified,not verified,not verified,not verified,multimodal EEG plus non-EEG representation/features (exact extraction not captured),not verified,unclear,multimodal features,temporal-scale heterogeneity mitigation (cortical regions),none,none,no,no,not verified,no (subject-dependent),subject-dependent,not verified,none,not verified,unclear,accuracy,subject-dependent (not poolable),not reported,not reported,unclear,not verified,not verified,not verified,yes,mean,subject-dependent (out-of-scope for cross-subject meta),subject-dependent (not cross-subject),some-concerns,PROTO: subject-dependent; not cross-subject,subject-dependent -> narrative only; subject-dependent + multimodal context,no,yes,yes,verified-from-full-text (pdftotext read directly),"2026-06-26 full-text read directly (NEW 80-pile batch 33, FINAL)"
EEG-0443,Jiahao Tang; Youjun Li; Chunwang Su; Xiangting Fan; Yangxuan Zheng; Haoyu Wang; Naeem Hadia; Peng Fang; Jue Wang; Nan Yao; Xueping Li; Zi-Gang Huang,2025,UDA-DDA: Unsupervised Domain Adaptation With Dynamic Distribution Alignment Network for EEG Emotion Recognition,"SSRN preprint, 2025 (published venue unconfirmed)",preprint,10.2139/ssrn.5334457,https://doi.org/10.2139/ssrn.5334457,none found,NA,no (preprint; published venue not confirmed),SEED / SEED-IV / DEAP,varies,unclear,varies,varies,not verified,discrete,varies,not reported,public,not verified,not verified,not verified,not verified,not verified,not verified,graph/spatial EEG representation learned by unsupervised DA + dynamic distribution alignment (UDA-DDA) (input feature details not captured),not verified,unclear,graph/deep spatial features,unsupervised DA + dynamic distribution alignment (UDA-DDA),"unsupervised domain adaptation (transductive, source-free)",none,yes,unclear,not verified,yes,cross-subject (LOSO),not verified,none,not verified,unclear,accuracy,pending PDF-verify,not reported,not reported,unclear,not verified,not verified,not verified,yes,mean,B (transductive-UDA),none stated,some-concerns,text: cross-subject method; proposed aggregate mean/SD not cleanly isolated,PARTIAL - pending visual PDF-table verify; LOSO cross-subject single-session (CS-SS) on SEED/SEED-IV/DEAP + cross-dataset (CS-CS); clean protocol but proposed mean/SD not surfaced; PDF-verify,no,yes,yes,PARTIAL - pending visual PDF-table verify,"2026-06-26 full-text read directly (NEW 80-pile batch 33, FINAL); preprint-status audit 2026-06-28: SSRN/preprint only, no confirmed publisher version in this pass"
EEG-0445,Huayu Chen; Junxiang Li; Huanhuan He; Shuting Sun; Jing Zhu; Xiaowei Li; Bin Hu,2025,VAE-CapsNet: A Common Emotion Information Extractor for Cross-Subject Emotion Recognition,"Knowledge-Based Systems, 2025",journal,10.1016/j.knosys.2025.113018,https://doi.org/10.1016/j.knosys.2025.113018,none found,NA,yes,SEED / SEED-IV (cross-session),15,unclear,62,200,not verified,discrete,varies,not reported,public,not verified,not verified,not verified,not verified,not verified,not verified,learned EEG representation from VAE + capsule network (common-info extractor) (exact input features not captured),not verified,unclear,learned deep EEG features,VAE + capsule network (common-info extractor),VAE common-information extraction,none,unclear,unclear,not verified,"ambiguous ('Loso' = leave-one-SESSION-out, not subject)",leave-one-SESSION-out (NOT leave-one-subject-out) + 1-to-1 session,not verified,cross-session (mislabeled LOSO),not verified,unclear,accuracy,cross-session (leave-one-session-out; not cross-subject),not reported,not reported,unclear,not verified,not verified,not verified,yes,mean,cross-session (mislabeled 'LOSO'); NOT cross-subject,"TERMINOLOGY FLAG: paper's 'Loso' = leave-one-SESSION-out (cross-session), not leave-one-subject-out -> title 'cross-subject' not supported by cross-session protocol",high,"text L810/L828: 'Loso represents the validation of Leave-one-session-out'; '1-to-1' = one-to-one session classification -> protocol is cross-SESSION, not cross-subject","TERMINOLOGY EXHIBIT: claims cross-subject in title but uses leave-one-SESSION-out -> narrative only, flag protocol-reporting inconsistency",no,yes,yes,verified-from-full-text (pdftotext read directly),"2026-06-26 full-text read directly (NEW 80-pile batch 33, FINAL)"
EEG-0446,Su Zhang; Chuangao Tang; Cuntai Guan,2022,Visual-to-EEG Cross-Modal Knowledge Distillation for Continuous Emotion Recognition,"Pattern Recognition, 2022",journal,10.1016/j.patcog.2022.108833,https://doi.org/10.1016/j.patcog.2022.108833,none found,NA,yes,multimodal (EEG+visual),varies,unclear,varies,varies,not verified,mixed,varies,not reported,public,not verified,not verified,not verified,not verified,not verified,not verified,multimodal EEG plus non-EEG representation/features (exact extraction not captured),not verified,unclear,multimodal features,visual-to-EEG cross-modal knowledge distillation,none,none,no,no,not verified,unclear,multimodal,not verified,none,not verified,unclear,accuracy,multimodal (not EEG-only),not reported,not reported,unclear,not verified,not verified,not verified,yes,mean,MULTIMODAL (excluded from EEG-only meta),multimodal (EEG+visual),some-concerns,PROTO: multimodal (EEG+visual); excluded from EEG-only meta,multimodal -> narrative only; continuous-emotion multimodal (visual->EEG KD); LOSO,no,yes,yes,verified-from-full-text (pdftotext read directly),"2026-06-26 full-text read directly (NEW 80-pile batch 33, FINAL)"
EEG-0408,Bianna Chen; C. L. Philip Chen; Tong Zhang,2026,IDFG: Information-Regularized Diversity-Fidelity Graph for EEG Emotion Recognition,"Knowledge-Based Systems, 2026",journal,10.1016/j.knosys.2025.115092,https://doi.org/10.1016/j.knosys.2025.115092,none found,NA,yes,SEED,15,unclear,62,200,film clips,discrete-3class,pos/neu/neg,not reported,public,not verified,not verified,not verified,not verified,not verified,not verified,graph/spatial EEG representation learned by information-regularized diversity-fidelity graph (IDFG) (input feature details not captured),not verified,unclear,graph/deep spatial features,information-regularized diversity-fidelity graph (IDFG),"domain generalization (graph augmentation, no target)",none,no,no,not verified,yes,leave-one-subject-out (domain generalization),not verified,none,not verified,unclear,accuracy,93.29,4,not reported,yes (per-subject table),mean+-SD,not verified,not verified,yes,mean,K (domain generalization),none (DG); SEED 93.29 high-end (flag),some-concerns,"PDF Table 1 (cross-subject, DG-based, Ours): SEED 93.29+-4.00, SEED-IV 81.32+-5.09, SEED-V 79.75+-8.73 (Avg 84.79). Table 2 cross-dataset Avg 63.97 (narrative).","SD RECOVERED from PDF Table 1; DG SEED 93.29/4.00 high-end (flag), SEED-IV 81.32/5.09, SEED-V 79.75/8.73 -> meta",yes,yes,yes,"verified-from-full-text (PDF table READ DIRECTLY, SD recovered)",2026-06-26 PDF table read directly (SD-recovery sweep)
EEG-0408,Bianna Chen; C. L. Philip Chen; Tong Zhang,2026,IDFG: Information-Regularized Diversity-Fidelity Graph for EEG Emotion Recognition,"Knowledge-Based Systems, 2026",journal,10.1016/j.knosys.2025.115092,https://doi.org/10.1016/j.knosys.2025.115092,none found,NA,yes,SEED-IV,15,unclear,62,200,movie clips,discrete-4class,happy/sad/fear/neu,not reported,public,not verified,not verified,not verified,not verified,not verified,not verified,graph/spatial EEG representation learned by information-regularized diversity-fidelity graph (IDFG) (input feature details not captured),not verified,unclear,graph/deep spatial features,information-regularized diversity-fidelity graph (IDFG),"domain generalization (graph augmentation, no target)",none,no,no,not verified,yes,leave-one-subject-out (domain generalization),not verified,none,not verified,unclear,accuracy,81.32,5.09,not reported,yes (per-subject table),mean+-SD,not verified,not verified,yes,mean,K (domain generalization),none (DG); SEED 93.29 high-end (flag),some-concerns,"PDF Table 1 (cross-subject, DG-based, Ours): SEED 93.29+-4.00, SEED-IV 81.32+-5.09, SEED-V 79.75+-8.73 (Avg 84.79). Table 2 cross-dataset Avg 63.97 (narrative).","SD RECOVERED from PDF Table 1; DG SEED 93.29/4.00 high-end (flag), SEED-IV 81.32/5.09, SEED-V 79.75/8.73 -> meta",yes,yes,no,"verified-from-full-text (PDF table READ DIRECTLY, SD recovered)",2026-06-26 PDF table read directly (SD-recovery sweep)
EEG-0408,Bianna Chen; C. L. Philip Chen; Tong Zhang,2026,IDFG: Information-Regularized Diversity-Fidelity Graph for EEG Emotion Recognition,"Knowledge-Based Systems, 2026",journal,10.1016/j.knosys.2025.115092,https://doi.org/10.1016/j.knosys.2025.115092,none found,NA,yes,SEED-V,16,unclear,62,200,not verified,discrete-5class,5 emotions,not reported,public,not verified,not verified,not verified,not verified,not verified,not verified,graph/spatial EEG representation learned by information-regularized diversity-fidelity graph (IDFG) (input feature details not captured),not verified,unclear,graph/deep spatial features,information-regularized diversity-fidelity graph (IDFG),"domain generalization (graph augmentation, no target)",none,no,no,not verified,yes,leave-one-subject-out (domain generalization),not verified,none,not verified,unclear,accuracy,79.75,8.73,not reported,yes (per-subject table),mean+-SD,not verified,not verified,yes,mean,K (domain generalization),none (DG); SEED 93.29 high-end (flag),some-concerns,"PDF Table 1 (cross-subject, DG-based, Ours): SEED 93.29+-4.00, SEED-IV 81.32+-5.09, SEED-V 79.75+-8.73 (Avg 84.79). Table 2 cross-dataset Avg 63.97 (narrative).","SD RECOVERED from PDF Table 1; DG SEED 93.29/4.00 high-end (flag), SEED-IV 81.32/5.09, SEED-V 79.75/8.73 -> meta",yes,yes,no,"verified-from-full-text (PDF table READ DIRECTLY, SD recovered)",2026-06-26 PDF table read directly (SD-recovery sweep)
EEG-0428,Bingtao Zhou; Mian Xiang; Qian Ning,2025,ProDG: A Proxy-Domain-Guiding Strategy for Multi-Source-Free Domain Adaptation in EEG Emotion Recognition,"Knowledge-Based Systems, 2025",journal,10.1016/j.knosys.2025.114318,https://doi.org/10.1016/j.knosys.2025.114318,none found,NA,yes,SEED,15,unclear,62,200,film clips,discrete-3class,pos/neu/neg,not reported,public,not verified,not verified,not verified,not verified,not verified,not verified,domain-aligned or transfer-learned EEG representation learned by proxy-domain-guiding multi-source-free DA (ProDG) (exact signal features not captured),not verified,unclear,domain-adaptation/transfer-learned features,proxy-domain-guiding multi-source-free DA (ProDG),"multi-source-free domain adaptation (source-free, LOSO)",none,yes (unlabeled target; source-free),no,not verified,yes,leave-one-subject-out (source-free),not verified,none,not verified,unclear,accuracy,85.9,5.3,not reported,yes (per-subject table),mean+-SD,not verified,not verified,yes,mean,K (source-free DG/UDA),none (source-free); honest mid/high,some-concerns,"PDF Table 6 (ProDG ours, privacy-preserving): SEED 85.9+-5.3, SEED-IV 70.4+-8.2, DEAP 65.1+-5.2","SD RECOVERED from PDF Table 6; source-free DG SEED 85.9/5.3, SEED-IV 70.4/8.2, DEAP 65.1/5.2 honest -> meta",yes,yes,yes,"verified-from-full-text (PDF table READ DIRECTLY, SD recovered)",2026-06-26 PDF table read directly (SD-recovery sweep)
EEG-0428,Bingtao Zhou; Mian Xiang; Qian Ning,2025,ProDG: A Proxy-Domain-Guiding Strategy for Multi-Source-Free Domain Adaptation in EEG Emotion Recognition,"Knowledge-Based Systems, 2025",journal,10.1016/j.knosys.2025.114318,https://doi.org/10.1016/j.knosys.2025.114318,none found,NA,yes,SEED-IV,15,unclear,62,200,movie clips,discrete-4class,happy/sad/fear/neu,not reported,public,not verified,not verified,not verified,not verified,not verified,not verified,domain-aligned or transfer-learned EEG representation learned by proxy-domain-guiding multi-source-free DA (ProDG) (exact signal features not captured),not verified,unclear,domain-adaptation/transfer-learned features,proxy-domain-guiding multi-source-free DA (ProDG),"multi-source-free domain adaptation (source-free, LOSO)",none,yes (unlabeled target; source-free),no,not verified,yes,leave-one-subject-out (source-free),not verified,none,not verified,unclear,accuracy,70.4,8.2,not reported,yes (per-subject table),mean+-SD,not verified,not verified,yes,mean,K (source-free DG/UDA),none (source-free); honest mid/high,some-concerns,"PDF Table 6 (ProDG ours, privacy-preserving): SEED 85.9+-5.3, SEED-IV 70.4+-8.2, DEAP 65.1+-5.2","SD RECOVERED from PDF Table 6; source-free DG SEED 85.9/5.3, SEED-IV 70.4/8.2, DEAP 65.1/5.2 honest -> meta",yes,yes,no,"verified-from-full-text (PDF table READ DIRECTLY, SD recovered)",2026-06-26 PDF table read directly (SD-recovery sweep)
EEG-0428,Bingtao Zhou; Mian Xiang; Qian Ning,2025,ProDG: A Proxy-Domain-Guiding Strategy for Multi-Source-Free Domain Adaptation in EEG Emotion Recognition,"Knowledge-Based Systems, 2025",journal,10.1016/j.knosys.2025.114318,https://doi.org/10.1016/j.knosys.2025.114318,none found,NA,yes,DEAP,32,unclear,32,128,music-video clips,dimensional-valence,high/low valence,not reported,public,not verified,not verified,not verified,not verified,not verified,not verified,domain-aligned or transfer-learned EEG representation learned by proxy-domain-guiding multi-source-free DA (ProDG) (exact signal features not captured),not verified,unclear,domain-adaptation/transfer-learned features,proxy-domain-guiding multi-source-free DA (ProDG),"multi-source-free domain adaptation (source-free, LOSO)",none,yes (unlabeled target; source-free),no,not verified,yes,leave-one-subject-out (source-free),not verified,none,not verified,unclear,accuracy,65.1,5.2,not reported,yes (per-subject table),mean+-SD,not verified,not verified,yes,mean,K (source-free DG/UDA),none (source-free); honest mid/high,some-concerns,"PDF Table 6 (ProDG ours, privacy-preserving): SEED 85.9+-5.3, SEED-IV 70.4+-8.2, DEAP 65.1+-5.2","SD RECOVERED from PDF Table 6; source-free DG SEED 85.9/5.3, SEED-IV 70.4/8.2, DEAP 65.1/5.2 honest -> meta",yes,yes,no,"verified-from-full-text (PDF table READ DIRECTLY, SD recovered)",2026-06-26 PDF table read directly (SD-recovery sweep)
EEG-0440,Guixun Xu; Wenhui Guo; Yanjiang Wang,2022,Subject-Independent EEG Emotion Recognition With Hybrid Spatio-Temporal GRU-Conv Architecture,"Medical & Biological Engineering & Computing, 2022",journal,10.1007/s11517-022-02686-x,https://doi.org/10.1007/s11517-022-02686-x,none found,NA,yes,SEED,15,unclear,62,200,film clips,discrete-3class,pos/neu/neg,not reported,public,not verified,not verified,not verified,not verified,not verified,not verified,graph/spatial EEG representation learned by hybrid spatio-temporal GRU-Conv (input feature details not captured),not verified,unclear,graph/deep spatial features,hybrid spatio-temporal GRU-Conv,none,none,no,no,not verified,yes,leave-one-subject-out (LOSO),not verified,none,not verified,unclear,accuracy,87.04,13.35,not reported,yes (per-subject table),mean+-SD,not verified,not verified,yes,mean,"A (inductive LOSO, no target)",none (LOSO); SEED SD very large (13.35),some-concerns,"PDF Table 2 (SEED subject-independent, GRU-Conv ours 'All' band): 87.04+-13.35; Table 3 DEAP LOSO arousal 70.07 / valence 67.34 (per-subject bars only, NO aggregate SD)",SEED SD RECOVERED 87.04/13.35 (very large SD) -> meta; DEAP arousal 70.07 / valence 67.34 have NO aggregate SD -> narrative,yes,yes,yes,"verified-from-full-text (PDF table READ DIRECTLY, SD recovered)",2026-06-26 PDF table read directly (SD-recovery sweep)
EEG-0440,Guixun Xu; Wenhui Guo; Yanjiang Wang,2022,Subject-Independent EEG Emotion Recognition With Hybrid Spatio-Temporal GRU-Conv Architecture,"Medical & Biological Engineering & Computing, 2022",journal,10.1007/s11517-022-02686-x,https://doi.org/10.1007/s11517-022-02686-x,none found,NA,yes,DEAP,32,unclear,32,128,music-video clips,dimensional-arousal,high/low arousal,not reported,public,not verified,not verified,not verified,not verified,not verified,not verified,graph/spatial EEG representation learned by hybrid spatio-temporal GRU-Conv (input feature details not captured),not verified,unclear,graph/deep spatial features,hybrid spatio-temporal GRU-Conv,none,none,no,no,not verified,yes,leave-one-subject-out (LOSO),not verified,none,not verified,unclear,accuracy,70.07,not reported (per-subject bars only),not reported,"yes (bars only, no aggregate SD)",mean+-SD,not verified,not verified,yes,mean,"A (inductive LOSO, no target)",none (LOSO); SEED SD very large (13.35),some-concerns,"PDF Table 2 (SEED subject-independent, GRU-Conv ours 'All' band): 87.04+-13.35; Table 3 DEAP LOSO arousal 70.07 / valence 67.34 (per-subject bars only, NO aggregate SD)",SEED SD RECOVERED 87.04/13.35 (very large SD) -> meta; DEAP arousal 70.07 / valence 67.34 have NO aggregate SD -> narrative,no,yes,no,"verified-from-full-text (PDF table READ DIRECTLY, SD recovered)",2026-06-26 PDF table read directly (SD-recovery sweep)
EEG-0384,Qingshan She; Yipeng Li; Yun Chen; Ming Meng; Su Liu; Yingchun Zhang,2025,Dual Filtration Subdomain Adaptation Network for Cross-Subject EEG Emotion Recognition (DFSAN),"Neurocomputing, 2025",journal,10.1016/j.neucom.2025.130254,https://doi.org/10.1016/j.neucom.2025.130254,none found,NA,yes,SEED,15,unclear,62,200,film clips,discrete-3class,pos/neu/neg,not reported,public,not verified,not verified,not verified,not verified,not verified,not verified,domain-aligned or transfer-learned EEG representation learned by dual-filtration subdomain adaptation network (DFSAN) (exact signal features not captured),not verified,unclear,domain-adaptation/transfer-learned features,dual-filtration subdomain adaptation network (DFSAN),"multi-source subdomain adaptation (transductive, target labels NOT used in training)",none,yes,no,not verified,yes,leave-one-subject-out (LOSO),not verified,none,not verified,unclear,accuracy,88.68,6.08,not reported,yes (per-subject table),mean+-SD,not verified,not verified,yes,mean,"B (transductive-UDA, multi-source)",none (transductive); honest mid-range; SEED-IV/SEED-V SD large,some-concerns,"PDF Table 2 (Ours): SEED 88.68+-6.08, SEED-IV 67.61+-13.27, DEAP 65.33+-4.17, SEED-V 65.57+-12.96","SD RECOVERED from PDF Table 2; honest LOSO SEED 88.68/6.08, SEED-IV 67.61/13.27, DEAP 65.33/4.17, SEED-V 65.57/12.96 -> meta",yes,yes,yes,"verified-from-full-text (PDF table READ DIRECTLY, SD recovered)",2026-06-26 PDF table read directly (SD-recovery sweep)
EEG-0384,Qingshan She; Yipeng Li; Yun Chen; Ming Meng; Su Liu; Yingchun Zhang,2025,Dual Filtration Subdomain Adaptation Network for Cross-Subject EEG Emotion Recognition (DFSAN),"Neurocomputing, 2025",journal,10.1016/j.neucom.2025.130254,https://doi.org/10.1016/j.neucom.2025.130254,none found,NA,yes,SEED-IV,15,unclear,62,200,movie clips,discrete-4class,happy/sad/fear/neu,not reported,public,not verified,not verified,not verified,not verified,not verified,not verified,domain-aligned or transfer-learned EEG representation learned by dual-filtration subdomain adaptation network (DFSAN) (exact signal features not captured),not verified,unclear,domain-adaptation/transfer-learned features,dual-filtration subdomain adaptation network (DFSAN),"multi-source subdomain adaptation (transductive, target labels NOT used in training)",none,yes,no,not verified,yes,leave-one-subject-out (LOSO),not verified,none,not verified,unclear,accuracy,67.61,13.27,not reported,yes (per-subject table),mean+-SD,not verified,not verified,yes,mean,"B (transductive-UDA, multi-source)",none (transductive); honest mid-range; SEED-IV/SEED-V SD large,some-concerns,"PDF Table 2 (Ours): SEED 88.68+-6.08, SEED-IV 67.61+-13.27, DEAP 65.33+-4.17, SEED-V 65.57+-12.96","SD RECOVERED from PDF Table 2; honest LOSO SEED 88.68/6.08, SEED-IV 67.61/13.27, DEAP 65.33/4.17, SEED-V 65.57/12.96 -> meta",yes,yes,no,"verified-from-full-text (PDF table READ DIRECTLY, SD recovered)",2026-06-26 PDF table read directly (SD-recovery sweep)
EEG-0384,Qingshan She; Yipeng Li; Yun Chen; Ming Meng; Su Liu; Yingchun Zhang,2025,Dual Filtration Subdomain Adaptation Network for Cross-Subject EEG Emotion Recognition (DFSAN),"Neurocomputing, 2025",journal,10.1016/j.neucom.2025.130254,https://doi.org/10.1016/j.neucom.2025.130254,none found,NA,yes,DEAP,32,unclear,32,128,music-video clips,dimensional,binary,not reported,public,not verified,not verified,not verified,not verified,not verified,not verified,domain-aligned or transfer-learned EEG representation learned by dual-filtration subdomain adaptation network (DFSAN) (exact signal features not captured),not verified,unclear,domain-adaptation/transfer-learned features,dual-filtration subdomain adaptation network (DFSAN),"multi-source subdomain adaptation (transductive, target labels NOT used in training)",none,yes,no,not verified,yes,leave-one-subject-out (LOSO),not verified,none,not verified,unclear,accuracy,65.33,4.17,not reported,yes (per-subject table),mean+-SD,not verified,not verified,yes,mean,"B (transductive-UDA, multi-source)",none (transductive); honest mid-range; SEED-IV/SEED-V SD large,some-concerns,"PDF Table 2 (Ours): SEED 88.68+-6.08, SEED-IV 67.61+-13.27, DEAP 65.33+-4.17, SEED-V 65.57+-12.96","SD RECOVERED from PDF Table 2; honest LOSO SEED 88.68/6.08, SEED-IV 67.61/13.27, DEAP 65.33/4.17, SEED-V 65.57/12.96 -> meta",yes,yes,no,"verified-from-full-text (PDF table READ DIRECTLY, SD recovered)",2026-06-26 PDF table read directly (SD-recovery sweep)
EEG-0384,Qingshan She; Yipeng Li; Yun Chen; Ming Meng; Su Liu; Yingchun Zhang,2025,Dual Filtration Subdomain Adaptation Network for Cross-Subject EEG Emotion Recognition (DFSAN),"Neurocomputing, 2025",journal,10.1016/j.neucom.2025.130254,https://doi.org/10.1016/j.neucom.2025.130254,none found,NA,yes,SEED-V,16,unclear,62,200,not verified,discrete-5class,5 emotions,not reported,public,not verified,not verified,not verified,not verified,not verified,not verified,domain-aligned or transfer-learned EEG representation learned by dual-filtration subdomain adaptation network (DFSAN) (exact signal features not captured),not verified,unclear,domain-adaptation/transfer-learned features,dual-filtration subdomain adaptation network (DFSAN),"multi-source subdomain adaptation (transductive, target labels NOT used in training)",none,yes,no,not verified,yes,leave-one-subject-out (LOSO),not verified,none,not verified,unclear,accuracy,65.57,12.96,not reported,yes (per-subject table),mean+-SD,not verified,not verified,yes,mean,"B (transductive-UDA, multi-source)",none (transductive); honest mid-range; SEED-IV/SEED-V SD large,some-concerns,"PDF Table 2 (Ours): SEED 88.68+-6.08, SEED-IV 67.61+-13.27, DEAP 65.33+-4.17, SEED-V 65.57+-12.96","SD RECOVERED from PDF Table 2; honest LOSO SEED 88.68/6.08, SEED-IV 67.61/13.27, DEAP 65.33/4.17, SEED-V 65.57/12.96 -> meta",yes,yes,no,"verified-from-full-text (PDF table READ DIRECTLY, SD recovered)",2026-06-26 PDF table read directly (SD-recovery sweep)
EEG-0379,Shuaiqi Liu; Zeyao Wang; Yanling An; Bing Li; Xinrui Wang; Yudong Zhang,2023,DA-CapsNet: A Multi-Branch Capsule Network Based on Adversarial Domain Adaption for Cross-Subject EEG Emotion Recognition,"Knowledge-Based Systems, 2024",journal,10.1016/j.knosys.2023.111137,https://doi.org/10.1016/j.knosys.2023.111137,none found,NA,yes,SEED,15,unclear,62,200,film clips,discrete-3class,pos/neu/neg,not reported,public,not verified,not verified,not verified,not verified,not verified,not verified,learned EEG representation from multi-branch capsule net + adversarial DA (DA-CapsNet) (exact input features not captured),not verified,unclear,learned deep EEG features,multi-branch capsule net + adversarial DA (DA-CapsNet),"adversarial domain adaptation (unsupervised, transductive)",none,yes,no,not verified,yes,leave-one-subject-out (LOSO),not verified,none,not verified,unclear,accuracy,84.63,9.09,not reported,yes (per-subject table),mean+-SD,not verified,not verified,yes,mean,B (transductive-UDA),none (transductive),some-concerns,PDF table (own paper L423 + corroborated by DBPM Table 1 cross-citation): SEED LOSO 84.63+-9.09,SD RECOVERED + cross-confirmed; SEED 84.63/9.09 -> meta; SEED-IV not reported,yes,yes,yes,"verified-from-full-text (PDF table READ DIRECTLY, SD recovered)",2026-06-26 PDF table read directly (PDF-verify clearance sweep 2)
EEG-0402,Qiang Wang; Liying Yang; Qian Zhang; Jingtao Du; Yumeng Ye,2025,Fine-Grained Label Propagation via Density-Based Prototype Matching for Cross-Subject EEG Emotion Recognition (DBPM),"Knowledge-Based Systems, 2025",journal,10.1016/j.knosys.2025.114650,https://doi.org/10.1016/j.knosys.2025.114650,none found,NA,yes,SEED,15,unclear,62,200,film clips,discrete-3class,pos/neu/neg,not reported,public,not verified,not verified,not verified,not verified,not verified,not verified,graph/spatial EEG representation learned by density-based prototype matching + label propagation (DBPM) (input feature details not captured),not verified,unclear,graph/deep spatial features,density-based prototype matching + label propagation (DBPM),multi-source DA + sequential pseudo-label propagation (transductive),none,yes,no,not verified,yes,leave-one-subject-out (LOSO),not verified,none,not verified,unclear,accuracy,94.86,6.43,not reported,yes (per-subject table),mean+-SD,not verified,not verified,yes,mean (high-end leakage-suspect),B (transductive-UDA),none (transductive); SEED 94.86 high-end (flag),some-concerns,"PDF Table 1 (DBPM, bold): LOSO SEED 94.86+-6.43, SEED-IV 78.90+-9.71 (best-session 95.42/80.54 separate)","SD RECOVERED; transductive LOSO SEED 94.86/6.43 high-end (flag), SEED-IV 78.90/9.71 -> meta",yes,yes,yes,"verified-from-full-text (PDF table READ DIRECTLY, SD recovered)",2026-06-26 PDF table read directly (PDF-verify clearance sweep 2)
EEG-0402,Qiang Wang; Liying Yang; Qian Zhang; Jingtao Du; Yumeng Ye,2025,Fine-Grained Label Propagation via Density-Based Prototype Matching for Cross-Subject EEG Emotion Recognition (DBPM),"Knowledge-Based Systems, 2025",journal,10.1016/j.knosys.2025.114650,https://doi.org/10.1016/j.knosys.2025.114650,none found,NA,yes,SEED-IV,15,unclear,62,200,movie clips,discrete-4class,happy/sad/fear/neu,not reported,public,not verified,not verified,not verified,not verified,not verified,not verified,graph/spatial EEG representation learned by density-based prototype matching + label propagation (DBPM) (input feature details not captured),not verified,unclear,graph/deep spatial features,density-based prototype matching + label propagation (DBPM),multi-source DA + sequential pseudo-label propagation (transductive),none,yes,no,not verified,yes,leave-one-subject-out (LOSO),not verified,none,not verified,unclear,accuracy,78.9,9.71,not reported,yes (per-subject table),mean+-SD,not verified,not verified,yes,mean,B (transductive-UDA),none (transductive); SEED 94.86 high-end (flag),some-concerns,"PDF Table 1 (DBPM, bold): LOSO SEED 94.86+-6.43, SEED-IV 78.90+-9.71 (best-session 95.42/80.54 separate)","SD RECOVERED; transductive LOSO SEED 94.86/6.43 high-end (flag), SEED-IV 78.90/9.71 -> meta",yes,yes,no,"verified-from-full-text (PDF table READ DIRECTLY, SD recovered)",2026-06-26 PDF table read directly (PDF-verify clearance sweep 2)
EEG-0438,Yanling An; Shaohai Hu; Shuaiqi Liu; Zhihui Gu; Yuan Zhang; Yudong Zhang,2025,Spatiotemporal Isomorphic Cross-Brain Region Interaction Network for Cross-Subject EEG Emotion Recognition (STCBI-Nets),"Knowledge-Based Systems, 2025",journal,10.1016/j.knosys.2025.114115,https://doi.org/10.1016/j.knosys.2025.114115,none found,NA,yes,SEED,15,unclear,62,200,film clips,discrete-3class,pos/neu/neg,not reported,public,not verified,not verified,not verified,not verified,not verified,not verified,self-supervised or contrastive EEG representation learned by spatiotemporal isomorphic cross-brain interaction network (STCBI-Nets) (input feature details not captured),not verified,unclear,learned self-supervised/contrastive features,spatiotemporal isomorphic cross-brain interaction network (STCBI-Nets),"JOADAS (DANN + category subdomain alignment + weighted contrastive), transductive",none,yes,no,not verified,yes,leave-one-subject-out (LOSO),not verified,none,not verified,unclear,accuracy,90.21,6.32,not reported,yes (per-subject table),mean+-SD,not verified,not verified,yes,mean,B (transductive-UDA),none (transductive); cross-session reported separately,some-concerns,"PDF Table 1 (STCBI-Nets): CROSS-SUBJECT SEED 90.21+-6.32, SEED-IV 75.17+-8.82; cross-session 91.87/77.34 (SEPARATE)","SD RECOVERED; cross-subject LOSO SEED 90.21/6.32, SEED-IV 75.17/8.82 -> meta; cross-session not pooled",yes,yes,yes,"verified-from-full-text (PDF table READ DIRECTLY, SD recovered)",2026-06-26 PDF table read directly (PDF-verify clearance sweep 2)
EEG-0438,Yanling An; Shaohai Hu; Shuaiqi Liu; Zhihui Gu; Yuan Zhang; Yudong Zhang,2025,Spatiotemporal Isomorphic Cross-Brain Region Interaction Network for Cross-Subject EEG Emotion Recognition (STCBI-Nets),"Knowledge-Based Systems, 2025",journal,10.1016/j.knosys.2025.114115,https://doi.org/10.1016/j.knosys.2025.114115,none found,NA,yes,SEED-IV,15,unclear,62,200,movie clips,discrete-4class,happy/sad/fear/neu,not reported,public,not verified,not verified,not verified,not verified,not verified,not verified,self-supervised or contrastive EEG representation learned by spatiotemporal isomorphic cross-brain interaction network (STCBI-Nets) (input feature details not captured),not verified,unclear,learned self-supervised/contrastive features,spatiotemporal isomorphic cross-brain interaction network (STCBI-Nets),"JOADAS (DANN + category subdomain alignment + weighted contrastive), transductive",none,yes,no,not verified,yes,leave-one-subject-out (LOSO),not verified,none,not verified,unclear,accuracy,75.17,8.82,not reported,yes (per-subject table),mean+-SD,not verified,not verified,yes,mean,B (transductive-UDA),none (transductive); cross-session reported separately,some-concerns,"PDF Table 1 (STCBI-Nets): CROSS-SUBJECT SEED 90.21+-6.32, SEED-IV 75.17+-8.82; cross-session 91.87/77.34 (SEPARATE)","SD RECOVERED; cross-subject LOSO SEED 90.21/6.32, SEED-IV 75.17/8.82 -> meta; cross-session not pooled",yes,yes,no,"verified-from-full-text (PDF table READ DIRECTLY, SD recovered)",2026-06-26 PDF table read directly (PDF-verify clearance sweep 2)
EEG-0405,Yi Guo; Chao Tang; Hao Wu; Badong Chen,2024,GNN-Based Multi-Source Domain Prototype Representation for Cross-Subject EEG Emotion Recognition,"Neurocomputing, 2024",journal,10.1016/j.neucom.2024.128445,https://doi.org/10.1016/j.neucom.2024.128445,none found,NA,yes,SEED,15,unclear,62,200,film clips,discrete-3class,pos/neu/neg,not reported,public,not verified,not verified,not verified,not verified,not verified,not verified,graph/spatial EEG representation learned by GNN multi-source domain prototype representation (input feature details not captured),not verified,unclear,graph/deep spatial features,GNN multi-source domain prototype representation,"multi-source domain adaptation (prototype, transductive)",none,yes,no,not verified,yes,leave-one-subject-out (LOSO),not verified,none,not verified,unclear,accuracy,91.48,3.88,not reported,yes (per-subject table),mean+-SD,not verified,not verified,yes,mean,"B (transductive-UDA, multi-source)",none (transductive); SEED 91.48 high-end (flag),some-concerns,"PDF Table 4 (SEED subject-independent LOSO, Ours): 91.48+-3.88; Table 5 (SEED-IV): 83.16+-7.01","aggregate SD RECOVERED; LOSO SEED 91.48/3.88 high-end (flag), SEED-IV 83.16/7.01 -> meta",yes,yes,yes,"verified-from-full-text (PDF table READ DIRECTLY, SD recovered)",2026-06-26 PDF table read directly (PDF-verify clearance sweep 2)
EEG-0405,Yi Guo; Chao Tang; Hao Wu; Badong Chen,2024,GNN-Based Multi-Source Domain Prototype Representation for Cross-Subject EEG Emotion Recognition,"Neurocomputing, 2024",journal,10.1016/j.neucom.2024.128445,https://doi.org/10.1016/j.neucom.2024.128445,none found,NA,yes,SEED-IV,15,unclear,62,200,movie clips,discrete-4class,happy/sad/fear/neu,not reported,public,not verified,not verified,not verified,not verified,not verified,not verified,graph/spatial EEG representation learned by GNN multi-source domain prototype representation (input feature details not captured),not verified,unclear,graph/deep spatial features,GNN multi-source domain prototype representation,"multi-source domain adaptation (prototype, transductive)",none,yes,no,not verified,yes,leave-one-subject-out (LOSO),not verified,none,not verified,unclear,accuracy,83.16,7.01,not reported,yes (per-subject table),mean+-SD,not verified,not verified,yes,mean,"B (transductive-UDA, multi-source)",none (transductive); SEED 91.48 high-end (flag),some-concerns,"PDF Table 4 (SEED subject-independent LOSO, Ours): 91.48+-3.88; Table 5 (SEED-IV): 83.16+-7.01","aggregate SD RECOVERED; LOSO SEED 91.48/3.88 high-end (flag), SEED-IV 83.16/7.01 -> meta",yes,yes,no,"verified-from-full-text (PDF table READ DIRECTLY, SD recovered)",2026-06-26 PDF table read directly (PDF-verify clearance sweep 2)
EEG-0444,Chang Gao; Lifan Jia; Jiajun Xu; Pengcheng Yang,2025,UMDA-DDSTGN: An Unsupervised Meta-Domain Adaptation Method Using Dynamic Directed Spatial-Temporal Graph Network,"Knowledge-Based Systems, 2025",journal,10.1016/j.knosys.2025.113938,https://doi.org/10.1016/j.knosys.2025.113938,none found,NA,yes,SEED,15,unclear,62,200,film clips,discrete-3class,pos/neu/neg,not reported,public,not verified,not verified,not verified,not verified,not verified,not verified,graph/spatial EEG representation learned by unsupervised meta-DA + dynamic directed spatial-temporal graph (UMDA-DDSTGN) (input feature details not captured),not verified,unclear,graph/deep spatial features,unsupervised meta-DA + dynamic directed spatial-temporal graph (UMDA-DDSTGN),unsupervised meta-domain adaptation + unlabeled-target fine-tune (transductive),none,yes,no,not verified,yes,leave-one-subject-out (LOSO),not verified,none,not verified,unclear,accuracy,95.45,4.83,not reported,yes (per-subject table),mean+-SD,not verified,not verified,yes,mean (near-ceiling high-end flag),"B (transductive-UDA, meta-learning)","none (transductive, no target labels); SEED 95.45 near-ceiling (flag)",some-concerns,"PDF Table 2 (UMDA-DDSTGN, bold): SEED 95.45+-4.83, SEED-IV 82.16+-5.23 (subject-independent; no target labels, L'method does not require labeled target')","SD RECOVERED; SEED 95.45/4.83 NEAR-CEILING high-end (prominent flag; sensitivity-analysis candidate), SEED-IV 82.16/5.23 -> meta",yes,yes,yes,"verified-from-full-text (PDF table READ DIRECTLY, SD recovered)",2026-06-26 PDF table read directly (PDF-verify clearance sweep 2)
EEG-0444,Chang Gao; Lifan Jia; Jiajun Xu; Pengcheng Yang,2025,UMDA-DDSTGN: An Unsupervised Meta-Domain Adaptation Method Using Dynamic Directed Spatial-Temporal Graph Network,"Knowledge-Based Systems, 2025",journal,10.1016/j.knosys.2025.113938,https://doi.org/10.1016/j.knosys.2025.113938,none found,NA,yes,SEED-IV,15,unclear,62,200,movie clips,discrete-4class,happy/sad/fear/neu,not reported,public,not verified,not verified,not verified,not verified,not verified,not verified,graph/spatial EEG representation learned by unsupervised meta-DA + dynamic directed spatial-temporal graph (UMDA-DDSTGN) (input feature details not captured),not verified,unclear,graph/deep spatial features,unsupervised meta-DA + dynamic directed spatial-temporal graph (UMDA-DDSTGN),unsupervised meta-domain adaptation + unlabeled-target fine-tune (transductive),none,yes,no,not verified,yes,leave-one-subject-out (LOSO),not verified,none,not verified,unclear,accuracy,82.16,5.23,not reported,yes (per-subject table),mean+-SD,not verified,not verified,yes,mean,"B (transductive-UDA, meta-learning)","none (transductive, no target labels); SEED 95.45 near-ceiling (flag)",some-concerns,"PDF Table 2 (UMDA-DDSTGN, bold): SEED 95.45+-4.83, SEED-IV 82.16+-5.23 (subject-independent; no target labels, L'method does not require labeled target')","SD RECOVERED; SEED 95.45/4.83 NEAR-CEILING high-end (prominent flag; sensitivity-analysis candidate), SEED-IV 82.16/5.23 -> meta",yes,yes,no,"verified-from-full-text (PDF table READ DIRECTLY, SD recovered)",2026-06-26 PDF table read directly (PDF-verify clearance sweep 2)
EEG-0425,Lina Qiu; Minjin Wu; You Hu; Baiqiang Long; Tianjian Chen; Jiahui Pan,2026,PDGCN: A Progressive Dual-Branch Graph Convolution Network for EEG Emotion Recognition,"Neural Networks, 2026",journal,10.1016/j.neunet.2026.109016,https://doi.org/10.1016/j.neunet.2026.109016,none found,NA,yes,SEED,15,unclear,62,200,film clips,discrete-3class,pos/neu/neg,not reported,public,not verified,not verified,not verified,not verified,not verified,not verified,graph/spatial EEG representation learned by progressive dual-branch graph convolution network (PDGCN) (input feature details not captured),not verified,unclear,graph/deep spatial features,progressive dual-branch graph convolution network (PDGCN),none (inductive GCN classifier),none,no,no,not verified,yes,leave-one-subject-out (LOSO),not verified,none,not verified,unclear,accuracy,93.19,4.71,not reported,yes (per-subject table),mean+-SD,not verified,not verified,yes,mean (high-end flag),"A (inductive LOSO, no target)",none (inductive LOSO); SEED 93.19 high-end (flag),some-concerns,"PDF Table 3 (PDGCN, 'All bands'): SEED 93.19+-4.71; Table 4 SEED-IV 79.17+-3.27; Table 5 DEAP valence 68.59 / arousal 68.67 (no STD)","SD RECOVERED; INDUCTIVE LOSO SEED 93.19/4.71 high-end (flag), SEED-IV 79.17/3.27 -> meta; DEAP 68.59/68.67 no SD -> narrative",yes,yes,yes,"verified-from-full-text (PDF table READ DIRECTLY, SD recovered)",2026-06-26 PDF table read directly (PDF-verify clearance sweep 2)
EEG-0425,Lina Qiu; Minjin Wu; You Hu; Baiqiang Long; Tianjian Chen; Jiahui Pan,2026,PDGCN: A Progressive Dual-Branch Graph Convolution Network for EEG Emotion Recognition,"Neural Networks, 2026",journal,10.1016/j.neunet.2026.109016,https://doi.org/10.1016/j.neunet.2026.109016,none found,NA,yes,SEED-IV,15,unclear,62,200,movie clips,discrete-4class,happy/sad/fear/neu,not reported,public,not verified,not verified,not verified,not verified,not verified,not verified,graph/spatial EEG representation learned by progressive dual-branch graph convolution network (PDGCN) (input feature details not captured),not verified,unclear,graph/deep spatial features,progressive dual-branch graph convolution network (PDGCN),none (inductive GCN classifier),none,no,no,not verified,yes,leave-one-subject-out (LOSO),not verified,none,not verified,unclear,accuracy,79.17,3.27,not reported,yes (per-subject table),mean+-SD,not verified,not verified,yes,mean,"A (inductive LOSO, no target)",none (inductive LOSO); SEED 93.19 high-end (flag),some-concerns,"PDF Table 3 (PDGCN, 'All bands'): SEED 93.19+-4.71; Table 4 SEED-IV 79.17+-3.27; Table 5 DEAP valence 68.59 / arousal 68.67 (no STD)","SD RECOVERED; INDUCTIVE LOSO SEED 93.19/4.71 high-end (flag), SEED-IV 79.17/3.27 -> meta; DEAP 68.59/68.67 no SD -> narrative",yes,yes,no,"verified-from-full-text (PDF table READ DIRECTLY, SD recovered)",2026-06-26 PDF table read directly (PDF-verify clearance sweep 2)
EEG-0425,Lina Qiu; Minjin Wu; You Hu; Baiqiang Long; Tianjian Chen; Jiahui Pan,2026,PDGCN: A Progressive Dual-Branch Graph Convolution Network for EEG Emotion Recognition,"Neural Networks, 2026",journal,10.1016/j.neunet.2026.109016,https://doi.org/10.1016/j.neunet.2026.109016,none found,NA,yes,DEAP,32,unclear,32,128,music-video clips,dimensional-valence,high/low valence,not reported,public,not verified,not verified,not verified,not verified,not verified,not verified,graph/spatial EEG representation learned by progressive dual-branch graph convolution network (PDGCN) (input feature details not captured),not verified,unclear,graph/deep spatial features,progressive dual-branch graph convolution network (PDGCN),none (inductive GCN classifier),none,no,no,not verified,yes,leave-one-subject-out (LOSO),not verified,none,not verified,unclear,accuracy,68.59,not reported,not reported,yes (per-subject table),mean+-SD,not verified,not verified,yes,mean,"A (inductive LOSO, no target)",none (inductive LOSO); SEED 93.19 high-end (flag),some-concerns,"PDF Table 3 (PDGCN, 'All bands'): SEED 93.19+-4.71; Table 4 SEED-IV 79.17+-3.27; Table 5 DEAP valence 68.59 / arousal 68.67 (no STD)","SD RECOVERED; INDUCTIVE LOSO SEED 93.19/4.71 high-end (flag), SEED-IV 79.17/3.27 -> meta; DEAP 68.59/68.67 no SD -> narrative",no,yes,no,"verified-from-full-text (PDF table READ DIRECTLY, SD recovered)",2026-06-26 PDF table read directly (PDF-verify clearance sweep 2)
EEG-0053,"Wang, Tian, Zhou",2025,Cross-dataset EEG emotion recognition based on pre-trained Vision Transformer considering emotional sensitivity diversity,Expert Systems with Applications (vol 279),journal,10.1016/j.eswa.2025.127348,https://www.sciencedirect.com/science/article/abs/pii/S0957417425009704,https://github.com/fangwangeeg/PESD,https://weilongzheng.github.io/datasets/seed-iv/,yes,SEED-IV,15,3,62,200 (downsampled),movie clips,discrete/categorical,happy/sad/fear/neutral (4),balanced,public,not verified,not verified,not verified,not verified,1 (1 s segments),none,PSD (6 bands) -> 6x62 image + pretrained ViT encoder,not verified,unclear,PSD-features-ViT,pre-trained encoder from sensitive data + Vision Transformer (PESD),"transfer learning (Mixup + Triplet + domain discriminator), cross-DATASET",high-sensitivity source subject; other subjects as target,yes (unlabeled target data; adjudicated),no (unlabeled target only; adjudicated),grid search tau=0.7 sigma=0.01 (from SEED),yes,"cross-dataset (train one dataset, test another)",,cross-dataset,subject-disjoint,unclear,accuracy,79.47,25.89,,no,none reported,DAN/DANN/DDC/DCORAL/MS-MDA/SDDA/GRU-MCC/DGCNN/RGNN/TANN/BiHDM/GMSS/FMLAN/VAE-CapsNet/SEDA-EEG,FMLAN 90.96,yes,mean,B (transductive-UDA; adjudicated),none (transductive disclosed),some-concerns,"CROSS-DATASET protocol (not standard cross-subject LOSO). Highest acc SEED 93.14, SEED-IV 83.18, DEAP 93.53(HIGH), FACED 92.55.; Adjudicator: Table 2",Cross-DATASET (not cross-subject). DEAP cross-dataset 93.53% is HIGH; verify. include_meta pending (protocol differs from cross-subject pool).; Adjudicator decision=pool-with-cross-subject; pool-with-cross-subject,yes,yes,yes,verified,full-text; row added from completed consensus adjudication queue 2026-07-04; adjudicator decision applied 2026-07-04
EEG-0256,Hengyao Tang; Guosong Jiang; Qingdong Wang,2022,Deep Neural Network for Emotion Recognition Based on Meta-Transfer Learning,"IEEE Access, 2022",journal,10.1109/ACCESS.2022.3193768,https://doi.org/10.1109/access.2022.3193768,none found,https://bcmi.sjtu.edu.cn/home/seed/seed.html,yes,SEED,15,3,62,200 (downsampled),film clips,discrete/categorical,negative/neutral/positive (3),balanced,public,not verified,not verified,not verified,not verified,not verified,not verified,learned EEG representation from meta-transfer learning DNN (exact input features not captured),not verified,unclear,learned deep EEG features,deep NN + meta-transfer learning (Reptile),meta-learning (Reptile) with target-subject calibration + pseudo-labels,none,labeled+unlabeled target (few-shot/target-label; adjudicated),yes (limited target labels; adjudicated),not verified,yes,cross-subject (meta-learning with target adaptation),15,cross-subject,subject-disjoint but adapts on few target samples,unclear,accuracy,77.5,8.8,,no,none reported,not verified,not verified,yes,mean,F (few-shot/target-label; adjudicated),none (target-label use disclosed),some-concerns,Uses few target samples for meta-adaptation (few-shot target labels). Realistic 77.5%. Direct transfer only 49.2%.; Adjudicator: Table 3 + E. Model Testing and Ablation Experiments,"Meta-transfer adapts with small number of target samples (few-shot). SEED-IV 61.2/8.3.; Adjudicator decision=reclassify; Uses labeled target samples; valid few-shot/target-label result, but not comparable with no-target LOSO or unlabeled UDA. reclassify to few-shot/target-label stratum",yes,yes,yes,verified,full-text; row added from completed consensus adjudication queue 2026-07-04; adjudicator decision applied 2026-07-04
