record_id,source,doi,pmid,year,venue,title,reviewer_decision,reviewer_reason_code,reviewer_notes,leakage_note,author_protocol_claim_seen,protocol_red_flag,protocol_red_flag_type,protocol_red_flag_note
SCR-0001,WoS/Scopus,10.1002/adfm.202200457,,2022,ADVANCED FUNCTIONAL MATERIALS,Adhesive and Hydrophobic Bilayer Hydrogel Enabled On-Skin Biosensors for High-Fidelity Classifi,exclude,exclude ,not-eeg,,,,,
SCR-0002,WoS/Scopus,10.1002/ima.22670,,2022,INTERNATIONAL JOURNAL OF IMAGING SYSTE,Emotion identification by dynamic entropy and ensemble learning from electroencephalogram signa,include-candidate,include,EEG cross-subject emotion (journal),LOSO (subject-level) stated; DEAP 32-subj; per-session results,subject-independent; LOSO,no,,
SCR-0003,WoS/Scopus,10.1002/int.22551,,2021,INTERNATIONAL JOURNAL OF INTELLIGENT S,Three-dimensional feature maps and convolutional neural network-based emotion recognition,exclude,exclude,subject-dependent-only,,,,,
SCR-0004,WoS/Scopus,10.1002/jnm.70087,,2025,INTERNATIONAL JOURNAL OF NUMERICAL MOD,A Lightweight Network Based on Multi-Scale Convolutional Neural Network and Gated Transformer f,include-candidate,include,EEG cross-subject emotion (journal),,,,,
SCR-0005,WoS/Scopus,10.1007/s00521-014-1653-6,,2015,NEURAL COMPUTING \& APPLICATIONS,Learning to decode human emotions from event-related potentials,exclude,exclude,private-insufficient,,,,,
SCR-0006,WoS/Scopus,10.1007/s00521-020-05670-4,,2021,NEURAL COMPUTING \& APPLICATIONS,A deep multi-source adaptation transfer network for cross-subject electroencephalogram emotion ,include-candidate,include,EEG cross-subject emotion (journal),,,,,
SCR-0007,WoS/Scopus,10.1007/s00521-022-07643-1,,2022,NEURAL COMPUTING \& APPLICATIONS,Multi-domain fusion deep graph convolution neural network for EEG emotion recognition,include-candidate,include,EEG cross-subject emotion (journal),,,,,
SCR-0008,WoS/Scopus,10.1007/s00530-025-01894-3,,2025,MULTIMEDIA SYSTEMS,Unsupervised subdomain adaptation framework guided by pseudo label for cross-subject and cross-,include-candidate,include,EEG cross-subject emotion (journal),,,,,
SCR-0009,WoS/Scopus,10.1007/s00530-026-02247-4,,2026,MULTIMEDIA SYSTEMS,Subdomain adaptive feature enhancement via confidence-adjudicated dual-decision pseudo-labeling,include-candidate,include,EEG cross-subject emotion (journal),,,,,
SCR-0010,WoS/Scopus,10.1007/s10044-025-01501-1,,2025,PATTERN ANALYSIS AND APPLICATIONS,Subject-independent multi-channel voting for EEG-based emotion recognition using wavelet scatte,include-candidate,include,EEG cross-subject emotion (journal),LOSO stated but >97% subject-independent on DEAP/GAMEEMO (near-ceiling),subject-independent; LOSO,unclear,claim-method-mismatch-suspected,LOSO claimed yet ~97% subject-independent on DEAP is near-ceiling; segment/trial-level leakage not excluded
SCR-0011,WoS/Scopus,10.1007/s10072-026-08835-6,,2026,NEUROLOGICAL SCIENCES,Analysis of the generalization ability of graph neural networks in cross-subject EEG emotion re,include-candidate,include,EEG cross-subject emotion (journal),,,,,
SCR-0012,WoS/Scopus,10.1007/s10115-022-01762-w,,2023,KNOWLEDGE AND INFORMATION SYSTEMS,An EEG-based subject-independent emotion recognition model using a differential-evolution-based,include-candidate,include,EEG cross-subject emotion (journal),,,,,
SCR-0013,WoS/Scopus,10.1007/s10472-019-09668-0,,2020,ANNALS OF MATHEMATICS AND ARTIFICIAL I,Deep learning models for brain machine interfaces,exclude,exclude,private-insufficient,,,,,
SCR-0014,WoS/Scopus,10.1007/s10489-022-04366-7,,2023,APPLIED INTELLIGENCE,EEG emotion recognition based on PLV-rich-club dynamic brain function network,include-candidate,include,EEG cross-subject emotion (journal),,,,,
SCR-0015,WoS/Scopus,10.1007/s10489-024-05976-z,,2024,APPLIED INTELLIGENCE,A dual transfer learning method based on 3D-CNN and vision transformer for emotion recognition,include-candidate,include,EEG cross-subject emotion (journal),,,,,
SCR-0016,WoS/Scopus,10.1007/s10586-023-04133-4,,2024,CLUSTER COMPUTING-THE JOURNAL OF NETWO,Federated learning inspired privacy sensitive emotion recognition based on multi-modal physiolo,include-candidate,include,EEG cross-subject emotion (journal),,,,,
SCR-0017,PubMed,10.1007/s10916-019-1498-8,31897864,2020,,Recognizing Image Semantic Information Through Multi-Feature Fusion and  SSAE-Based Deep Networ,exclude,exclude ,not-eeg,,,,,
SCR-0018,WoS,10.1007/s10916-026-02345-w,,2026,JOURNAL OF MEDICAL SYSTEMS,Bridging Neural Topology and Affective Computing: Graph Attention for EEG Emotion Recognition,exclude,exclude ,non-primary-study,,,,,
SCR-0019,WoS/Scopus,10.1007/s11042-023-16294-w,,2023,MULTIMEDIA TOOLS AND APPLICATIONS,Investigation of human state classification via EEG signals elicited by emotional audio-visual ,exclude,exclude,private-insufficient,,,,,
SCR-0020,WoS/Scopus,10.1007/s11042-023-17142-7,,2023,MULTIMEDIA TOOLS AND APPLICATIONS,Temporal shift residual network for EEG-based emotion recognition: A 3D feature image sequence ,include-candidate,include,EEG cross-subject emotion (journal),,,,,
SCR-0021,WoS,10.1007/s11063-020-10322-8,,2020,NEURAL PROCESSING LETTERS,"Spiking Neural Networks: Background, Recent Development and the NeuCube Architecture",exclude,exclude ,non-primary-study,,,,,
SCR-0022,WoS/Scopus,10.1007/s11227-022-05026-w,,2023,JOURNAL OF SUPERCOMPUTING,Emotion recognition framework using multiple modalities for an effective human-computer interac,include-candidate,include,EEG cross-subject emotion (journal),,,,,
SCR-0023,WoS/Scopus,10.1007/s11257-024-09424-y,,2025,USER MODELING AND USER-ADAPTED INTERAC,A contrastive self-supervised learning method for source-free EEG emotion recognition,include-candidate,include,EEG cross-subject emotion (journal),,,,,
SCR-0024,WoS/Scopus/PubMed,10.1007/s11517-022-02686-x,,2023,MEDICAL \& BIOLOGICAL ENGINEERING \& C,Subject-independent EEG emotion recognition with hybrid spatio-temporal GRU-Conv architecture,include-candidate,include,EEG cross-subject emotion (journal),cross-subject LOSO; source-target DA alignment (transductive),subject-independent; cross-subject; domain adaptation,no,,
SCR-0025,WoS/Scopus/PubMed,10.1007/s11517-023-02956-2,,2024,MEDICAL \& BIOLOGICAL ENGINEERING \& C,Instance-representation transfer method based on joint distribution and deep adaptation for EEG,include-candidate,include,EEG cross-subject emotion (journal),,,,,
SCR-0026,WoS/Scopus/PubMed,10.1007/s11517-024-03094-z,,2024,MEDICAL \& BIOLOGICAL ENGINEERING \& C,Semi-supervised bipartite graph construction with active EEG sample selection for emotion recog,include-candidate,include,EEG cross-subject emotion (journal),,,,,
SCR-0027,WoS/PubMed,10.1007/s11517-025-03384-0,,2025,MEDICAL \& BIOLOGICAL ENGINEERING \& C,Auxiliary classifier adversarial networks with maximum subdomain discrepancy for EEG-based emot,include-candidate,include,EEG cross-subject emotion (journal),,,,,
SCR-0028,WoS/Scopus/PubMed,10.1007/s11517-025-03430-x,,2025,MEDICAL \& BIOLOGICAL ENGINEERING \& C,IF-MMCL: an individual focused network with multi-view and multi-modal contrastive learning for,include-candidate,include,EEG cross-subject emotion (journal),,,,,
SCR-0029,WoS/Scopus,10.1007/s11517-025-03479-8,,2026,MEDICAL \& BIOLOGICAL ENGINEERING \& C,Multi-source self-guided domain adaptation framework for EEG-based emotion recognition,include-candidate,include,EEG cross-subject emotion (journal),,,,,
SCR-0030,WoS/Scopus,10.1007/s11517-026-03543-x,,2026,MEDICAL \& BIOLOGICAL ENGINEERING \& C,Adaptive graph convolution domain adaptation network for cross-subject EEG emotion recognition,include-candidate,include,EEG cross-subject emotion (journal),,,,,
SCR-0031,WoS/Scopus,10.1007/s11571-024-10092-2,,2024,COGNITIVE NEURODYNAMICS,Multiple-source distribution deep adaptive feature norm network for EEG emotion recognition,include-candidate,include,EEG cross-subject emotion (journal),,,,,
SCR-0032,WoS/Scopus,10.1007/s11571-024-10193-y,,2025,COGNITIVE NEURODYNAMICS,Multi-view domain adaption based multi-scale convolutional conditional invertible discriminator,exclude,exclude ,subject-dependent-only,,,,,
SCR-0033,WoS/Scopus,10.1007/s11571-025-10272-8,,2025,COGNITIVE NEURODYNAMICS,Conditional probabilistic-based domain adaptation for cross-subject EEG-based emotion recogniti,include-candidate,include,EEG cross-subject emotion (journal),,,,,
SCR-0034,WoS/Scopus,10.1007/s11571-025-10342-x,,2025,COGNITIVE NEURODYNAMICS,Mtfsfn: a multi-view time-frequency-space fusion network for EEG-based emotion recognition,include-candidate,include,EEG cross-subject emotion (journal),,,,,
SCR-0035,WoS/Scopus,10.1007/s11571-025-10372-5,,2025,COGNITIVE NEURODYNAMICS,Cross-modal alignment and fusion of EEG-visual based on mixed attention mechanism for emotion r,include-candidate,include,EEG cross-subject emotion (journal),,,,,
SCR-0036,WoS/Scopus,10.1007/s11571-025-10379-y,,2025,COGNITIVE NEURODYNAMICS,EEG emotion recognition across subjects based on deep feature aggregation and multi-source doma,include-candidate,include,EEG cross-subject emotion (journal),,,,,
SCR-0037,WoS/Scopus,10.1007/s11571-025-10394-z,,2025,COGNITIVE NEURODYNAMICS,SC-SDT: a framework with spectral convolution and spatial differential transformer for EEG-base,include-candidate,include,EEG cross-subject emotion (journal),,,,,
SCR-0038,WoS/Scopus,10.1007/s11571-025-10396-x,,2025,COGNITIVE NEURODYNAMICS,EEG emotion recognition based on hierarchical multi-scale graph neural networks,include-candidate,include,EEG cross-subject emotion (journal),,,,,
SCR-0039,WoS/Scopus,10.1007/s11571-026-10447-x,,2026,COGNITIVE NEURODYNAMICS,JDA-RSDB: a multimodal domain adaptation method for cross-session emotion recognition from EEG ,exclude,exclude ,subject-dependent-only,,,,,
SCR-0040,WoS/Scopus,10.1007/s11760-024-03533-2,,2024,SIGNAL IMAGE AND VIDEO PROCESSING,Application of a multi-source multi-task weight adaptation framework for cross-domain EEG emoti,include-candidate,include,EEG cross-subject emotion (journal),,,,,
SCR-0041,WoS/Scopus,10.1007/s11760-025-03876-4,,2025,SIGNAL IMAGE AND VIDEO PROCESSING,DDNet: a hybrid network based on deep adaptive multi-head attention and dynamic graph convoluti,include-candidate,include,EEG cross-subject emotion (journal),,,,,
SCR-0042,WoS/Scopus,10.1007/s11760-025-04124-5,,2025,SIGNAL IMAGE AND VIDEO PROCESSING,A stackGNN model for human emotion recognition from EEGs signals,include-candidate,include,EEG cross-subject emotion (journal),,,,,
SCR-0043,WoS/Scopus,10.1007/s11760-025-04656-w,,2025,SIGNAL IMAGE AND VIDEO PROCESSING,Joint Time-Frequency Wavelet Scattering Transform-Based Framework for Emotion Recognition Enhan,exclude,exclude ,private-insufficient,,,,,
SCR-0044,WoS/Scopus,10.1007/s11760-025-04819-9,,2025,SIGNAL IMAGE AND VIDEO PROCESSING,MS-AGDA: A multi-source adaptive gating unsupervised domain adaptation for cross-subject and cr,include-candidate,include,EEG cross-subject emotion (journal),unsupervised DA; unlabeled target used (transductive; disclosed); cross-session,cross-subject/cross-session; UDA,no,,
SCR-0045,WoS/Scopus,10.1007/s11801-023-2207-x,,2023,OPTOELECTRONICS LETTERS,Research on EEG emotion recognition based on CNN+BiLSTM+self-attention model,include-candidate,include,EEG cross-subject emotion (journal),,,,,
SCR-0046,WoS/Scopus,10.1007/s12559-019-09699-z,,2020,COGNITIVE COMPUTATION,A Novel Approach for EEG Electrode Selection in Automated Emotion Recognition Based on Lagged P,include-candidate,include,EEG cross-subject emotion (journal),,,,,
SCR-0047,WoS/Scopus,10.1007/s12559-022-10016-4,,2022,COGNITIVE COMPUTATION,Generator-based Domain Adaptation Method with Knowledge Free for Cross-subject EEG Emotion Reco,include-candidate,include,EEG cross-subject emotion (journal),adversarial generator DA (knowledge-free; no target labels); transductive,cross-subject; domain adaptation,no,,
SCR-0048,WoS/Scopus,10.1007/s12559-022-10077-5,,2023,COGNITIVE COMPUTATION,Accurate Emotion Recognition Utilizing Extracted EEG Sources as Graph Neural Network Nodes,exclude,exclude ,private-insufficient,,,,,
SCR-0049,WoS/Scopus,10.1007/s12559-023-10171-2,,2024,COGNITIVE COMPUTATION,A Fuzzy Ensemble-Based Deep learning Model for EEG-Based Emotion Recognition,exclude,exclude ,subject-dependent-only,,,,,
SCR-0050,WoS,10.1007/s12572-025-00411-z,,2025,INTERNATIONAL JOURNAL OF ADVANCES IN E,Emotion recognition through integrated dual-channel EEG and peripheral physiological data,include-candidate,include,EEG cross-subject emotion (journal),,,,,
SCR-0051,WoS/Scopus,10.1007/s12652-020-02338-8,,2021,JOURNAL OF AMBIENT INTELLIGENCE AND HU,Subject independent emotion recognition system for people with facial deformity: an EEG based a,include-candidate,include,EEG cross-subject emotion (journal),,,,,
SCR-0052,WoS,10.1007/s13042-021-01414-5,,2022,INTERNATIONAL JOURNAL OF MACHINE LEARN,EEG-based Emotion Recognition with Feature Fusion Networks,include-candidate,include,EEG cross-subject emotion (journal),LOSO on DEAP; classical ML; ~62% (realistic),subject-independent LOSO,no,,
SCR-0053,WoS/Scopus,10.1007/s13042-023-01964-w,,2024,INTERNATIONAL JOURNAL OF MACHINE LEARN,CoDF-Net: coordinated-representation decision fusion network for emotion recognition with EEG a,exclude,exclude ,non-english,,,,,
SCR-0054,WoS/Scopus,10.1007/s13042-025-02822-7,,2026,INTERNATIONAL JOURNAL OF MACHINE LEARN,Automated human emotion recognition from EEG signals using chaotic local binary pattern and ens,include-candidate,include,EEG cross-subject emotion (journal),,,,,
SCR-0055,WoS,10.1007/s13246-019-00825-7,,2020,PHYSICAL AND ENGINEERING SCIENCES IN M,The potential of photoplethysmogram and galvanic skin response in emotion recognition using non,exclude,exclude ,non-eeg,,,,,
SCR-0056,WoS/Scopus,10.1007/s13534-023-00316-5,,2024,BIOMEDICAL ENGINEERING LETTERS,Sneaky emotions: impact of data partitions in affective computing experiments with brain-comput,include-candidate,include,EEG cross-subject emotion (journal),methodological study of train/test partition leakage,subject-independent vs dependent vs cross-subject (partition analysis),no,,partition-leakage exhibit; exposes rather than commits leakage
SCR-0057,WoS/Scopus,10.1007/s13755-023-00226-x,,2023,HEALTH INFORMATION SCIENCE AND SYSTEMS,STSNet: a novel spatio-temporal-spectral network for subject-independent EEG-based emotion reco,include-candidate,include,EEG cross-subject emotion (journal),subject-independent LOSO-CV; DEAP/DREAMER,subject-independent; LOSO,unclear,preprocessing-or-selection-unclear,subject-independent LOSO claimed on DEAP/DREAMER; verify segment/normalization handling (near-ceiling risk)
SCR-0058,WoS/Scopus,10.1007/s40998-024-00710-4,,2024,IRANIAN JOURNAL OF SCIENCE AND TECHNOL,Enhancing Emotion Detection with Non-invasive Multi-Channel EEG and Hybrid Deep Learning Archit,exclude,exclude ,insufficient-info,,,,,
SCR-0059,Scopus,10.1007/s41870-024-02001-x,,2025,International Journal of Information T,Decoding emotional patterns using NIG modeling of EEG signals in the CEEMDAN domain,include-candidate,include,EEG cross-subject emotion (journal),,,,,
SCR-0060,WoS/Scopus,10.1007/s42452-026-08583-4,,2026,DISCOVER APPLIED SCIENCES,Exploring principal component analysis and convolutional neural network (PCA-CNN) based archite,exclude,exclude ,subject-dependent-only,,,,,
SCR-0061,WoS/Scopus,10.1007/s42486-025-00219-7,,2026,CCF TRANSACTIONS ON PERVASIVE COMPUTIN,Music emotion interaction system based on brain-computer interface: a hybrid deep learning and ,exclude,exclude ,private-insufficient,,,,,
SCR-0062,WoS/Scopus,10.1007/s42486-026-00230-6,,2026,CCF TRANSACTIONS ON PERVASIVE COMPUTIN,A multi-scale graph diffusion convolution method for EEG-based emotion recognition with tempora,include-candidate,include,EEG cross-subject emotion (journal),,,,,
SCR-0063,Scopus,10.1007/s42979-024-02762-z,,2024,SN Computer Science,A Resilient Overlay for Human Emotion Recognition Using Mixed Frameworks in Machine-Human Inter,exclude,exclude ,private-insufficient,,,,,
SCR-0064,Scopus,10.1007/s44163-026-00831-1,,2026,Discover Artificial Intelligence,Emotion recognition intelligent system based on machine learning and clustering algorithm,include-candidate,include,EEG cross-subject emotion (journal),MEDA transfer; one-subject-CV (LOSO) on SEED; transductive,LOSO; domain adaptation (MEDA),no,,
SCR-0065,WoS/Scopus,10.1007/s44443-025-00076-5,,2025,JOURNAL OF KING SAUD UNIVERSITY COMPUT,Adaptive dual-graph learning joint feature selection for EEG emotion recognition,include-candidate,include,EEG cross-subject emotion (journal),,,,,
SCR-0066,WoS/Scopus,10.1007/s44443-025-00279-w,,2025,JOURNAL OF KING SAUD UNIVERSITY COMPUT,Research on dynamic domain adaptation selective ensemble algorithm for cross-subject EEG emotio,include-candidate,include,EEG cross-subject emotion (journal),,,,,
SCR-0067,WoS/Scopus,10.1007/s44443-025-00411-w,,2025,JOURNAL OF KING SAUD UNIVERSITY COMPUT,EmoDNCL plus : Dual-stream negative-sample-free contrastive learning with neurophysiological au,include-candidate,include,EEG cross-subject emotion (journal),LOSO; self-supervised contrastive on unlabeled EEG; pretrain+finetune,subject-independent LOSO,no,,unlabeled EEG used in pretraining (disclosed)
SCR-0068,WoS/Scopus,10.1007/s44443-025-00441-4,,2026,JOURNAL OF KING SAUD UNIVERSITY COMPUT,MEF-net: A generalized hybrid multi-entropy feature fusion neural network model for cross-subje,exclude,exclude ,subject-dependent-only,,subject-dependent (screening-excluded),unclear,,insufficient protocol text extracted from PDF
SCR-0069,PubMed/PubMed/PubMed/PubMed/PubMed/PubMed/PubMed/PubMed/PubMed/PubMed/PubMed/PubMed/PubMed/PubMed/PubMed/PubMed/PubMed/PubMed/PubMed/PubMed/PubMed/PubMed/PubMed/PubMed/PubMed/PubMed/PubMed/PubMed/PubMed/PubMed,10.1016/j,41313998,2026,,"Multiple, not just Beta-Gamma, phase-amplitude couplings are associated with  Parkinson's disea",exclude,exclude ,non-eeg,,,,,
SCR-0070,WoS/Scopus,10.1016/j.aei.2024.102522,,2024,ADVANCED ENGINEERING INFORMATICS,Light-weight residual convolution-based capsule network for EEG emotion recognition,include-candidate,include,EEG cross-subject emotion (journal),,,,,
SCR-0071,WoS/Scopus,10.1016/j.aei.2025.103744,,2025,ADVANCED ENGINEERING INFORMATICS,A novel AI-driven EEG images emotion recognition generalized classification model for cross-sub,include-candidate,include,EEG cross-subject emotion (journal),LOSO cross-subject; source-target alignment; SEED/DEAP,cross-subject LOSO; domain adaptation,no,,
SCR-0072,WoS,10.1016/j.aej.2025.09.013,,2025,ALEXANDRIA ENGINEERING JOURNAL,MG-DA: Multi-branch graph convolution with domain adaptation for emotion recognition,include-candidate,include,EEG cross-subject emotion (journal),UDA (unlabeled target aligned); cross-subject+cross-session; SEED/SEED-IV/DEAP,cross-subject/cross-session; UDA,no,,
SCR-0073,WoS,10.1016/j.aej.2026.03.045,,2026,ALEXANDRIA ENGINEERING JOURNAL,Cross-subject EEG emotion recognition using Riemannian Graph Transformers with Geodesic Adversa,include-candidate,include,EEG cross-subject emotion (journal),LOSO; geodesic alignment uses unlabeled target (transductive); SEED/DEAP,cross-subject LOSO; domain adaptation,no,,
SCR-0074,WoS/Scopus,10.1016/j.apacoust.2020.107840,,2021,APPLIED ACOUSTICS,A new approach to recognition of human emotions using brain signals and music stimuli,exclude,exclude ,private-insufficient,,,,,
SCR-0075,WoS/Scopus,10.1016/j.array.2026.100950,,2026,ARRAY,Integration of artificial intelligence and graph neural networks (GNN) for modeling human emoti,exclude,exclude ,subject-dependent-only,,,,,
SCR-0076,WoS/Scopus,10.1016/j.asoc.2020.106954,,2021,APPLIED SOFT COMPUTING,EEG emotion recognition using fusion model of graph convolutional neural networks and LSTM,include-candidate,include,EEG cross-subject emotion (journal),,,,,
SCR-0077,WoS/Scopus,10.1016/j.asoc.2024.111635,,2024,APPLIED SOFT COMPUTING,EEG emotion recognition based on the TimesNet fusion model,include-candidate,include,EEG cross-subject emotion (journal),subject-independent DEAP ~86% verified via 5-fold random CV,subject-dependent & subject-independent tests; 5-fold random CV,unclear,subject-mixed-kfold,subject-independent DEAP ~86% via 5-fold random CV; subject-level separation not evidenced (near-ceiling for true LOSO)
SCR-0078,WoS,10.1016/j.asoc.2025.113478,,2025,APPLIED SOFT COMPUTING,"Advances in EEG-based emotion recognition: Challenges, methodologies, and future directions",exclude,exclude ,non-primary-study,,,,,
SCR-0079,WoS/Scopus,10.1016/j.asoc.2025.113659,,2025,APPLIED SOFT COMPUTING,Enhancing EEG-based individual-generic emotion recognition through invariant sparse patterns ex,exclude,exclude ,subject-dependent-only,,,,,
SCR-0080,WoS/Scopus,10.1016/j.asoc.2025.113958,,2025,APPLIED SOFT COMPUTING,A dual-branch self-supervised contrastive learning framework for emotion recognition based on t,include-candidate,include,EEG cross-subject emotion (journal),SSL contrastive pretrain (SEED) + fine-tune on SEED-V with few labels; cross-dataset,cross-dataset; self-supervised + fine-tune (few-shot),no,,
SCR-0081,WoS/Scopus,10.1016/j.asoc.2026.114855,,2026,APPLIED SOFT COMPUTING,MGGL: A multi-grained graph learning model for EEG emotion recognition,include-candidate,include,EEG cross-subject emotion (journal),pretrain(unlabeled)+finetune; individualized fine-tuning; SI/SD/cross-domain,subject-independent; cross-domain; pretrain-finetune,no,,
SCR-0082,WoS/Scopus,10.1016/j.asoc.2026.115461,,2026,APPLIED SOFT COMPUTING,MetaAN: A meta-learned aligned network for cross-subject emotion recognition based on electroen,include-candidate,include,EEG cross-subject emotion (journal),domain generalization; zero-calibration; no target data used (inductive),cross-subject DG; meta-learning; no target access,no,,
SCR-0083,WoS/Scopus,10.1016/j.bbe.2017.05.004,,2017,BIOCYBERNETICS AND BIOMEDICAL ENGINEER,Development of a real time emotion classifier based on evoked EEG,exclude,exclude ,private-insufficient,,,,,
SCR-0084,WoS/Scopus/PubMed,10.1016/j.brainresbull.2024.110901,,2024,BRAIN RESEARCH BULLETIN,MGFKD: A semi-supervised multi-source domain adaptation algorithm for cross-subject EEG emotion,include-candidate,include,EEG cross-subject emotion (journal),semi-supervised MS-DA; few target labels (1/video) + pseudo-labels; SEED/SEED-IV,cross-subject; semi-supervised DA (few target labels),no,,disclosed target-label use (few-shot)
SCR-0085,WoS,10.1016/j.bspc.2020.101918,,2020,BIOMEDICAL SIGNAL PROCESSING AND CONTR,Emotion recognition using EEG phase space dynamics and Poincare intersections,include-candidate,include,EEG cross-subject emotion (journal),,,,,
SCR-0086,WoS,10.1016/j.bspc.2021.102755,,2021,BIOMEDICAL SIGNAL PROCESSING AND CONTR,EEG based emotion detection using fourth order spectral moment and deep learning,include-candidate,include,EEG cross-subject emotion (journal),,,,,
SCR-0087,WoS/Scopus,10.1016/j.bspc.2021.103289,,2022,BIOMEDICAL SIGNAL PROCESSING AND CONTR,Calibration free meta learning based approach for subject independent EEG emotion recognition,exclude,exclude ,no-subject-separation,few-shot episodic/zero-calibration; support-sample based,subject-independent; few-shot/zero-calibration,unclear,subject-mixed-kfold,few-shot/zero-calibration; verify whether eval folds mix subjects (title/abstract screen noted random 5-fold CV)
SCR-0088,WoS/Scopus,10.1016/j.bspc.2021.103361,,2022,BIOMEDICAL SIGNAL PROCESSING AND CONTR,Capsule neural networks on spatio-temporal EEG frames for cross-subject emotion recognition,include-candidate,include,EEG cross-subject emotion (journal),mix of 10-fold-on-combined-data (subject-mixed) and LOSO; cross-subject claim,cross-subject; LOSO + 10-fold combined,unclear,subject-mixed-kfold,describes 10-fold CV on combined data (subject-mixed) for a cross-subject method; train/test subject separation ambiguous
SCR-0089,WoS,10.1016/j.bspc.2021.103407,,2022,BIOMEDICAL SIGNAL PROCESSING AND CONTR,Deep BiLSTM neural network model for emotion detection using cross-dataset approach,exclude,exclude ,cross-database only,,,,,
SCR-0090,WoS/Scopus,10.1016/j.bspc.2022.103485,,2022,BIOMEDICAL SIGNAL PROCESSING AND CONTR,Learning DenseNet features from EEG based spectrograms for subject independent emotion recognit,exclude,exclude ,no-subject-separation,split into train-test not at subject level,,,,
SCR-0091,WoS/Scopus,10.1016/j.bspc.2022.103544,,2022,BIOMEDICAL SIGNAL PROCESSING AND CONTR,Recognition of emotional states using frequency effective connectivity maps through transfer le,include-candidate,include,EEG cross-subject emotion (journal),subject-independent LOSO-CV; transfer-learned CNNs; MAHNOB/DEAP/DREAMER,subject-independent; LOSO,no,,
SCR-0092,WoS/Scopus,10.1016/j.bspc.2022.103547,,2022,BIOMEDICAL SIGNAL PROCESSING AND CONTR,Subject independent emotion recognition using EEG signals employing attention driven neural net,include-candidate,include,EEG cross-subject emotion (journal),,,,,
SCR-0093,WoS/Scopus,10.1016/j.bspc.2022.103687,,2022,BIOMEDICAL SIGNAL PROCESSING AND CONTR,Multisource Wasserstein Adaptation Coding Network for EEG emotion recognition,include-candidate,include,EEG cross-subject emotion (journal),multisource Wasserstein UDA; unlabeled target aligned; cross-subject+cross-session,cross-subject/cross-session; UDA,no,,
SCR-0094,WoS/Scopus,10.1016/j.bspc.2022.103873,,2022,BIOMEDICAL SIGNAL PROCESSING AND CONTR,A deep subdomain associate adaptation network for cross-session and cross-subject EEG emotion r,include-candidate,include,EEG cross-subject emotion (journal),,,,,
SCR-0095,WoS/Scopus,10.1016/j.bspc.2022.104314,,2023,BIOMEDICAL SIGNAL PROCESSING AND CONTR,Similarity constraint style transfer mapping for emotion recognition,include-candidate,include,EEG cross-subject emotion (journal),style-transfer mapping; uses few labeled + unlabeled target; cross-subject,cross-subject; transfer (few target labels),no,,
SCR-0096,WoS/Scopus,10.1016/j.bspc.2023.104741,,2023,BIOMEDICAL SIGNAL PROCESSING AND CONTR,EEG-based cross-subject emotion recognition using multi-source domain transfer learning,exclude,exclude ,no-subject-separation,subject data in train-test set,,,,
SCR-0097,WoS/Scopus,10.1016/j.bspc.2023.104783,,2023,BIOMEDICAL SIGNAL PROCESSING AND CONTR,EEG channel selection-based binary particle swarm optimization with recurrent convolutional aut,include-candidate,include,EEG cross-subject emotion (journal),,,,,
SCR-0098,WoS/Scopus,10.1016/j.bspc.2023.104806,,2023,BIOMEDICAL SIGNAL PROCESSING AND CONTR,Deep time-frequency features and semi-supervised dimension reduction for subject-independent em,exclude,exclude ,subject-dependent-only,,,,,
SCR-0099,WoS/Scopus,10.1016/j.bspc.2023.104894,,2023,BIOMEDICAL SIGNAL PROCESSING AND CONTR,Design of subject independent 3D VAD emotion detection system using EEG signals and machine lea,exclude,exclude ,no-subject-separation,subject-independent CLAIMED but 80/20 split + 5-fold CV (subject-mixed),subject-independent (claimed),yes,subject-mixed-kfold,claims subject-independent but uses 80/20 split + 5-fold CV on DEAP (no subject-level separation)
SCR-0100,WoS/Scopus,10.1016/j.bspc.2023.104928,,2023,BIOMEDICAL SIGNAL PROCESSING AND CONTR,A deep learning approach for subject-dependent \& subject-independent emotion recognition using,exclude,exclude ,no-subject-separation,random split  80:10:10,,,,
SCR-0101,WoS/Scopus,10.1016/j.bspc.2023.104998,,2023,BIOMEDICAL SIGNAL PROCESSING AND CONTR,Multi-source domain adaptation with spatio-temporal feature extractor for EEG emotion recogniti,include-candidate,include,EEG cross-subject emotion (journal),multi-source UDA; one subject as unlabeled target rest source (LOSO-style); transductive,subject-independent; cross-subject; UDA,no,,
SCR-0102,WoS/Scopus,10.1016/j.bspc.2023.104999,,2023,BIOMEDICAL SIGNAL PROCESSING AND CONTR,STILN: A novel spatial-temporal information learning network for EEG-based emotion recognition,include-candidate,include,EEG cross-subject emotion (journal),,,,,
SCR-0103,WoS/Scopus,10.1016/j.bspc.2023.105136,,2023,BIOMEDICAL SIGNAL PROCESSING AND CONTR,A multi-task hybrid emotion recognition network based on EEG signals,exclude,exclude ,no-subject-separation,random 5-folds cv,,,,
SCR-0104,WoS/Scopus,10.1016/j.bspc.2023.105138,,2023,BIOMEDICAL SIGNAL PROCESSING AND CONTR,Learning a robust unified domain adaptation framework for cross-subject EEG-based emotion recog,include-candidate,include,EEG cross-subject emotion (journal),unified UDA; LOSO per session; unlabeled target + pseudo-label correction; SEED/SEED-IV,cross-subject LOSO; UDA,no,,
SCR-0105,WoS/Scopus,10.1016/j.bspc.2023.105223,,2023,BIOMEDICAL SIGNAL PROCESSING AND CONTR,A Bi-Stream hybrid model with MLPBlocks and self-attention mechanism for EEG-based emotion reco,include-candidate,include,EEG cross-subject emotion (journal),subject-independent (train/test different identities); DEAP/DREAMER,subject-independent,no,,split-level not fully shown but SI framed as identity-disjoint
SCR-0106,WoS/Scopus,10.1016/j.bspc.2023.105875,,2024,BIOMEDICAL SIGNAL PROCESSING AND CONTR,A subject-independent portable emotion recognition system using synchrosqueezing wavelet transf,include-candidate,include,EEG cross-subject emotion (journal),subject-independent LOSO-CV; ResNet-18 fine-tune; SEED-IV/V/GER/FRA,subject-independent; LOSO,no,,
SCR-0107,WoS/Scopus,10.1016/j.bspc.2024.106249,,2024,BIOMEDICAL SIGNAL PROCESSING AND CONTR,AC-CfC: An attention-based convolutional closed-form continuous-time neural network for raw mul,include-candidate,include,EEG cross-subject emotion (journal),,,,,
SCR-0108,WoS/Scopus,10.1016/j.bspc.2024.106276,,2024,BIOMEDICAL SIGNAL PROCESSING AND CONTR,Exploring non-Euclidean relationships in EEG emotion recognition: A dynamic graph attention net,exclude,exclude ,no-subject-separation,80-20 split + 5-folds CV,,,,
SCR-0109,WoS/Scopus,10.1016/j.bspc.2024.106323,,2024,BIOMEDICAL SIGNAL PROCESSING AND CONTR,FBN-TCN: Temporal convolutional neural network based on spatial domain fusion brain networks fo,include-candidate,include,EEG cross-subject emotion (journal),,,,,
SCR-0110,WoS/Scopus,10.1016/j.bspc.2024.106465,,2024,BIOMEDICAL SIGNAL PROCESSING AND CONTR,Knowledge distillation based lightweight domain adversarial neural network for electroencephalo,include-candidate,include,EEG cross-subject emotion (journal),,,,,
SCR-0111,WoS/Scopus,10.1016/j.bspc.2024.106553,,2024,BIOMEDICAL SIGNAL PROCESSING AND CONTR,Multimodal machine learning approach for emotion recognition using physiological signals,unclear-needs-fulltext,unclear-needs-fulltext,physiological signals; EEG inclusion unclear,,,,,
SCR-0112,WoS/Scopus,10.1016/j.bspc.2024.106716,,2024,BIOMEDICAL SIGNAL PROCESSING AND CONTR,A novel multi-source contrastive learning approach for robust cross-subject emotion recognition,include-candidate,include,EEG cross-subject emotion (journal),,,,,
SCR-0113,WoS/Scopus,10.1016/j.bspc.2024.106912,,2025,BIOMEDICAL SIGNAL PROCESSING AND CONTR,FMLAN: A novel framework for cross-subject and cross-session EEG emotion recognition,include-candidate,include,EEG cross-subject emotion (journal),,,,,
SCR-0114,WoS/Scopus,10.1016/j.bspc.2024.106953,,2025,BIOMEDICAL SIGNAL PROCESSING AND CONTR,MSS-JDA: Multi-Source Self-Selected Joint Domain Adaptation method based on cross-subject EEG e,include-candidate,include,EEG cross-subject emotion (journal),,,,,
SCR-0115,WoS/Scopus,10.1016/j.bspc.2024.106957,,2025,BIOMEDICAL SIGNAL PROCESSING AND CONTR,A convolution and attention-based conditional adversarial domain adaptation neural network for ,include-candidate,include,EEG cross-subject emotion (journal),conditional adversarial UDA; SD + SI on SEED; SI ~81%,subject-independent; domain adaptation,no,,
SCR-0116,WoS/Scopus,10.1016/j.bspc.2024.107337,,2025,BIOMEDICAL SIGNAL PROCESSING AND CONTR,Multi-source EEG emotion recognition via dynamic contrastive domain adaptation,include-candidate,include,EEG cross-subject emotion (journal),,,,,
SCR-0117,WoS/Scopus,10.1016/j.bspc.2024.107462,,2025,BIOMEDICAL SIGNAL PROCESSING AND CONTR,Emotion recognition based on EEG signals and face images,include-candidate,include,EEG cross-subject emotion (journal),,,,,
SCR-0118,WoS/Scopus,10.1016/j.bspc.2025.107511,,2025,BIOMEDICAL SIGNAL PROCESSING AND CONTR,Cross-subject emotion recognition with contrastive learning based on EEG signal correlations,include-candidate,include,EEG cross-subject emotion (journal),,,,,
SCR-0119,WoS/Scopus,10.1016/j.bspc.2025.107536,,2025,BIOMEDICAL SIGNAL PROCESSING AND CONTR,Multiple class transfer learning framework with source label adaptive correction for EEG emotio,include-candidate,include,EEG cross-subject emotion (journal),,,,,
SCR-0120,WoS/Scopus,10.1016/j.bspc.2025.107550,,2025,BIOMEDICAL SIGNAL PROCESSING AND CONTR,A coupling of common-private topological patterns learning approach for cross-subject emotion r,include-candidate,include,EEG cross-subject emotion (journal),LOSO per session; cross-subject; SEED/SEED-IV/DEAP,subject-independent; LOSO,no,,
SCR-0121,WoS/Scopus,10.1016/j.bspc.2025.107622,,2025,BIOMEDICAL SIGNAL PROCESSING AND CONTR,Contrastive reinforced transfer learning for EEG-based emotion recognition with consideration o,include-candidate,include,EEG cross-subject emotion (journal),contrastive reinforced TL; unlabeled target; cross-subject/session,cross-subject/cross-session; transfer learning,no,,
SCR-0122,WoS/Scopus,10.1016/j.bspc.2025.108016,,2025,BIOMEDICAL SIGNAL PROCESSING AND CONTR,Multi-source domain separation adversarial domain adaptation for EEG emotion recognition,include-candidate,include,EEG cross-subject emotion (journal),multi-source adversarial UDA; unlabeled target + pseudo-labels; cross-session; SEED,cross-subject/cross-session; UDA,no,,
SCR-0123,WoS/Scopus,10.1016/j.bspc.2025.108231,,2025,BIOMEDICAL SIGNAL PROCESSING AND CONTR,Cross-subject emotion recognition by EEG driven spatio-temporal hybrid network based on domain ,include-candidate,include,EEG cross-subject emotion (journal),MMD-based UDA; multi-source selection; cross-subject,cross-subject; domain adaptation,no,,
SCR-0124,WoS/Scopus,10.1016/j.bspc.2025.108372,,2026,BIOMEDICAL SIGNAL PROCESSING AND CONTR,A contrastive learning model of attentional enhancement for EEG cross-subject emotion recogniti,include-candidate,include,EEG cross-subject emotion (journal),subject-disjoint 3-fold CV (10 train/5 test subjects); source real + target pseudo-labels; SEED,cross-subject; 3-fold subject-disjoint,no,,
SCR-0125,Scopus,10.1016/j.bspc.2025.108454,,2026,Biomedical Signal Processing and Contr,How EEG-based cross-subject driving emotion is recognized: A multi-source transfer manifold lea,include-candidate,include,EEG cross-subject emotion (journal),,,,,
SCR-0126,WoS/Scopus,10.1016/j.bspc.2025.108556,,2026,BIOMEDICAL SIGNAL PROCESSING AND CONTR,Graph Filtering-Based Multi-Granularity Spatial-Frequency Convolutional Attention Fusion Networ,include-candidate,include,EEG cross-subject emotion (journal),,,,,
SCR-0127,WoS,10.1016/j.bspc.2025.108629,,2026,BIOMEDICAL SIGNAL PROCESSING AND CONTR,EA-FUSION: A multimodal emotion recognition model using EEG and facial expression data,include-candidate,include,EEG cross-subject emotion (journal),,,,,
SCR-0128,WoS/Scopus,10.1016/j.bspc.2025.108865,,2026,BIOMEDICAL SIGNAL PROCESSING AND CONTR,Adaptive Threshold Local-Global learning for semi-supervised EEG-based emotion recognition,include-candidate,include,EEG cross-subject emotion (journal),semi-supervised; small labeled + unlabeled target; pseudo-labels; cross-subject,cross-subject; semi-supervised,no,,
SCR-0129,WoS/Scopus,10.1016/j.bspc.2025.108968,,2026,BIOMEDICAL SIGNAL PROCESSING AND CONTR,TSCANet: A temporal and spatial cross-averaged network for EEG-based momentary emotion recognit,include-candidate,include,EEG cross-subject emotion (journal),,,,,
SCR-0130,WoS/Scopus,10.1016/j.bspc.2026.109515,,2026,BIOMEDICAL SIGNAL PROCESSING AND CONTR,Multi-scale graph convolutional EEG emotion recognition method driven by dynamic channel state ,include-candidate,include,EEG cross-subject emotion (journal),subject-dependent + subject-independent on SEED; pretrain(unlabeled)+finetune; DE,subject-independent; subject-dependent,no,,
SCR-0131,Scopus,10.1016/j.bspc.2026.109591,,2026,Biomedical Signal Processing and Contr,An ensemble of CGAN and XGBoost for emotion recognition from EEG spectral features,include-candidate,include,EEG cross-subject emotion (journal),,,,,
SCR-0132,WoS/Scopus,10.1016/j.bspc.2026.109623,,2026,BIOMEDICAL SIGNAL PROCESSING AND CONTR,A dual-branch multiscale model based on Bi-Mamba for EEG emotion recognition,include-candidate,include,EEG cross-subject emotion (journal),ten-fold subject-disjoint CV (no subject in both train/test; leakage-controlled); DEAP/SEED/SEED-IV,subject-independent; subject-disjoint 10-fold,no,,explicitly prevents subject overlap
SCR-0133,WoS/Scopus,10.1016/j.bspc.2026.109669,,2026,BIOMEDICAL SIGNAL PROCESSING AND CONTR,Identifying relevant EEG features for personalized emotional videos: a cross-population analysi,include-candidate,include,EEG cross-subject emotion (journal),,,,,
SCR-0134,WoS/Scopus,10.1016/j.bspc.2026.109740,,2026,BIOMEDICAL SIGNAL PROCESSING AND CONTR,DDMGCN: Deep Dynamic Multi-Graph Convolutional Neural Network for EEG emotion recognition,include-candidate,include,EEG cross-subject emotion (journal),subject-dependent + subject-independent on SEED/DREAMER; DE features,subject-independent; subject-dependent,no,,
SCR-0135,WoS/Scopus,10.1016/j.bspc.2026.109830,,2026,BIOMEDICAL SIGNAL PROCESSING AND CONTR,DIMER: EEG-based DNA-inspired multi-dimension feature emotion quantization recognition method,include-candidate,include,EEG cross-subject emotion (journal),subject-independent CLAIMED but 5-fold random KFold on DEAP (subject-mixed); near-ceiling 94.82%,subject-independent (claimed); 5-fold random,yes,subject-mixed-kfold,subject-independent 94.82% on DEAP via 5-fold random KFold; subjects not separated (subject-mixed); near-ceiling
SCR-0136,WoS/Scopus,10.1016/j.bspc.2026.109856,,2026,BIOMEDICAL SIGNAL PROCESSING AND CONTR,"STPA-Net: integrating spatio-temporal convolutional, multi-scale feature pyramid, and multi-att",include-candidate,include,EEG cross-subject emotion (journal),,,,,
SCR-0137,WoS/Scopus,10.1016/j.bspc.2026.109976,,2026,BIOMEDICAL SIGNAL PROCESSING AND CONTR,Learning unified brain region representation for cross-dataset EEG-based emotion recognition,include-candidate,include,EEG cross-subject emotion (journal),,,,,
SCR-0138,WoS/Scopus,10.1016/j.bspc.2026.110077,,2026,BIOMEDICAL SIGNAL PROCESSING AND CONTR,Selective channel bypassing meets capsules: Efficient and robust EEG emotion recognition,include-candidate,include,EEG cross-subject emotion (journal),subject-dependent = within-subject random 10-fold window-level (inflated; disclosed); subject-independent = cross-subject ~76% DEAP (clean),subject-dependent + subject-independent (cross-subject),no,,SD window-level 10-fold inflates SD numbers but labelled SD; cross-subject arm is clean
SCR-0139,WoS/Scopus,10.1016/j.bspc.2026.110140,,2026,BIOMEDICAL SIGNAL PROCESSING AND CONTR,An interpretable deep learning model for EEG emotion recognition using the Rashomon effect,include-candidate,include,EEG cross-subject emotion (journal),rigorous LOSO validation; DEAP/DREAMER; interpretability (48 pipelines),subject-independent; LOSO,no,,reported 90%+ F1 vs 54% acc across ablations; LOSO stated
SCR-0140,WoS/Scopus,10.1016/j.bspc.2026.110278,,2026,BIOMEDICAL SIGNAL PROCESSING AND CONTR,DSTFT: A dual path spatial-temporal fusion transformer for EEG emotion recognition based on att,include-candidate,include,EEG cross-subject emotion (journal),,,,,
SCR-0141,WoS/Scopus,10.1016/j.bspc.2026.110299,,2026,BIOMEDICAL SIGNAL PROCESSING AND CONTR,HEAT: Hierarchical Emotion Adaptation with Progressive Thresholding for EEG Emotion and Conscio,include-candidate,include,EEG cross-subject emotion (journal),hierarchical DA; progressive pseudo-labeling; unlabeled target; cross-subject,cross-subject; semi-supervised DA,no,,
SCR-0142,WoS/Scopus,10.1016/j.bspc.2026.110302,,2026,BIOMEDICAL SIGNAL PROCESSING AND CONTR,AST-CLNet: EEG emotion recognition based on dual-branch adaptive graph convolution and contrast,include-candidate,include,EEG cross-subject emotion (journal),within-subject 10-fold (SD) + cross-subject (SI ~82-88%) on SEED/SEED-IV,subject-dependent + subject-independent,no,,
SCR-0143,WoS/Scopus,10.1016/j.bspc.2026.110350,,2026,BIOMEDICAL SIGNAL PROCESSING AND CONTR,EEG-based emotion recognition using super-resolution superlet transform and self-attention conv,include-candidate,include,EEG cross-subject emotion (journal),strict trial-level CV to eliminate leakage; critiques image-level splitting (+15-23pt inflation); DEAP/DREAMER,subject-dependent + subject-independent; trial-level CV,no,,leakage-aware exhibit; explicitly prevents trial/segment leakage
SCR-0144,WoS,10.1016/j.bspc.2026.110501,,2026,BIOMEDICAL SIGNAL PROCESSING AND CONTR,Multi-view cross-modal contrastive representation learning with domain adaptation for multi-mod,include-candidate,include,EEG cross-subject emotion (journal),,,,,
SCR-0145,WoS/Scopus,10.1016/j.bspc.2026.110528,,2026,BIOMEDICAL SIGNAL PROCESSING AND CONTR,Cross-subject EEG emotion recognition based on dynamic spatiotemporal feature fusion with the D,include-candidate,include,EEG cross-subject emotion (journal),,,,,
SCR-0146,WoS/Scopus,10.1016/j.bspc.2026.110637,,2026,BIOMEDICAL SIGNAL PROCESSING AND CONTR,Multi-scale spatiotemporal feature coupling and adversarial domain adaptation for EEG emotion r,include-candidate,include,EEG cross-subject emotion (journal),LOSO per session (prevents temporal leakage); adversarial DA; SEED/DEAP,subject-independent; LOSO,no,,
SCR-0147,Scopus,10.1016/j.bspc.2026.110816,,2026,Biomedical Signal Processing and Contr,ST-AlignNet: Semantic alignment with temporal saliency filtering for emotion recognition,include-candidate,include,EEG cross-subject emotion (journal),subject-dependent (97.95%) + subject-independent (70.86%; realistic),subject-dependent + subject-independent,no,,
SCR-0148,WoS/Scopus,10.1016/j.cogsys.2023.101152,,2023,COGNITIVE SYSTEMS RESEARCH,A systematic literature review of emotion recognition using EEG signals,exclude,non-primary-study,systematic literature review,,,,,
SCR-0149,WoS/Scopus,10.1016/j.comcom.2020.10.004,,2020,COMPUTER COMMUNICATIONS,Multi-reservoirs EEG signal feature sensing and recognition method based on generative adversar,unclear-needs-fulltext,unclear-needs-fulltext,construct/emotion not stated in title,GAN-based DA; LOSO on DEAP (also SAP); pseudo-labels; 4-class,cross-subject; LOSO; domain adaptation,no,,full text confirms EEG emotion (DEAP) + LOSO
SCR-0150,WoS/Scopus,10.1016/j.compbiomed.2016.10.019,,2016,COMPUTERS IN BIOLOGY AND MEDICINE,Unsupervised domain adaptation techniques based on auto-encoder for non-stationary EEG-based em,include-candidate,include,EEG cross-subject emotion (journal),,,,,
SCR-0151,WoS,10.1016/j.compbiomed.2020.103875,,2020,COMPUTERS IN BIOLOGY AND MEDICINE,Selecting transferrable neurophysiological features for inter-individual emotion recognition vi,include-candidate,include,EEG cross-subject emotion (journal),,,,,
SCR-0152,WoS/Scopus,10.1016/j.compbiomed.2021.104867,,2021,COMPUTERS IN BIOLOGY AND MEDICINE,PrimePatNet87: Prime pattern and tunable q-factor wavelet transform techniques for automated ac,include-candidate,include,EEG cross-subject emotion (journal),,,,,
SCR-0153,WoS/Scopus,10.1016/j.compbiomed.2021.105048,,2022,COMPUTERS IN BIOLOGY AND MEDICINE,An adversarial discriminative temporal convolutional network for EEG-based cross-domain emotion,include-candidate,include,EEG cross-subject emotion (journal),adversarial discriminative TCN UDA; unlabeled target; cross-subject,cross-subject; UDA,no,,
SCR-0154,WoS/Scopus,10.1016/j.compbiomed.2021.105080,,2022,COMPUTERS IN BIOLOGY AND MEDICINE,A novel ensemble learning method using multiple objective particle swarm optimization for subje,include-candidate,include,EEG cross-subject emotion (journal),,,,,
SCR-0155,WoS,10.1016/j.compbiomed.2022.105327,,2022,COMPUTERS IN BIOLOGY AND MEDICINE,EEG-based emotion charting for Parkinson's disease patients using Convolutional Recurrent Neura,include-candidate,include,EEG cross-subject emotion (journal),,,,,
SCR-0156,WoS/Scopus,10.1016/j.compbiomed.2022.105519,,2022,COMPUTERS IN BIOLOGY AND MEDICINE,Cross-subject EEG emotion recognition combined with connectivity features and meta-transfer lea,include-candidate,include,EEG cross-subject emotion (journal),meta-transfer connectivity; subject-independent ~99.1% (near-ceiling),subject-independent; meta-transfer,unclear,claim-method-mismatch-suspected,subject-independent accuracy ~99.1% is near-ceiling/implausible for genuine cross-subject; verify subject separation and meta-task (support-sample) use
SCR-0157,WoS/Scopus,10.1016/j.compbiomed.2022.106463,,2023,COMPUTERS IN BIOLOGY AND MEDICINE,TC-Net: A Transformer Capsule Network for EEG-based emotion recognition,include-candidate,include,EEG cross-subject emotion (journal),,,,,
SCR-0158,WoS/Scopus,10.1016/j.compbiomed.2023.106860,,2023,COMPUTERS IN BIOLOGY AND MEDICINE,Cross-subject EEG emotion recognition using multi-source domain manifold feature selection,include-candidate,include,EEG cross-subject emotion (journal),multi-source manifold DA; offline source selection; unlabeled target; cross-subject,cross-subject; DA (manifold),no,,
SCR-0159,WoS/Scopus,10.1016/j.compbiomed.2023.107489,,2023,COMPUTERS IN BIOLOGY AND MEDICINE,Wearable-based human flow experience recognition enhanced by transfer learning methods using em,unclear-needs-fulltext,unclear-needs-fulltext,flow-experience; modality unclear,,,,,
SCR-0160,Scopus,10.1016/j.compbiomed.2024.108445,,2024,Computers in Biology and Medicine,Enhancing cross-subject EEG emotion recognition through multi-source manifold metric transfer l,include-candidate,include,EEG cross-subject emotion (journal),multi-source manifold metric transfer; TCA; cross-subject,cross-subject; DA (manifold),no,,
SCR-0161,Scopus,10.1016/j.compbiomed.2024.108788,,2024,Computers in Biology and Medicine,HiRENet: Novel convolutional neural network architecture using Hilbert-transformed and raw elec,include-candidate,include,EEG cross-subject emotion (journal),,,,,
SCR-0162,Scopus,10.1016/j.compbiomed.2024.108973,,2024,Computers in Biology and Medicine,Temporal aware Mixed Attention-based Convolution and Transformer Network for cross-subject EEG ,include-candidate,include,EEG cross-subject emotion (journal),,,,,
SCR-0163,Scopus,10.1016/j.compbiomed.2024.109394,,2025,Computers in Biology and Medicine,Enhanced cross-dataset electroencephalogram-based emotion recognition using unsupervised domain,include-candidate,include,EEG cross-subject emotion (journal),cross-dataset UDA; gradual target-data selection; pseudo-labels,cross-dataset; UDA,no,,
SCR-0164,Scopus,10.1016/j.compbiomed.2025.110036,,2025,Computers in Biology and Medicine,Impact of sex differences on subject-independent EEG-based emotion recognition models,include-candidate,include,EEG cross-subject emotion (journal),subject-independent (train/test subject-disjoint); studies sex effect,subject-independent,no,,
SCR-0165,WoS/Scopus,10.1016/j.dsp.2025.105761,,2026,DIGITAL SIGNAL PROCESSING,Group sparse and super resolution time-frequency-based method for emotion recognition,include-candidate,include,EEG cross-subject emotion (journal),,,,,
SCR-0166,WoS/Scopus,10.1016/j.eij.2019.10.002,,2020,EGYPTIAN INFORMATICS JOURNAL,Employing PCA and t-statistical approach for feature extraction and classification of emotion f,include-candidate,include,EEG cross-subject emotion (journal),,,,,
SCR-0167,WoS/Scopus,10.1016/j.eij.2020.07.005,,2021,EGYPTIAN INFORMATICS JOURNAL,A 3D-convolutional neural network framework with ensemble learning techniques for multi-modal e,include-candidate,include,EEG cross-subject emotion (journal),,,,,
SCR-0168,WoS,10.1016/j.engappai.2025.110004,,2025,ENGINEERING APPLICATIONS OF ARTIFICIAL,Multimodal emotion recognition by fusing complementary patterns from central to peripheral neur,include-candidate,include,EEG cross-subject emotion (journal),LOSO-CV (prevents data leakage); multimodal EEG+peripheral; DEAP/HCI/SEED-IV/V,subject-independent; LOSO,no,,leakage-aware
SCR-0169,WoS,10.1016/j.engappai.2025.110654,,2025,ENGINEERING APPLICATIONS OF ARTIFICIAL,Integration of neural networks in brain-computer interface applications: Research frontiers and,exclude,non-primary-study,review: BCI research frontiers,,,,,
SCR-0170,WoS,10.1016/j.engappai.2025.112144,,2025,ENGINEERING APPLICATIONS OF ARTIFICIAL,Electroencephalography-based emotion recognition using a dual-stream multi-scale spatiotemporal,include-candidate,include,EEG cross-subject emotion (journal),SD = 10-fold window-level (97%; inflated; labelled SD); SI = LOSO (75.89%; clean); DEAP/SEED,subject-dependent + subject-independent (LOSO),no,,
SCR-0171,WoS/Scopus,10.1016/j.engappai.2025.112422,,2025,ENGINEERING APPLICATIONS OF ARTIFICIAL,Resource-efficient cross-subject emotion recognition from electroencephalogram via spiking doma,include-candidate,include,EEG cross-subject emotion (journal),spiking-based UDA; reliable pseudo-label target selection; cross-subject,cross-subject; UDA,no,,
SCR-0172,Scopus,10.1016/j.engappai.2026.115381,,2026,Engineering Applications of Artificial,Prior knowledge-guided and unsupervised domain adaptation enhanced fine-tuning for electroencep,include-candidate,include,EEG cross-subject emotion (journal),,,,,
SCR-0173,WoS/Scopus,10.1016/j.eswa.2023.121889,,2024,EXPERT SYSTEMS WITH APPLICATIONS,Convolutional gated recurrent unit-driven multidimensional dynamic graph neural network for sub,include-candidate,include,EEG cross-subject emotion (journal),,,,,
SCR-0174,WoS/Scopus,10.1016/j.eswa.2024.124001,,2024,EXPERT SYSTEMS WITH APPLICATIONS,"EEG-eye movement based subject dependence, cross-subject, and cross-session emotion recognition",include-candidate,include,EEG cross-subject emotion (journal),,,,,
SCR-0175,WoS/Scopus,10.1016/j.eswa.2024.125089,,2024,EXPERT SYSTEMS WITH APPLICATIONS,A radial basis deformable residual convolutional neural model embedded with local multi-modal f,include-candidate,include,EEG cross-subject emotion (journal),,,,,
SCR-0176,WoS/Scopus,10.1016/j.eswa.2024.126028,,2025,EXPERT SYSTEMS WITH APPLICATIONS,Domain adversarial learning with multiple adversarial tasks for EEG emotion recognition,include-candidate,include,EEG cross-subject emotion (journal),domain adversarial multi-task UDA; unlabeled target; SEED (sub-domains via subject-mixing within DA),cross-subject; UDA,no,,'subject mixing' is DA sub-domain construction not eval leakage
SCR-0177,WoS/Scopus,10.1016/j.eswa.2024.126081,,2025,EXPERT SYSTEMS WITH APPLICATIONS,A bidirectional cross-modal transformer representation learning model for EEG-fNIRS multimodal ,include-candidate,include,EEG cross-subject emotion (journal),,,,,
SCR-0178,WoS/Scopus,10.1016/j.eswa.2025.127348,,2025,EXPERT SYSTEMS WITH APPLICATIONS,Cross-dataset EEG emotion recognition based on pre-trained Vision Transformer considering emoti,include-candidate,include,EEG cross-subject emotion (journal),pretrained ViT; cross-dataset DA + fine-tuning across subjects/datasets,cross-dataset/cross-subject; DA + fine-tune,no,,
SCR-0179,WoS/Scopus,10.1016/j.eswa.2025.127456,,2025,EXPERT SYSTEMS WITH APPLICATIONS,ChannelMix-based transformer and convolutional multi-view feature fusion network for unsupervis,include-candidate,include,EEG cross-subject emotion (journal),UDA; soft pseudo-labels; unlabeled target; cross-subject,cross-subject; UDA,no,,
SCR-0180,WoS/Scopus,10.1016/j.eswa.2025.129164,,2026,EXPERT SYSTEMS WITH APPLICATIONS,A novel data-free class incremental learning framework with adaptive sparse reasoning for EEG e,include-candidate,include,EEG cross-subject emotion (journal),,,,,
SCR-0181,WoS/Scopus,10.1016/j.eswa.2025.129222,,2026,EXPERT SYSTEMS WITH APPLICATIONS,Multi-view multi-scale adapter squeeze excitation network with domain generalization for cross-,include-candidate,include,EEG cross-subject emotion (journal),,,,,
SCR-0182,WoS/Scopus,10.1016/j.eswa.2025.129654,,2026,EXPERT SYSTEMS WITH APPLICATIONS,Dynamic collaborative evolutionary network: A novel spatio-temporal feature extraction framewor,include-candidate,include,EEG cross-subject emotion (journal),,,,,
SCR-0183,WoS/Scopus,10.1016/j.eswa.2025.129694,,2026,EXPERT SYSTEMS WITH APPLICATIONS,EEG emotion recognition through a domain-adversarial multi-feature fusion network,include-candidate,include,EEG cross-subject emotion (journal),,,,,
SCR-0184,WoS/Scopus,10.1016/j.eswa.2025.130843,,2026,EXPERT SYSTEMS WITH APPLICATIONS,SSAS: Cross-subject EEG-based emotion recognition through source selection with adversarial str,include-candidate,include,EEG cross-subject emotion (journal),,,,,
SCR-0185,WoS/Scopus,10.1016/j.eswa.2026.131229,,2026,EXPERT SYSTEMS WITH APPLICATIONS,Explainable spatial-temporal-spectral meta-learning for subject-independent EEG-based emotion r,include-candidate,include,EEG cross-subject emotion (journal),,,,,
SCR-0186,WoS,10.1016/j.eswa.2026.132121,,2026,EXPERT SYSTEMS WITH APPLICATIONS,RA3-FDA: Resource-adaptive federated domain adaptation with dual heterogeneity awareness for EE,include-candidate,include,EEG cross-subject emotion (journal),,,,,
SCR-0187,WoS,10.1016/j.heliyon.2024.e31485,,2024,HELIYON,EEG-based emotion recognition systems; comprehensive study,exclude,non-primary-study,comprehensive study/review,,,,,
SCR-0188,WoS/Scopus,10.1016/j.heliyon.2025.e41767,,2025,HELIYON,Develop an emotion recognition system using jointly connectivity between electroencephalogram a,include-candidate,include,EEG cross-subject emotion (journal),,,,,
SCR-0189,WoS,10.1016/j.ijpsycho.2014.07.014,,2014,INTERNATIONAL JOURNAL OF PSYCHOPHYSIOL,Optimal set of EEG features for emotional state classification and trajectory visualization in ,include-candidate,include,EEG cross-subject emotion (journal),10-fold random CV (subject-mixed); feature-selection/visualization study on PD/HC,subject-independent (features),unclear,subject-mixed-kfold,10-fold random CV mixes subjects; 'subject-independent' refers to feature selection not eval protocol; PD/HC data
SCR-0190,Scopus,10.1016/j.imu.2025.101728,,2026,Informatics in Medicine Unlocked,Evaluating cultural impact on subject-independent EEG-based emotion recognition approaches,include-candidate,include,EEG cross-subject emotion (journal),subject-independent (train/test subject-disjoint); cultural factors,subject-independent,no,,
SCR-0191,WoS/Scopus,10.1016/j.inffus.2023.102156,,2024,INFORMATION FUSION,Multi-view domain-adaptive representation learning for EEG-based emotion recognition,include-candidate,include,EEG cross-subject emotion (journal),,,,,
SCR-0192,WoS,10.1016/j.inffus.2024.102338,,2024,INFORMATION FUSION,Online multi-hypergraph fusion learning for cross-subject emotion recognition,include-candidate,include,EEG cross-subject emotion (journal),,,,,
SCR-0193,WoS,10.1016/j.inffus.2025.102982,,2025,INFORMATION FUSION,Application of transfer learning for biomedical signals: A comprehensive review of the last dec,exclude,non-primary-study,comprehensive review (transfer learning),,,,,
SCR-0194,WoS,10.1016/j.inffus.2025.103368,,2025,INFORMATION FUSION,Neurostressology: A systematic review of EEG-based automated mental stress perspectives,exclude,non-primary-study,systematic review (mental stress),,,,,
SCR-0195,WoS/Scopus,10.1016/j.inffus.2026.104329,,2026,INFORMATION FUSION,ASAC-Net: A novel multimodal alignment-complementary fusion framework for EEG-fNIRS emotion rec,include-candidate,include,EEG cross-subject emotion (journal),,,,,
SCR-0196,WoS/Scopus,10.1016/j.ins.2022.07.121,,2022,INFORMATION SCIENCES,EEG-based cross-subject emotion recognition using Fourier-Bessel series expansion based empiric,include-candidate,include,EEG cross-subject emotion (journal),,,,,
SCR-0197,WoS/Scopus,10.1016/j.ins.2024.121198,,2024,INFORMATION SCIENCES,EEG emotion recognition using EEG-SWTNS neural network through EEG spectral image,include-candidate,include,EEG cross-subject emotion (journal),,,,,
SCR-0198,WoS,10.1016/j.ipm.2026.104745,,2026,INFORMATION PROCESSING \& MANAGEMENT,Hierarchical dynamic pattern analysis and adaptive fusion of multimodal physiological signals f,unclear-needs-fulltext,unclear-needs-fulltext,multimodal physiological; EEG unclear,,,,,
SCR-0199,WoS,10.1016/j.ipm.2026.104939,,2026,INFORMATION PROCESSING \& MANAGEMENT,MASSANet: Multiscale adaptive spectral-spatial dual-path attention network for motor imagery de,exclude,off-topic,off-topic: motor imagery decoding,,,,,
SCR-0200,WoS/Scopus,10.1016/j.jksuci.2019.11.003,,2022,JOURNAL OF KING SAUD UNIVERSITY COMPUT,Subject independent emotion recognition from EEG using VMD and deep learning,include-candidate,include,EEG cross-subject emotion (journal),,,,,
SCR-0201,WoS/Scopus,10.1016/j.jksuci.2020.10.007,,2022,JOURNAL OF KING SAUD UNIVERSITY COMPUT,IDEA: Intellect database for emotion analysis using EEG signal,include-candidate,include,EEG cross-subject emotion (journal),own IDEA database; SD 98.5% / SI 88.57% (subject-disjoint),subject-independent; subject-dependent,no,,own/identifiable database
SCR-0202,WoS,10.1016/j.jksuci.2023.03.014,,2023,JOURNAL OF KING SAUD UNIVERSITY-COMPUT,Orthogonal semi-supervised regression with adaptive label dragging for cross-session EEG emotio,include-candidate,include,EEG cross-subject emotion (journal),semi-supervised regression + label propagation; labeled+unlabeled; cross-session,cross-session; semi-supervised,no,,
SCR-0203,WoS,10.1016/j.jneumeth.2023.109879,,2023,JOURNAL OF NEUROSCIENCE METHODS,EEG rhythm based emotion recognition using multivariate decomposition and ensemble machine clas,include-candidate,include,EEG cross-subject emotion (journal),10-fold CV (subject-mixed; near-ceiling) reported alongside LOSOCV,LOSOCV + 10-fold,yes,subject-mixed-kfold,reports subject-mixed 10-fold (near-ceiling ~98-99% mvFIF) alongside LOSOCV; headline inflated by subject-mixed fold
SCR-0204,WoS,10.1016/j.jneumeth.2023.109909,,2023,JOURNAL OF NEUROSCIENCE METHODS,SIFIAE: An adaptive emotion recognition model with EEG feature-label inconsistency consideratio,include-candidate,include,EEG cross-subject emotion (journal),semi-supervised cross-session; labeled+unlabeled; pseudo-labels,cross-session; semi-supervised,no,,
SCR-0205,WoS/Scopus,10.1016/j.jneumeth.2023.109978,,2023,JOURNAL OF NEUROSCIENCE METHODS,Joint domain symmetry and predictive balance for cross-dataset EEG emotion recognition,include-candidate,include,EEG cross-subject emotion (journal),cross-dataset UDA; domain symmetry + predictive balance; unlabeled target,cross-dataset; UDA,no,,
SCR-0206,WoS/Scopus,10.1016/j.jneumeth.2024.110276,,2024,JOURNAL OF NEUROSCIENCE METHODS,Cross-subject emotion recognition in brain-computer interface based on frequency band attention,include-candidate,include,EEG cross-subject emotion (journal),frequency-band attention GAN; domain-adversarial (GRL); unlabeled target; cross-subject; SEED,cross-subject; DA (adversarial),no,,
SCR-0207,WoS/Scopus,10.1016/j.jneumeth.2024.110317,,2025,JOURNAL OF NEUROSCIENCE METHODS,ST-SHAP: A hierarchical and explainable attention network for emotional EEG representation lear,include-candidate,include,EEG cross-subject emotion (journal),SD = 10-fold per subject; SI = LOSO; SEED/DREAMER,subject-dependent + subject-independent (LOSO),no,,
SCR-0208,WoS/Scopus,10.1016/j.jneumeth.2024.110358,,2025,JOURNAL OF NEUROSCIENCE METHODS,Emotion recognition based on EEG source signals and dynamic brain function network,include-candidate,include,EEG cross-subject emotion (journal),subject-independent (83.5%) + subject-dependent (88.93%); SVM/RF + CV,subject-independent + subject-dependent,no,,verify feature selection not on full data
SCR-0209,WoS/Scopus,10.1016/j.knosys.2022.109038,,2022,KNOWLEDGE-BASED SYSTEMS,Affect recognition from scalp-EEG using channel-wise encoder networks coupled with geometric de,include-candidate,include,EEG cross-subject emotion (journal),10-fold CV (subject-mixed ~88%) + LOSO (~64-70%); DEAP/DREAMER,subject-independent (LOSO) + 10-fold,yes,subject-mixed-kfold,reports subject-mixed 10-fold ~88% alongside LOSO ~64-70%; 10-fold inflates via subject/window mixing
SCR-0210,WoS/Scopus,10.1016/j.knosys.2023.110372,,2023,KNOWLEDGE-BASED SYSTEMS,EEG emotion recognition based on the attention mechanism and pre-trained convolution capsule ne,include-candidate,include,EEG cross-subject emotion (journal),SD = 10/40-fold; SI = 32-fold (LOSO subject-disjoint) on DEAP,subject-dependent + subject-independent (LOSO),no,,
SCR-0211,WoS/Scopus,10.1016/j.knosys.2023.110756,,2023,KNOWLEDGE-BASED SYSTEMS,MTLFuseNet: A novel emotion recognition model based on deep latent feature fusion of EEG signal,include-candidate,include,EEG cross-subject emotion (journal),subject-independent LOSO-CV; DEAP/DREAMER,subject-independent; LOSO,no,,
SCR-0212,WoS/Scopus,10.1016/j.knosys.2023.111011,,2023,KNOWLEDGE-BASED SYSTEMS,Cross-subject EEG linear domain adaption based on batch normalization and depthwise convolution,include-candidate,include,EEG cross-subject emotion (journal),,,,,
SCR-0213,WoS/Scopus,10.1016/j.knosys.2023.111137,,2024,KNOWLEDGE-BASED SYSTEMS,DA-CapsNet: A multi-branch capsule network based on adversarial domain adaption for cross-subje,include-candidate,include,EEG cross-subject emotion (journal),adversarial DA capsule; no target labels; SEED SI 84.63%,cross-subject; UDA,no,,
SCR-0214,WoS/Scopus,10.1016/j.knosys.2023.111199,,2024,KNOWLEDGE-BASED SYSTEMS,Functional connectivity-enhanced feature-grouped attention network for cross-subject EEG emotio,include-candidate,include,EEG cross-subject emotion (journal),subject-independent emotion; functional connectivity + attention,subject-independent,no,,split-level not shown in extracted text; SI framed
SCR-0215,WoS/Scopus,10.1016/j.knosys.2024.112587,,2024,KNOWLEDGE-BASED SYSTEMS,Emotion recognition using cross-modal attention from EEG and facial expression,include-candidate,include,EEG cross-subject emotion (journal),ten-fold CV + LOSO (DEAP); EEG+facial; LOSO arm for cross-subject,LOSO + 10-fold,no,,
SCR-0216,WoS/Scopus,10.1016/j.knosys.2024.112599,,2024,KNOWLEDGE-BASED SYSTEMS,MAS-DGAT-Net: A dynamic graph attention network with multibranch feature extraction and staged ,include-candidate,include,EEG cross-subject emotion (journal),SD = 10-fold; SI = leave-one-subject-out; SEED/SEED-IV/DEAP,subject-dependent + subject-independent (LOSO),no,,
SCR-0217,WoS/Scopus,10.1016/j.knosys.2024.112669,,2024,KNOWLEDGE-BASED SYSTEMS,Semi-supervised pairwise transfer learning based on multi-source domain adaptation: A case on E,include-candidate,include,EEG cross-subject emotion (journal),semi-supervised pairwise MS-DA; few target labels; source selection,cross-subject; semi-supervised DA,no,,
SCR-0218,WoS/Scopus,10.1016/j.knosys.2024.112770,,2025,KNOWLEDGE-BASED SYSTEMS,GCD-JFSE: Graph-based class-domain knowledge joint feature selection and ensemble learning for ,include-candidate,include,EEG cross-subject emotion (journal),feature selection + ensemble; LOSO cross-subject + cross-session; SEED/SEED-IV/DREAMER,cross-subject/cross-session; LOSO,no,,
SCR-0219,WoS/Scopus,10.1016/j.knosys.2024.112826,,2025,KNOWLEDGE-BASED SYSTEMS,The mitigation of heterogeneity in temporal scale among different cortical regions for EEG emot,include-candidate,include,EEG cross-subject emotion (journal),leakage-aware: SD=10-fold cross-trial (no trial in both); SI=LOSO; DEAP/DREAMER/PhyMER,subject-dependent + subject-independent (LOSO); cross-trial,no,,explicitly avoids trial leakage
SCR-0220,WoS/Scopus,10.1016/j.knosys.2025.113018,,2025,KNOWLEDGE-BASED SYSTEMS,VAE-CapsNet: A common emotion information extractor for cross-subject emotion recognition,include-candidate,include,EEG cross-subject emotion (journal),MSMAE pretrain(unlabeled)+finetune few labels; cross-session/subject/dataset,cross-subject/cross-session/cross-dataset,unclear,cross-session-labelled-cross-subject,verify cross-session vs cross-subject terminology (project noted VAE-CapsNet labels leave-one-session-out as 'LOSO')
SCR-0221,WoS/Scopus,10.1016/j.knosys.2025.113238,,2025,KNOWLEDGE-BASED SYSTEMS,Multi-modal supervised domain adaptation with a multi-level alignment strategy and consistent d,include-candidate,include,EEG cross-subject emotion (journal),supervised multi-modal DA; limited labeled target; LOSO; SEED/SEED-IV/SEED-V,cross-subject LOSO; supervised DA (target labels),no,,disclosed target-label use
SCR-0222,WoS/Scopus,10.1016/j.knosys.2025.113368,,2025,KNOWLEDGE-BASED SYSTEMS,Domain Adversarial Neural Network with Reliable Pseudo-labels Iteration for cross-subject EEG e,include-candidate,include,EEG cross-subject emotion (journal),domain adversarial + reliable pseudo-labels; unlabeled target; cross-subject,cross-subject; UDA,no,,
SCR-0223,WoS/Scopus,10.1016/j.knosys.2025.113613,,2025,KNOWLEDGE-BASED SYSTEMS,LGDAAN-Nets: A local and global domain adversarial attention neural networks for EEG emotion re,include-candidate,include,EEG cross-subject emotion (journal),local+global domain adversarial attention; unlabeled target; cross-subject,cross-subject; UDA,no,,
SCR-0224,WoS/Scopus,10.1016/j.knosys.2025.113938,,2025,KNOWLEDGE-BASED SYSTEMS,UMDA-DDSTGN: An unsupervised meta-domain adaptation method using dynamic directed spatial-tempo,include-candidate,include,EEG cross-subject emotion (journal),unsupervised meta-DA; small unlabeled target; cross-subject,cross-subject; UDA (meta),no,,
SCR-0225,WoS/Scopus,10.1016/j.knosys.2025.114115,,2025,KNOWLEDGE-BASED SYSTEMS,Spatiotemporal isomorphic cross-brain region interaction network for cross-subject EEG emotion ,include-candidate,include,EEG cross-subject emotion (journal),DANN + source selection; unlabeled target; cross-subject,cross-subject; UDA,no,,
SCR-0226,WoS/Scopus,10.1016/j.knosys.2025.114318,,2025,KNOWLEDGE-BASED SYSTEMS,ProDG: A proxy-domain-guiding strategy for multi-source-free domain adaptation in EEG emotion r,include-candidate,include,EEG cross-subject emotion (journal),multi-source-free DA; source model + unlabeled target (no source data); subject-independent,subject-independent; source-free DA,no,,
SCR-0227,WoS/Scopus,10.1016/j.knosys.2025.114650,,2025,KNOWLEDGE-BASED SYSTEMS,Fine-grained label propagation via density-based prototype matching for cross-subject EEG emoti,include-candidate,include,EEG cross-subject emotion (journal),density-based prototype label propagation; LOSO; unlabeled/limited target; SEED/SEED-IV,cross-subject LOSO; DA,no,,
SCR-0228,WoS/Scopus,10.1016/j.knosys.2025.115092,,2026,KNOWLEDGE-BASED SYSTEMS,IDFG: Information-Regularized Diversity-Fidelity Graph for EEG emotion recognition,include-candidate,include,EEG cross-subject emotion (journal),diversity-fidelity graph; source->unseen target (DA/DG); SEED/SEED-IV,cross-subject; DA/DG,no,,
SCR-0229,WoS/Scopus,10.1016/j.knosys.2026.115551,,2026,KNOWLEDGE-BASED SYSTEMS,Estimating dynamical affective state via domain-to-modality level feature integration from eye ,unclear-needs-fulltext,unclear-needs-fulltext,affective state from eye signals; EEG unclear,leave-one-session-out + cross-subject; segment-disjoint (leakage-controlled); affective-state regression,cross-subject + subject-specific; leave-one-session-out,no,,full text confirms EEG; segment-level leakage controlled
SCR-0230,Scopus,10.1016/j.knosys.2026.116250,,2026,Knowledge-Based Systems,Deep learning-based emotion recognition using unimodal facial expressions or physiological sign,unclear-needs-fulltext,unclear-needs-fulltext,facial or physiological; EEG unclear,,,,,
SCR-0231,WoS/Scopus,10.1016/j.measurement.2019.107003,,2020,MEASUREMENT,Dynamic entropy-based pattern learning to identify emotions from EEG signals across individuals,include-candidate,include,EEG cross-subject emotion (journal),subject-independent (trained on other individuals); entropy patterns,subject-independent,no,,
SCR-0232,WoS/Scopus,10.1016/j.measurement.2022.111724,,2022,MEASUREMENT,Deep feature pyramid network for EEG emotion recognition,include-candidate,include,EEG cross-subject emotion (journal),70/30 within-subject CV (near-ceiling 94-97% DEAP; SD) + LOSO (SEED/DEAP ~80%),subject-dependent (70/30) + subject-independent (LOSO),unclear,claim-method-mismatch-suspected,70/30 within-subject CV gives near-ceiling 94-97% on DEAP; risk of citation as generic/cross-subject; LOSO ~80% reported separately
SCR-0233,WoS/Scopus,10.1016/j.measurement.2022.112379,,2023,MEASUREMENT,TMLP plus SRDANN: A domain adaptation method for EEG-based emotion recognition,include-candidate,include,EEG cross-subject emotion (journal),MLP + adversarial UDA; unlabeled target; subject-independent,subject-independent; UDA,no,,
SCR-0234,WoS/Scopus,10.1016/j.mex.2025.103468,,2025,METHODSX,A comparative analysis of emotion recognition from EEG signals using temporal features and hype,include-candidate,include,EEG cross-subject emotion (journal),,,,,
SCR-0235,WoS/Scopus,10.1016/j.micpro.2020.103381,,2021,MICROPROCESSORS AND MICROSYSTEMS,An EEG emotion recognition method based on transfer learning and echo state network for HilCPS,include-candidate,include,EEG cross-subject emotion (journal),TCA transfer + echo state net; leave-one-participant-out (LOSO); DEAP,subject-independent LOSO; transfer (TCA),no,,
SCR-0236,WoS/Scopus,10.1016/j.neucom.2020.12.098,,2021,NEUROCOMPUTING,NeuroSense: Short-term emotion recognition and understanding based on spiking neural network mo,include-candidate,include,EEG cross-subject emotion (journal),SNN; subject-independent LOSO-CV; Inf-FS feature selection,subject-independent; LOSO,no,,hyperparams tuned to maximize LOSO accuracy (mild optimism)
SCR-0237,WoS/Scopus,10.1016/j.neucom.2021.03.105,,2021,NEUROCOMPUTING,Differences first in asymmetric brain: A bi-hemisphere discrepancy convolutional neural network,include-candidate,include,EEG cross-subject emotion (journal),SD (94%; within-subject) + SI (68%; subject-disjoint) on DEAP,subject-dependent + subject-independent,no,,
SCR-0238,WoS/Scopus,10.1016/j.neucom.2021.05.064,,2021,NEUROCOMPUTING,Progressive low-rank subspace alignment based on semi-supervised joint domain adaption for pers,include-candidate,include,EEG cross-subject emotion (journal),progressive low-rank subspace; semi-supervised joint DA; source+target,cross-subject; semi-supervised DA,no,,
SCR-0239,WoS/Scopus,10.1016/j.neucom.2022.09.078,,2022,NEUROCOMPUTING,Cross-individual affective detection using EEG signals with audio-visual embedding,include-candidate,include,EEG cross-subject emotion (journal),leave-one-individual-out (LOSO); DANN; unlabeled target; audio-visual embedding,cross-individual (LOSO); UDA,no,,
SCR-0240,WoS,10.1016/j.neucom.2024.128354,,2024,NEUROCOMPUTING,Toward cross-subject and cross-session generalization in EEG-based emotion recognition: Systema,include-candidate,include,EEG cross-subject emotion (journal),,,,,
SCR-0241,WoS/Scopus,10.1016/j.neucom.2024.128445,,2024,NEUROCOMPUTING,GNN-based multi-source domain prototype representation for cross-subject EEG emotion recognitio,include-candidate,include,EEG cross-subject emotion (journal),GNN multi-source prototype DA; target similarity; SEED/SEED-IV,subject-independent; UDA,no,,
SCR-0242,WoS/Scopus,10.1016/j.neucom.2024.129315,,2025,NEUROCOMPUTING,SEDA-EEG: A semi-supervised emotion recognition network with domain adaptation for cross-subjec,include-candidate,include,EEG cross-subject emotion (journal),semi-supervised DA; unlabeled target + offline pseudo-labels; subject-independent,subject-independent; semi-supervised DA,no,,
SCR-0243,WoS/Scopus,10.1016/j.neucom.2025.130254,,2025,NEUROCOMPUTING,Dual filtration subdomain adaptation network for cross-subject EEG emotion recognition,include-candidate,include,EEG cross-subject emotion (journal),dual filtration subdomain UDA; GRL+MMD; source selection; cross-subject/session,cross-subject/cross-session; UDA,no,,
SCR-0244,WoS/Scopus,10.1016/j.neucom.2025.131390,,2025,NEUROCOMPUTING,Parameter-efficient hierarchical spatio-temporal graph network with specialized label smoothing,include-candidate,include,EEG cross-subject emotion (journal),SD (F1 96.82%; DREAMER 5-class) + SI (F1 78.34%),subject-dependent + subject-independent,no,,
SCR-0245,WoS/Scopus,10.1016/j.neucom.2025.131715,,2025,NEUROCOMPUTING,UDA-DDA: Unsupervised domain adaptation with dynamic distribution alignment network for emotion,include-candidate,include,EEG cross-subject emotion (journal),,,,,
SCR-0246,WoS/Scopus,10.1016/j.neucom.2025.131749,,2025,NEUROCOMPUTING,Dynamic sparse directed graph convolutional network with attention mechanisms for EEG emotion r,include-candidate,include,EEG cross-subject emotion (journal),dynamic sparse directed GCN; LOSO-CV; DE features; SEED/SEED-IV,subject-independent; LOSO,no,,
SCR-0247,WoS/Scopus,10.1016/j.neucom.2025.131767,,2025,NEUROCOMPUTING,A multi-branch electroencephalogram emotion recognition framework based on cross-subject or cro,include-candidate,include,EEG cross-subject emotion (journal),,,,,
SCR-0248,WoS,10.1016/j.neucom.2025.132235,,2026,NEUROCOMPUTING,EEG-based fusion approaches in multimodal emotion recognition: An in-depth review,exclude,non-primary-study,in-depth review,,,,,
SCR-0249,WoS/Scopus,10.1016/j.neucom.2025.132368,,2026,NEUROCOMPUTING,FDDGNet: An information bottleneck-inspired feature disentanglement network for cross-subject E,include-candidate,include,EEG cross-subject emotion (journal),feature disentanglement DA; source+target training; cross-subject,cross-subject; DA,no,,
SCR-0250,WoS/Scopus,10.1016/j.neucom.2026.132881,,2026,NEUROCOMPUTING,PL-DCP: A pairwise learning framework with domain and class prototypes for EEG emotion recognit,include-candidate,include,EEG cross-subject emotion (journal),pairwise learning; domain+class prototypes; NO target data in training (DG),cross-subject; DG (no target access),no,,
SCR-0251,Scopus,10.1016/j.neucom.2026.134158,,2026,Neurocomputing,Cross-subject EEG-based emotion recognition leveraging multi-source domain adaptation with curr,include-candidate,include,EEG cross-subject emotion (journal),multi-source DA + curriculum (bandit target selection); unlabeled target; cross-subject,cross-subject; UDA,no,,
SCR-0252,WoS/Scopus,10.1016/j.neucom.2026.134162,,2026,NEUROCOMPUTING,Robust emotion recognition via bi-level self-supervised continual learning,include-candidate,include,EEG cross-subject emotion (journal),self-supervised online continual; unlabeled streams; pseudo-labels,continual/self-supervised; split unclear,unclear,target-access-unclear,online continual self-supervised on unlabeled streams; train/test subject split not specified in extracted text
SCR-0253,Scopus,10.1016/j.neunet.2023.03.039,,2023,Neural Networks,A novel semi-supervised meta learning method for subject-transfer brain–computer interface,unclear-needs-fulltext,unclear-needs-fulltext,subject-transfer BCI; construct unclear,,,,,
SCR-0254,Scopus,10.1016/j.neunet.2024.106617,,2024,Neural Networks,Contrastive fine-grained domain adaptation network for EEG-based vigilance estimation,exclude,off-topic,off-topic: vigilance estimation,,,,,
SCR-0255,WoS/Scopus,10.1016/j.neunet.2024.106624,,2024,NEURAL NETWORKS,Emotion recognition using hierarchical spatial-temporal learning transformer from regional to g,include-candidate,include,EEG cross-subject emotion (journal),hierarchical transformer (R2G-STLT); LOSO; DEAP/SEED/SEED-IV,subject-independent; LOSO,no,,SEED accuracy high-end (~95) but LOSO stated
SCR-0256,WoS/Scopus,10.1016/j.neunet.2024.106643,,2024,NEURAL NETWORKS,SFT-SGAT: A semi-supervised fine-tuning self-supervised graph attention network for emotion rec,include-candidate,include,EEG cross-subject emotion (journal),semi-supervised fine-tuning self-supervised GAT; LOSO; cross-subject,cross-subject LOSO; semi-supervised,no,,
SCR-0257,WoS/Scopus,10.1016/j.neunet.2024.106742,,2024,NEURAL NETWORKS,Multi-source Selective Graph Domain Adaptation Network for cross-subject EEG emotion recognitio,include-candidate,include,EEG cross-subject emotion (journal),multi-source selective graph UDA; unlabeled target; cross-subject,cross-subject; UDA,no,,
SCR-0258,WoS,10.1016/j.neunet.2025.107363,,2025,NEURAL NETWORKS,Length Uncertainty-Aware Graph Contrastive Fusion Network for multimodal physiological signal e,include-candidate,include,EEG cross-subject emotion (journal),,,,,
SCR-0259,WoS/Scopus,10.1016/j.neunet.2025.107614,,2025,NEURAL NETWORKS,SASD-MCL: Semi-supervised alignment self-distillation with mixed contrastive learning for cross,include-candidate,include,EEG cross-subject emotion (journal),semi-supervised alignment self-distillation; LOSO; labeled+unlabeled; SEED/SEED-IV,cross-subject LOSO; semi-supervised,no,,
SCR-0260,WoS/Scopus,10.1016/j.neunet.2025.108324,,2026,NEURAL NETWORKS,Cross-subject emotion recognition with loop adaptive adversarial transfer network,include-candidate,include,EEG cross-subject emotion (journal),,,,,
SCR-0261,WoS/Scopus,10.1016/j.neunet.2026.108676,,2026,NEURAL NETWORKS,A knowledge-driven self-supervised learning method for enhancing EEG-based emotion recognition,include-candidate,include,EEG cross-subject emotion (journal),knowledge-driven self-supervised; subject-independent; uses unlabeled target; SEED/DREAMER,subject-independent; self-supervised/DA,no,,
SCR-0262,WoS/Scopus,10.1016/j.neunet.2026.109016,,2026,NEURAL NETWORKS,PDGCN: A progressive dual-branch graph convolution network for EEG emotion recognition,include-candidate,include,EEG cross-subject emotion (journal),progressive dual-branch GCN; LOSO (subject-level; multi-session concatenated; no per-session avg),subject-independent; LOSO,no,,
SCR-0263,WoS,10.1016/j.neunet.2026.109022,,2026,NEURAL NETWORKS,Spike-hammer: An efficient spike-driven hybrid architecture for multi-modal emotion recognition,include-candidate,include,EEG cross-subject emotion (journal),spike-driven hybrid; LOSO; DEAP/MAHNOB; multimodal,cross-subject LOSO,no,,
SCR-0264,Scopus,10.1016/j.neuri.2025.100219,,2025,Neuroscience Informatics,Deep learning model for patient emotion recognition using EEG-tNIRS data,include-candidate,include,EEG cross-subject emotion (journal),SD = within-subject 5-fold (98.77%; 1s windows; inflated) + cross-subject (lower); EEG-tNIRS,subject-dependent + cross-subject,no,,SD window-level 5-fold inflates SD; labelled SD
SCR-0265,WoS/Scopus,10.1016/j.neuropsychologia.2020.107506,,2020,NEUROPSYCHOLOGIA,Emotion recognition with convolutional neural network and EEG-based EFDMs,include-candidate,include,EEG cross-subject emotion (journal),,,,,
SCR-0266,WoS/Scopus,10.1016/j.neuroscience.2025.01.049,,2025,NEUROSCIENCE,A temporal-spatial feature fusion network for emotion recognition with individual differences r,include-candidate,include,EEG cross-subject emotion (journal),,,,,
SCR-0267,WoS/Scopus,10.1016/j.patcog.2020.107626,,2021,PATTERN RECOGNITION,A prototype-based SPD matrix network for domain adaptation EEG emotion recognition,include-candidate,include,EEG cross-subject emotion (journal),prototype SPD matrix DA; unlabeled target; cross-subject,cross-subject; DA,no,,
SCR-0268,WoS/Scopus,10.1016/j.patcog.2022.108833,,2022,PATTERN RECOGNITION,Visual-to-EEG cross-modal knowledge distillation for continuous emotion recognition,include-candidate,include,EEG cross-subject emotion (journal),two schemes: trial-level random shuffle (TRS 10-fold; subject-mixed) + LOSO (24-fold); distinguished with p-values,LOSO + trial-level random shuffle,no,,transparent about TRS (subject-mixed) vs LOSO; report both
SCR-0269,WoS/Scopus,10.1016/j.patcog.2025.112143,,2026,PATTERN RECOGNITION,Hierarchical feature distillation model via dual-stage projections and graph embedding label pr,include-candidate,include,EEG cross-subject emotion (journal),,,,,
SCR-0270,WoS/Scopus,10.1016/j.patcog.2025.112775,,2026,PATTERN RECOGNITION,EmoEEG: A transferable generalist framework for EEG emotion recognition via information bottlen,include-candidate,include,EEG cross-subject emotion (journal),,,,,
SCR-0271,WoS/Scopus,10.1016/j.patcog.2026.113626,,2026,PATTERN RECOGNITION,Multi-scale cross-domain and class-wise kernel discriminative alignment for EEG-based emotion r,include-candidate,include,EEG cross-subject emotion (journal),,,,,
SCR-0272,WoS/Scopus,10.1016/j.physa.2022.127700,,2022,PHYSICA A-STATISTICAL MECHANICS AND IT,A Transformer based neural network for emotion recognition and visualizations of crucial EEG ch,include-candidate,include,EEG cross-subject emotion (journal),,,,,
SCR-0273,WoS,10.1016/j.physbeh.2022.113847,,2022,PHYSIOLOGY \& BEHAVIOR,An intelligent neuromarketing system for predicting consumers' future choice from electroenceph,exclude,off-topic,off-topic: neuromarketing/consumer choice,,,,,
SCR-0274,Scopus,10.1016/j.sleepe.2026.100137,,2026,Sleep Epidemiology,Hybrid vision transformer–BiLSTM for EEG-based sleep apnea severity classification,exclude,off-topic,off-topic: sleep apnea severity,,,,,
SCR-0275,Scopus,10.1016/j.smhl.2021.100261,,2022,Smart Health,"EEG classification with spiking neural network: Smaller, better, more energy efficient",unclear-needs-fulltext,unclear-needs-fulltext,generic EEG classification; construct unclear,,,,,
SCR-0276,WoS/Scopus,10.1016/j.smhl.2026.100650,,2026,SMART HEALTH,Efficient composite stacked graph convolution architecture with improved black-hole optimizatio,include-candidate,include,EEG cross-subject emotion (journal),,,,,
SCR-0277,WoS/PubMed,10.1038/s41597-023-02650-w,,2023,SCIENTIFIC DATA,A Large Finer-grained Affective Computing EEG Dataset,include-candidate,include,EEG cross-subject emotion (journal),,,,,
SCR-0278,PubMed,10.1038/s41597-025-05957-y,41120372,2025,,CIRE: A Chinese EEG Dataset for decoding speech intention modulated by prosodic  emotion.,exclude,off-topic,off-topic: speech-intention dataset,,,,,
SCR-0279,WoS/Scopus,10.1038/s41598-021-00812-7,,2021,SCIENTIFIC REPORTS,EEG-based detection of emotional valence towards a reproducible measurement of emotions,include-candidate,include,EEG cross-subject emotion (journal),,,,,
SCR-0280,WoS/Scopus/PubMed,10.1038/s41598-022-14217-7,,2022,SCIENTIFIC REPORTS,Accurate emotion recognition using Bayesian model based EEG sources as dynamic graph convolutio,include-candidate,include,EEG cross-subject emotion (journal),SD = within-subject trial split; SI = 40% subjects train / 40% test (subject-disjoint),subject-dependent + subject-independent,no,,
SCR-0281,WoS/PubMed,10.1038/s41598-024-70508-1,,2024,SCIENTIFIC REPORTS,Evaluation of perceived urgency from single-trial EEG data elicited by upper-body vibration fee,exclude,off-topic,off-topic: perceived urgency,,,,,
SCR-0282,WoS/Scopus/PubMed,10.1038/s41598-025-13289-5,,2025,SCIENTIFIC REPORTS,Cross-subject EEG signals-based emotion recognition using contrastive learning,include-candidate,include,EEG cross-subject emotion (journal),completeness-induced broad learning; source-target alignment; cross-subject,cross-subject; transfer/DA,no,,
SCR-0283,WoS/Scopus/PubMed,10.1038/s41598-025-98404-2,,2025,SCIENTIFIC REPORTS,EmoTrans attention based emotion recognition using EEG signals and facial analysis with expert ,include-candidate,include,EEG cross-subject emotion (journal),,,,,
SCR-0284,WoS/Scopus/PubMed,10.1038/s41598-025-98623-7,,2025,SCIENTIFIC REPORTS,SS-EMERGE - self-supervised enhancement for multidimension emotion recognition using GNNs for E,include-candidate,include,EEG cross-subject emotion (journal),LOSO (92.35/81.51 SEED/SEED-IV); explicitly contrasts subject-pooled 80-20 random-split leakage,subject-independent; LOSO,no,,leakage-aware exhibit
SCR-0285,WoS/Scopus,10.1038/s41598-026-39315-8,,2026,SCIENTIFIC REPORTS,Video-dominant emotion recognition for portable EEG-based devices,include-candidate,include,EEG cross-subject emotion (journal),,,,,
SCR-0286,WoS/Scopus,10.1038/s41598-026-47622-3,,2026,SCIENTIFIC REPORTS,On the prediction models for brain signal-based emotion recognition,include-candidate,include,EEG cross-subject emotion (journal),,,,,
SCR-0287,WoS/Scopus,10.1049/ccs2.12111,,2024,COGNITIVE COMPUTATION AND SYSTEMS,EF-CorrCA: A multi-modal EEG-fNIRS subject independent model to assess speech quality on brain ,exclude,off-topic,off-topic: speech-quality assessment,,,,,
SCR-0288,WoS/Scopus,10.1049/cit2.12174,,2023,CAAI TRANSACTIONS ON INTELLIGENCE TECH,Self-training maximum classifier discrepancy for EEG emotion recognition,include-candidate,include,EEG cross-subject emotion (journal),,,,,
SCR-0289,WoS/Scopus,10.1049/cit2.70056,,2025,CAAI TRANSACTIONS ON INTELLIGENCE TECH,TF-MEET: A Transferable Fusion Multi-Band Transformer for Cross-Session EEG Decoding,unclear-needs-fulltext,unclear-needs-fulltext,cross-session EEG decoding; construct unclear,,,,,
SCR-0290,WoS,10.1049/sfw2.12080,,2023,IET SOFTWARE,Self-attention Bi-RNN for developer emotion recognition based on EEG,include-candidate,include,EEG cross-subject emotion (journal),,,,,
SCR-0291,PubMed/PubMed,10.1063/5,40035637,2025,,"Data collection, enhancement, and classification of functional near-infrared  spectroscopy moto",exclude,not-eeg,fNIRS motor study,,,,,
SCR-0292,WoS/Scopus/PubMed,10.1063/5.0098454,,2022,CHAOS,Cross-subject emotion recognition using visibility graph and genetic algorithm-based convolutio,include-candidate,include,EEG cross-subject emotion (journal),,,,,
SCR-0293,WoS/Scopus/PubMed,10.1063/5.0231511,,2025,REVIEW OF SCIENTIFIC INSTRUMENTS,Dynamic domain adaptive EEG emotion recognition based on multi-source selection,include-candidate,include,EEG cross-subject emotion (journal),,,,,
SCR-0294,WoS/Scopus,10.1063/5.0258358,,2025,REVIEW OF SCIENTIFIC INSTRUMENTS,EEG-ConvoBLSTM: A novel hybrid model for efficient EEG signal classification,unclear-needs-fulltext,unclear-needs-fulltext,generic EEG classification,,,,,
SCR-0295,WoS/Scopus,10.1080/0952813x.2023.2301367,,2025,JOURNAL OF EXPERIMENTAL \& THEORETICAL,A hybrid sequential forward channel selection method for enhancing EEG-Based emotion recognitio,include-candidate,include,EEG cross-subject emotion (journal),,,,,
SCR-0296,Scopus,10.1080/10255842.2022.2032682,,2022,Computer Methods in Biomechanics and B,Hybrid deep convolutional model-based emotion recognition using multiple physiological signals,include-candidate,include,EEG cross-subject emotion (journal),,,,,
SCR-0297,WoS/Scopus/PubMed,10.1080/10255842.2023.2286918,,2025,COMPUTER METHODS IN BIOMECHANICS AND B,A fine-tuning deep residual convolutional neural network for emotion recognition based on frequ,include-candidate,include,EEG cross-subject emotion (journal),,,,,
SCR-0298,WoS/Scopus/PubMed,10.1080/10255842.2024.2417212,,2026,COMPUTER METHODS IN BIOMECHANICS AND B,Multi-source domain transfer network based on subdomain adaptation and minimum class confusion ,include-candidate,include,EEG cross-subject emotion (journal),,,,,
SCR-0299,WoS/Scopus,10.1080/10255842.2025.2605574,,2025,COMPUTER METHODS IN BIOMECHANICS AND B,DAVG-ViT: a domain-adaptive Vision Transformer with GA-BiLSTM for EEG emotion recognition,include-candidate,include,EEG cross-subject emotion (journal),,,,,
SCR-0300,WoS/Scopus,10.1080/10447318.2023.2278926,,2024,INTERNATIONAL JOURNAL OF HUMAN-COMPUTE,EEG-Based Evaluation of Aesthetic Experience Using BiLSTM Network,unclear-needs-fulltext,unclear-needs-fulltext,aesthetic experience; borderline affective,,,,,
SCR-0301,WoS/Scopus/PubMed,10.1080/15368378.2025.2541792,,2025,ELECTROMAGNETIC BIOLOGY AND MEDICINE,Optimized node-level capsule graph neural network for subject-independent emotion recognition f,include-candidate,include,EEG cross-subject emotion (journal),,,,,
SCR-0302,WoS/Scopus,10.1088/1361-6579/ad2eb6,,2024,PHYSIOLOGICAL MEASUREMENT,Cerebral asymmetry representation learning-based deep subdomain adaptation network for electroe,include-candidate,include,EEG cross-subject emotion (journal),,,,,
SCR-0303,Scopus/PubMed,10.1088/1361-6579/ad5bbc,,2024,Physiological Measurement,Joint low-rank tensor fusion and cross-modal attention for multimodal physiological signals bas,include-candidate,include,EEG cross-subject emotion (journal),,,,,
SCR-0304,WoS/Scopus,10.1088/1402-4896/ad5237,,2024,PHYSICA SCRIPTA,A novel semi-supervised deep learning method for enhancing discriminability and diversity in EE,include-candidate,include,EEG cross-subject emotion (journal),,,,,
SCR-0305,WoS/Scopus/PubMed,10.1088/1741-2552/ac5c8d,,2022,JOURNAL OF NEURAL ENGINEERING,Identifying similarities and differences in emotion recognition with EEG and eye movements amon,include-candidate,include,EEG cross-subject emotion (journal),,,,,
SCR-0306,WoS,10.1088/1741-2552/ac6d7d,,2022,JOURNAL OF NEURAL ENGINEERING,Spatial-temporal network for fine-grained-level emotion EEG recognition,include-candidate,include,EEG cross-subject emotion (journal),,,,,
SCR-0307,Scopus/PubMed,10.1088/1741-2552/ac7b4a,,2022,Journal of Neural Engineering,A novel channel selection scheme for olfactory EEG signal classification on Riemannian manifold,exclude,off-topic,off-topic: olfactory EEG classification,,,,,
SCR-0308,WoS/Scopus/PubMed,10.1088/1741-2552/acae06,,2023,JOURNAL OF NEURAL ENGINEERING,DAGAM: a domain adversarial graph attention model for subject-independent EEG-based emotion rec,include-candidate,include,EEG cross-subject emotion (journal),domain adversarial (DANN)+graph attention; subject-independent; source-target,subject-independent; UDA,no,,DOI-matched PDF shows a sibling DANN paper; both subject-independent adversarial (no leakage flag)
SCR-0309,WoS/Scopus/PubMed,10.1088/1741-2552/acb79e,,2023,JOURNAL OF NEURAL ENGINEERING,Emotion recognition using spatial-temporal EEG features through convolutional graph attention n,include-candidate,include,EEG cross-subject emotion (journal),SD 99.11% + SI 94.83% (SEED) / 91-92% (DEAP); SI near-ceiling,subject-independent (claimed); short window,yes,claim-method-mismatch-suspected,subject-independent DEAP 91-92% and SEED 94.83% are near-ceiling/implausible for genuine LOSO; verify subject/segment separation
SCR-0310,WoS/Scopus/PubMed,10.1088/1741-2552/acbfe0,,2023,JOURNAL OF NEURAL ENGINEERING,Confused or not: decoding brain activity and recognizing confusion in reasoning learning using ,exclude,off-topic,off-topic: confusion detection,,,,,
SCR-0311,WoS/Scopus,10.1088/1741-2552/ace07d,,2023,JOURNAL OF NEURAL ENGINEERING,LSTM-enhanced multi-view dynamical emotion graph representation for EEG signal recognition,include-candidate,include,EEG cross-subject emotion (journal),,,,,
SCR-0312,WoS,10.1088/1741-2552/acfbf9,,2023,JOURNAL OF NEURAL ENGINEERING,An ensemble deep-learning approach for single-trial EEG classification of vibration intensity,exclude,off-topic,off-topic: vibration-intensity classification,,,,,
SCR-0313,WoS/PubMed,10.1088/1741-2552/ad3c28,,2024,JOURNAL OF NEURAL ENGINEERING,MSLTE: multiple self-supervised learning tasks for enhancing EEG emotion recognition,include-candidate,include,EEG cross-subject emotion (journal),,,,,
SCR-0314,WoS/Scopus/PubMed,10.1088/1741-2552/ad4743,,2024,JOURNAL OF NEURAL ENGINEERING,FetchEEG: a hybrid approach combining feature extraction and temporal-channel joint attention f,include-candidate,include,EEG cross-subject emotion (journal),,,,,
SCR-0315,Scopus,10.1088/1741-2552/adb90c,,2025,Journal of Neural Engineering,Explainable multiscale temporal convolutional neural network model for sleep stage detection ba,exclude,off-topic,off-topic: sleep-stage detection,,,,,
SCR-0316,WoS/Scopus/PubMed,10.1088/1741-2552/ae204c,,2025,JOURNAL OF NEURAL ENGINEERING,P2CSL: cross-subject EEG classification by subspace class prototype-based progressive confident,unclear-needs-fulltext,unclear-needs-fulltext,generic cross-subject EEG classification,,,,,
SCR-0317,PubMed,10.1088/1741-2552/ae70a9,42161290,2026,,HRGNN: hierarchical region-aware graph neural network for interpretable  EEG-Based emotion reco,include-candidate,include,EEG cross-subject emotion (journal),,,,,
SCR-0318,WoS/Scopus/PubMed,10.1088/2057-1976/acf137,,2023,BIOMEDICAL PHYSICS \& ENGINEERING EXPR,Decoding auditory-evoked response in affective states using wearable around-ear EEG system,include-candidate,include,EEG cross-subject emotion (journal),,,,,
SCR-0319,WoS/Scopus/PubMed,10.1088/2057-1976/ae0e28,,2025,BIOMEDICAL PHYSICS \& ENGINEERING EXPR,MEFD dataset and GCSFormer model: cross-subject emotion recognition based on multimodal physiol,include-candidate,include,EEG cross-subject emotion (journal),,,,,
SCR-0320,WoS/Scopus/PubMed,10.1088/2057-1976/ae1dfd,,2026,BIOMEDICAL PHYSICS \& ENGINEERING EXPR,BrainEmoNet: emotion recognition network based on brain function asymmetry,include-candidate,include,EEG cross-subject emotion (journal),,,,,
SCR-0321,WoS/Scopus/PubMed,10.1088/2057-1976/ae395e,,2026,BIOMEDICAL PHYSICS \& ENGINEERING EXPR,Dual pseudo-labeling based adversarial domain adaptation for EEG-based emotion recognition,include-candidate,include,EEG cross-subject emotion (journal),,,,,
SCR-0322,WoS,10.1088/2057-1976/ae462d,,2026,BIOMEDICAL PHYSICS \& ENGINEERING EXPR,A hybrid graph attention network with multi-dimensional features for enhanced EEG-based emotion,include-candidate,include,EEG cross-subject emotion (journal),,,,,
SCR-0323,WoS/Scopus/PubMed,10.1088/2057-1976/ae711a,,2026,BIOMEDICAL PHYSICS \& ENGINEERING EXPR,Subject-independent emotion recognition with EEG bispectral quadratic phase coupling features a,include-candidate,include,EEG cross-subject emotion (journal),,,,,
SCR-0324,WoS/Scopus/PubMed,10.1093/cercor/bhae477,,2024,CEREBRAL CORTEX,Crucial rhythms and subnetworks for emotion processing extracted by an interpretable deep learn,include-candidate,include,EEG cross-subject emotion (journal),interpretable DL; LOSO-CV; SEED (baselines cited use 10-fold subject-mixed),subject-independent; LOSO,no,,
SCR-0325,WoS/Scopus,10.1093/comjnl/bxaf119,,2026,COMPUTER JOURNAL,ECaps-GTR: optimizing spatiotemporal EEG emotion recognition via the augmented capsule-gated tr,include-candidate,include,EEG cross-subject emotion (journal),,,,,
SCR-0326,WoS,10.1093/jcde/qwag005,,2026,JOURNAL OF COMPUTATIONAL DESIGN AND EN,Joint learning across multi-source datasets for multi-modal emotion recognition under missing m,include-candidate,include,EEG cross-subject emotion (journal),joint multi-source cross-dataset; unlabeled target subject (LOSO-style); EEG+eye; SEED/SEED-IV/SEED-V,cross-subject/cross-dataset; UDA,no,,
SCR-0327,Scopus,10.1093/sleep/zsaf134,,2025,Sleep,CAISR: achieving human-level performance in automated sleep analysis across all clinical sleep ,exclude,off-topic,off-topic: automated sleep analysis,,,,,
SCR-0328,WoS/Scopus,10.1098/rsos.201976,,2021,ROYAL SOCIETY OPEN SCIENCE,Personality first in emotion: a deep neural network based on electroencephalogram channel atten,include-candidate,include,EEG cross-subject emotion (journal),,,,,
SCR-0329,WoS/Scopus,10.1108/aci-03-2022-0080,,2026,APPLIED COMPUTING AND INFORMATICS,Subject independent emotion recognition using EEG and physiological signals - a comparative stu,include-candidate,include,EEG cross-subject emotion (journal),,,,,
SCR-0330,IEEE,10.1109/access.2018.2876710,,2018,IEEE Access,Favorite Video Classification Based on Multimodal Bidirectional LSTM,exclude,off-topic,off-topic: favorite-video/preference,,,,,
SCR-0331,IEEE/WoS/Scopus,10.1109/access.2019.2936817,,2019,IEEE Access,A Hierarchical Bidirectional GRU Model With Attention for EEG-Based Emotion Classification,include-candidate,include,EEG cross-subject emotion (journal),10-fold cross-subject CV (subject-disjoint; 24 train); DEAP; BiGRU,subject-independent; 10-fold cross-subject,no,,
SCR-0332,IEEE/WoS/Scopus,10.1109/access.2019.2945059,,2019,IEEE Access,Emotion Recognition and Dynamic Functional Connectivity Analysis Based on EEG,include-candidate,include,EEG cross-subject emotion (journal),SVM + connectivity features; 5-fold CV; feature selection pre-CV; SEED (15 subj),subject-independent (features),unclear,subject-mixed-kfold,'subject-independent' refers to connectivity features; eval uses 5-fold CV (subject separation unclear) with pre-CV feature selection
SCR-0333,IEEE/WoS/Scopus,10.1109/access.2020.3023871,,2020,IEEE Access,Cross-Subject Multimodal Emotion Recognition Based on Hybrid Fusion,include-candidate,include,EEG cross-subject emotion (journal),hybrid multimodal fusion; LOSO-CV; cross-subject,cross-subject; LOSO,no,,
SCR-0334,IEEE/WoS/Scopus,10.1109/access.2020.3027429,,2020,IEEE Access,Electroencephalogram-Based Preference Prediction Using Deep Transfer Learning,exclude,off-topic,off-topic: preference prediction,,,,,
SCR-0335,IEEE,10.1109/access.2020.3045225,,2020,IEEE Access,Meta Learn on Constrained Transfer Learning for Low Resource Cross Subject EEG Classification,unclear-needs-fulltext,unclear-needs-fulltext,generic cross-subject EEG classification,,,,,
SCR-0336,IEEE/WoS/Scopus,10.1109/access.2022.3147461,,2022,IEEE Access,Subject-Dependent Emotion Recognition System Based on Multidimensional Electroencephalographic ,exclude,subject-dependent-only,title: Subject-Dependent Emotion Recognition System,subject-dependent system + cross-session TL (within-subject),subject-dependent; cross-session,no,,protocol matches SD claim (correctly excluded at screening)
SCR-0337,IEEE/WoS/Scopus,10.1109/access.2022.3193768,,2022,IEEE Access,Deep Neural Network for Emotion Recognition Based on Meta-Transfer Learning,include-candidate,include,EEG cross-subject emotion (journal),meta-transfer; cross-subject LOSO; test-time pseudo-labels (transductive),cross-subject LOSO; meta-transfer,no,,test samples used at test phase (transductive; disclosed)
SCR-0338,IEEE/Scopus,10.1109/access.2022.3231884,,2022,IEEE Access,Diagnosis of Depression Based on Four-Stream Model of Bi-LSTM and CNN From Audio and Text Infor,exclude,not-eeg,"audio+text depression, no EEG",,,,,
SCR-0339,IEEE/WoS/Scopus,10.1109/access.2023.3270977,,2023,IEEE Access,Domain-Adaptive Emotion Recognition Based on Horizontal Vertical Flow Representation of EEG Sig,include-candidate,include,EEG cross-subject emotion (journal),domain-adaptive; SD (93.99%) + cross-subject (84.22%); SEED,subject-dependent + cross-subject; DA,no,,
SCR-0340,IEEE/WoS/Scopus,10.1109/access.2023.3322294,,2023,IEEE Access,Cross-Subject Channel Selection Using Modified Relief and Simplified CNN-Based Deep Learning fo,include-candidate,include,EEG cross-subject emotion (journal),modified Relief channel selection + CNN; cross-subject validation; DEAP,cross-subject,no,,verify channel selection not computed on test data
SCR-0341,IEEE,10.1109/access.2023.3326720,,2023,IEEE Access,A Novel Small-Data Based Approach for Decoding Yes/No-Decisions of Locked-In Patients Using Gen,exclude,off-topic,off-topic: locked-in yes/no decoding,,,,,
SCR-0342,IEEE/WoS/Scopus,10.1109/access.2024.3349552,,2024,IEEE Access,MASTF-net: An EEG Emotion Recognition Network Based on Multi-Source Domain Adaptive Method Base,include-candidate,include,EEG cross-subject emotion (journal),multi-source UDA; labeled source + unlabeled target; MMD; cross-subject/session,cross-subject/cross-session; UDA,no,,
SCR-0343,IEEE/WoS/Scopus,10.1109/access.2024.3375393,,2024,IEEE Access,A Random Forest Weights and 4-Dimensional Convolutional Recurrent Neural Network for EEG Based ,include-candidate,include,EEG cross-subject emotion (journal),SD within-subject partition (94-95%); SI (DEAP 81.70%; SEED higher),subject-dependent + subject-independent,no,,
SCR-0344,IEEE/WoS/Scopus,10.1109/access.2024.3384303,,2024,IEEE Access,Developing an EEG-Based Emotion Recognition Using Ensemble Deep Learning Methods and Fusion of ,include-candidate,include,EEG cross-subject emotion (journal),ensemble DL; LOSO-CV; effective-connectivity images; DEAP/SEED,subject-independent; LOSO,no,,
SCR-0345,IEEE/WoS/Scopus,10.1109/access.2024.3417525,,2024,IEEE Access,Emotion Recognition in EEG Based on Multilevel Multidomain Feature Fusion,include-candidate,include,EEG cross-subject emotion (journal),10-fold CV; SD 99.5% (near-ceiling; window-level within-subject); SI split unclear; DEAP,subject-dependent + subject-independent,unclear,subject-mixed-kfold,SD 99.5% via 10-fold within-subject (window-level near-ceiling); subject separation for SI arm not clearly specified
SCR-0346,IEEE/WoS/Scopus,10.1109/access.2024.3452781,,2024,IEEE Access,Modality- and Subject-Aware Emotion Recognition Using Knowledge Distillation,include-candidate,include,EEG cross-subject emotion (journal),knowledge distillation combining subject-specific + subject-independent multimodal models; zero-calibration SI,subject-independent + subject-specific,no,,
SCR-0347,IEEE/WoS/Scopus,10.1109/access.2024.3454082,,2024,IEEE Access,Domain-Invariant Adaptive Graph Regularized Label Propagation for EEG-Based Emotion Recognition,include-candidate,include,EEG cross-subject emotion (journal),domain-invariant graph label propagation; pseudo-labels target; cross-subject/session,cross-subject/cross-session; DA,no,,
SCR-0348,IEEE/WoS/Scopus,10.1109/access.2024.3458833,,2024,IEEE Access,Cross-Subject EEG-Based Emotion Recognition Using Deep Metric Learning and Adversarial Training,include-candidate,include,EEG cross-subject emotion (journal),,,,,
SCR-0349,IEEE/WoS,10.1109/access.2024.3497160,,2025,IEEE Access,Emotion Recognition Method Using U-Net Neural Network With Multichannel EEG Features and Differ,include-candidate,include,EEG cross-subject emotion (journal),no protocol keywords found in extracted PDF text,,unclear,,protocol not extractable from PDF text; needs manual full-text check
SCR-0350,IEEE/WoS/Scopus,10.1109/access.2024.3506157,,2024,IEEE Access,Unveiling the Influence of Modeling Approach and Gender in Subject Independent Multimodal Emoti,include-candidate,include,EEG cross-subject emotion (journal),EOG+PPG only (non-EEG); subject-independent 70:30 subject-disjoint; DEAP,subject-independent,no,,NOTE modality is EOG+PPG (peripheral) not EEG; reconsider inclusion (fails I1)
SCR-0351,IEEE,10.1109/access.2024.3519297,,2024,IEEE Access,Which Augmentation Should I Use? An Empirical Investigation of Augmentations for Self-Supervise,unclear-needs-fulltext,unclear-needs-fulltext,augmentation study; construct unclear,,,,,
SCR-0352,IEEE/WoS/Scopus,10.1109/access.2025.3530567,,2025,IEEE Access,A Pre-Activation Residual Convolutional Network With Attention Modules for High-Resolution Segm,exclude,off-topic,off-topic: high-resolution segmentation,SEED/SEED-IV emotion (NOT image segmentation); SD + SI; 15-fold CV,subject-dependent + subject-independent,no,,NOTE title 'segmentation' = EEG time-segmentation; this IS an EEG emotion study - earlier off-topic screen was a false exclude
SCR-0353,IEEE/WoS/Scopus,10.1109/access.2025.3536549,,2025,IEEE Access,"Integrating Deep Metric Learning, Semi Supervised Learning, and Domain Adaptation for Cross-Dat",include-candidate,include,EEG cross-subject emotion (journal),deep metric + semi-supervised + DA; pseudo-labels; unlabeled target; cross-subject/dataset,cross-subject/cross-dataset; semi-supervised DA,no,,
SCR-0354,IEEE/WoS/Scopus,10.1109/access.2025.3540436,,2025,IEEE Access,Adversarial Domain Adaptation-Based EEG Emotion Transfer Recognition,include-candidate,include,EEG cross-subject emotion (journal),adversarial DA; DE features; source-target alignment; subject-independent,subject-independent; UDA,no,,
SCR-0355,IEEE/WoS/Scopus,10.1109/access.2025.3561137,,2025,IEEE Access,Attention-Driven Emotion Recognition in EEG: A Transformer-Based Approach With Cross-Dataset Fi,include-candidate,include,EEG cross-subject emotion (journal),transformer; cross-dataset fine-tuning (SEED-IV -> SEED-V/MPED target),cross-dataset; fine-tune,no,,uses target dataset for fine-tuning (disclosed)
SCR-0356,IEEE,10.1109/access.2025.3563760,,2025,IEEE Access,Deep Learning Model for Analyzing EEG Signal Analysis,unclear-needs-fulltext,unclear-needs-fulltext,vague title; construct unclear,,,,,
SCR-0357,IEEE/WoS/Scopus,10.1109/access.2025.3574515,,2025,IEEE Access,Multi-Source Reinforced Selective Domain Adaptation for Cross-Subject and Cross-Session EEG-Bas,include-candidate,include,EEG cross-subject emotion (journal),multi-source reinforced selective UDA; source selection; unlabeled target; cross-subject/session,cross-subject/cross-session; UDA,no,,
SCR-0358,IEEE/WoS/Scopus,10.1109/access.2025.3584642,,2025,IEEE Access,Mifu-ER: Modality Quality Index-Based Incremental Fusion for Emotion Recognition,include-candidate,include,EEG cross-subject emotion (journal),SD = 10-fold; SI = LOSO; 29 subjects; multimodal,subject-dependent + subject-independent (LOSO),no,,
SCR-0359,IEEE,10.1109/access.2025.3610918,,2025,IEEE Access,EEG-Based Emotion Recognition: A Review and Emerging Paths,exclude,non-primary-study,review and emerging paths,,,,,
SCR-0360,IEEE/WoS,10.1109/access.2025.3635238,,2025,IEEE Access,Hybrid Deep Learning–SDR Sensing Framework for Noninvasive Human Emotion Recognition in Harsh O,exclude,not-eeg,"SDR/RF sensing, not EEG",,,,,
SCR-0361,IEEE/WoS/Scopus,10.1109/access.2026.3660974,,2026,IEEE Access,EEG-Based Four Level Fear Classification Using Graph Neural Network and LSTM Fusion Model: Comp,include-candidate,include,EEG cross-subject emotion (journal),,,,,
SCR-0362,IEEE/WoS/Scopus,10.1109/access.2026.3680875,,2026,IEEE Access,Lightweight Asymmetric Multimodal Fusion for Cross-Subject Emotion Recognition,include-candidate,include,EEG cross-subject emotion (journal),strict LOSO cross-subject; MAHNOB-HCI; UAR; subject-wise stats,cross-subject; LOSO,no,,rigorous/leakage-aware
SCR-0363,IEEE/WoS,10.1109/access.2026.3681521,,2026,IEEE Access,Systematic Literature Review of Machine Learning Methods for Emotion Recognition Using EEG and ,exclude,non-primary-study,systematic literature review,,,,,
SCR-0364,IEEE/WoS/Scopus,10.1109/access.2026.3692665,,2026,IEEE Access,TS-CNN-LSTM: EEG-Based Emotion Recognition Across Mixed-Subject and Cross-Subject Protocols Usi,include-candidate,include,EEG cross-subject emotion (journal),explicitly compares mixed-subject 10-fold (pooled random; leakage) vs cross-subject LOSO; studies normalization,mixed-subject vs cross-subject (LOSO),no,,leakage-aware exhibit; names mixed-subject inflation
SCR-0365,IEEE/WoS/Scopus,10.1109/jas.2022.105515,,2022,IEEE/CAA Journal of Automatica Sinica,Multi-Modal Domain Adaptation Variational Autoencoder for EEG-Based Emotion Recognition,include-candidate,include,EEG cross-subject emotion (journal),multimodal DA-VAE; cross-session (new-day same subject); small calibration,cross-session; DA,no,,cross-session (within-subject) not cross-subject
SCR-0366,IEEE/WoS/Scopus/PubMed,10.1109/jbhi.2019.2934172,,2020,IEEE Journal of Biomedical and Health ,Constructing a Personalized Cross-Day EEG-Based Emotion-Classification Model Using Transfer Lea,include-candidate,include,EEG cross-subject emotion (journal),cross-day/cross-session TL; train/test sessions disjoint; SD/wdTL/cdTL; SEED,cross-session/cross-day; transfer,no,,session-disjoint (leakage-controlled)
SCR-0367,IEEE/WoS/Scopus/PubMed,10.1109/jbhi.2020.3032678,,2021,IEEE Journal of Biomedical and Health ,AsEmo: Automatic Approach for EEG-Based Multiple Emotional State Identification,include-candidate,include,EEG cross-subject emotion (journal),subject-independent; multi-class CSP; feature extraction on training set,subject-independent,no,,
SCR-0368,IEEE/WoS/Scopus/PubMed,10.1109/jbhi.2021.3049119,,2021,IEEE Journal of Biomedical and Health ,FLDNet: Frame-Level Distilling Neural Network for EEG Emotion Recognition,include-candidate,include,EEG cross-subject emotion (journal),subject-independent; 5-fold CV on 32 participants (DEAP); DREAMER,subject-independent; 5-fold,no,,verify 5-fold is subject-grouped (not sample-level)
SCR-0369,IEEE/WoS/Scopus/PubMed,10.1109/jbhi.2022.3210158,,2022,IEEE Journal of Biomedical and Health ,Dynamic Domain Adaptation for Class-Aware Cross-Subject and Cross-Session EEG Emotion Recogniti,include-candidate,include,EEG cross-subject emotion (journal),,,,,
SCR-0370,IEEE/WoS/Scopus/PubMed,10.1109/jbhi.2022.3212475,,2023,IEEE Journal of Biomedical and Health ,A Novel Domain Adversarial Networks Based on 3D-LSTM and Local Domain Discriminator for Hearing,exclude,off-topic,off-topic: hearing-related,EDANN (DANN); SD 98.4% / SI 67.9%; hearing-impaired emotion dataset (HIED; private),subject-dependent + subject-independent; DANN,no,,NOTE emotion recognition on hearing-impaired population (private HIED); earlier off-topic screen debatable (construct is emotion)
SCR-0371,IEEE,10.1109/jbhi.2022.3225089,,2023,IEEE Journal of Biomedical and Health ,Disentangled and Side-Aware Unsupervised Domain Adaptation for Cross-Dataset Subjective Tinnitu,exclude,off-topic,off-topic: tinnitus,,,,,
SCR-0372,IEEE/WoS/Scopus/PubMed,10.1109/jbhi.2023.3301993,,2023,IEEE Journal of Biomedical and Health ,SECT: A Method of Shifted EEG Channel Transformer for Emotion Recognition,include-candidate,include,EEG cross-subject emotion (journal),SECT transformer; SD (HIED 70/30) + SI (HIED/SEED); 6-class,subject-dependent + subject-independent,no,,HIED private but SEED public
SCR-0373,IEEE/WoS/Scopus,10.1109/jbhi.2023.3307606,,2024,IEEE Journal of Biomedical and Health ,DAST: A Domain-Adaptive Learning Combining Spatio-Temporal Dynamic Attention for Electroencepha,include-candidate,include,EEG cross-subject emotion (journal),domain-adaptive; 5-fold CV random 8:2 trial split (subject separation unclear),domain-adaptive; 5-fold random,unclear,subject-mixed-kfold,5-fold CV randomly splits trials 8:2; subject-level separation not evident despite domain-adaptive framing
SCR-0374,IEEE/WoS/Scopus/PubMed,10.1109/jbhi.2023.3311338,,2023,IEEE Journal of Biomedical and Health ,MS-FRAN: A Novel Multi-Source Domain Adaptation Method for EEG-Based Emotion Recognition,include-candidate,include,EEG cross-subject emotion (journal),multi-source DA (MS-FRAN); one subject as unlabeled target; LOSO-style,cross-subject; UDA,no,,
SCR-0375,IEEE/Scopus/PubMed,10.1109/jbhi.2023.3315974,,2023,IEEE Journal of Biomedical and Health ,MLDA: Multi-Loss Domain Adaptor for Cross-Session and Cross-Emotion EEG-Based Individual Identi,exclude,off-topic,off-topic: individual identification (biometric),,,,,
SCR-0376,IEEE,10.1109/jbhi.2023.3318419,,2024,IEEE Journal of Biomedical and Health ,Multi-Resolution Wavelet Fractal Analysis and Subtask Training for Enhancing Few-Shot Noisy Bra,unclear-needs-fulltext,unclear-needs-fulltext,few-shot noisy BCI; construct unclear,,,,,
SCR-0377,IEEE/WoS/Scopus/PubMed,10.1109/jbhi.2023.3335854,,2024,IEEE Journal of Biomedical and Health ,ST-SCGNN: A Spatio-Temporal Self-Constructing Graph Neural Network for Cross-Subject EEG-Based ,include-candidate,include,EEG cross-subject emotion (journal),,,,,
SCR-0378,IEEE/WoS/Scopus,10.1109/jbhi.2024.3360151,,2024,IEEE Journal of Biomedical and Health ,Generative Listener EEG for Speech Emotion Recognition Using Generative Adversarial Networks Wi,include-candidate,include,EEG cross-subject emotion (journal),,,,,
SCR-0379,IEEE/WoS/Scopus/PubMed,10.1109/jbhi.2024.3384816,,2024,IEEE Journal of Biomedical and Health ,Evolutionary Ensemble Learning for EEG-Based Cross-Subject Emotion Recognition,include-candidate,include,EEG cross-subject emotion (journal),evolutionary ensemble; unlabeled target (new subjects); LOSO-style; covariance alignment,cross-subject; transfer,no,,
SCR-0380,IEEE/WoS/Scopus/PubMed,10.1109/jbhi.2024.3415163,,2024,IEEE Journal of Biomedical and Health ,Multi-Domain Based Dynamic Graph Representation Learning for EEG Emotion Recognition,include-candidate,include,EEG cross-subject emotion (journal),dynamic graph; SD (80% trials) + SI (subject-split); SEED/DEAP,subject-dependent + subject-independent,no,,
SCR-0381,IEEE,10.1109/jbhi.2024.3487012,,2025,IEEE Journal of Biomedical and Health ,An On-Board Executable Multi-Feature Transfer-Enhanced Fusion Model for Three-Lead EEG Sensor-A,include-candidate,include,EEG cross-subject emotion (journal),,,,,
SCR-0382,IEEE/WoS/Scopus/PubMed,10.1109/jbhi.2025.3543729,,2025,IEEE Journal of Biomedical and Health ,REGEEG: A Regression-Based EEG Signal Processing in Emotion Recognition,include-candidate,include,EEG cross-subject emotion (journal),30-fold CV + 28 LOSO; GAMEEMO; regression-based; SD + SI,subject-dependent + LOSO,no,,
SCR-0383,IEEE/WoS/Scopus/PubMed,10.1109/jbhi.2025.3570187,,2025,IEEE Journal of Biomedical and Health ,Bipartite Graph Adversarial Network for Subject-Independent Emotion Recognition,include-candidate,include,EEG cross-subject emotion (journal),bipartite graph adversarial (DANN); subject-independent; source-target,subject-independent; UDA,no,,
SCR-0384,IEEE/WoS/Scopus/PubMed,10.1109/jbhi.2025.3576088,,2025,IEEE Journal of Biomedical and Health ,Frequency-Aware Spatial-Temporal Attention Explainable Network for EEG Decoding,unclear-needs-fulltext,unclear-needs-fulltext,EEG decoding; construct unclear,,,,,
SCR-0385,IEEE/WoS/Scopus/PubMed,10.1109/jbhi.2025.3580612,,2025,IEEE Journal of Biomedical and Health ,M3D: Manifold-Based Domain Adaptation With Dynamic Distribution for Non-Deep Transfer Learning ,include-candidate,include,EEG cross-subject emotion (journal),manifold DA (non-deep); cross-subject single/cross-session; source-target; also MDD dataset,cross-subject/cross-session; DA,no,,
SCR-0386,IEEE/WoS,10.1109/jbhi.2025.3597398,,2026,IEEE Journal of Biomedical and Health ,Multimodal Fusion of Behavioral and Physiological Signals for Enhanced Emotion Recognition via ,include-candidate,include,EEG cross-subject emotion (journal),SD = 10-fold within-subject (random 60/30/10); SI = LOSO; MAHNOB/DEAP; multimodal,subject-dependent + subject-independent (LOSO),no,,
SCR-0387,IEEE,10.1109/jbhi.2025.3617788,,2026,IEEE Journal of Biomedical and Health ,LRCOMF: A Learn-Review-Challenge Online Meta Learning Framework for EEG Emotion Recognition Wit,include-candidate,include,EEG cross-subject emotion (journal),,,,,
SCR-0388,IEEE,10.1109/jbhi.2026.3663725,,2026,IEEE Journal of Biomedical and Health ,Subject-Adaptive EEG Decoding via Filter-Bank Neural Architecture Search for BCI Applications,unclear-needs-fulltext,unclear-needs-fulltext,subject-adaptive EEG decoding BCI; construct unclear,,,,,
SCR-0389,IEEE/Scopus,10.1109/jbhi.2026.3667946,,2026,IEEE Journal of Biomedical and Health ,MMSTG-Net: Multi-scale Spatiotemporal Graph Network with Cross-modal Contrastive Alignment for ,include-candidate,include,EEG cross-subject emotion (journal),SD + cross-subject; random 80/20 split; SEED-VII/SEED-IV,subject-dependent + cross-subject; random 80/20,unclear,subject-mixed-kfold,cross-subject results reported with random 80/20 split; subject-level separation not clearly evidenced; SEED-IV cross-subject 84.85% high
SCR-0390,IEEE/Scopus,10.1109/jbhi.2026.3668381,,2026,IEEE Journal of Biomedical and Health ,CLDAE: A Two Stage EEG-based Emotion Recognition Framework Combining Contrastive Learning and D,include-candidate,include,EEG cross-subject emotion (journal),contrastive pretrain + fine-tune; unlabeled data; cross-subject,cross-subject; contrastive/DA,no,,
SCR-0391,IEEE/Scopus,10.1109/jbhi.2026.3672612,,2026,IEEE Journal of Biomedical and Health ,EEG-Based Emotion Recognition Using Multi-Axis Adapter Transformer,include-candidate,include,EEG cross-subject emotion (journal),multi-axis adapter transformer; adapter fine-tune with limited target; SD + SI,subject-dependent + subject-independent; fine-tune,no,,
SCR-0392,IEEE/Scopus,10.1109/jbhi.2026.3673733,,2026,IEEE Journal of Biomedical and Health ,Sub-band Embedding Based EEG Spatio-Temporal Activity Representation for Emotion Recognition,include-candidate,include,EEG cross-subject emotion (journal),sub-band spatio-temporal; SD + SI; SEED/SEED-IV,subject-dependent + subject-independent,no,,
SCR-0393,IEEE/Scopus,10.1109/jbhi.2026.3686008,,2026,IEEE Journal of Biomedical and Health ,BR-SFDA: A Source-Target Bidirectional Refined SFDA for Privacy Preserving EEG-based BCIs,unclear-needs-fulltext,unclear-needs-fulltext,source-free EEG BCIs; construct unclear,,,,,
SCR-0394,IEEE,10.1109/jbhi.2026.3705860,,2026,IEEE Journal of Biomedical and Health ,DuA: Dual Attentive Transformer in Long-Term Continuous EEG Emotion Analysis,include-candidate,include,EEG cross-subject emotion (journal),trial-based LOSO cross-subject; DANN/GRL; strict,cross-subject; LOSO,no,,
SCR-0395,IEEE/WoS/Scopus,10.1109/jiot.2025.3650676,,2026,IEEE Internet of Things Journal,Subdomain Adaption Method for Cross-Domain Emotion Recognition and Clinical Consciousness Detec,include-candidate,include,EEG cross-subject emotion (journal),,,,,
SCR-0396,IEEE,10.1109/jproc.2012.2185009,,2012,Proceedings of the IEEE,Evolving Signal Processing for Brain–Computer Interfaces,exclude,non-primary-study,review/tutorial (Proc IEEE),,,,,
SCR-0397,IEEE,10.1109/jproc.2023.3277471,,2023,Proceedings of the IEEE,Affective Brain–Computer Interfaces (aBCIs): A Tutorial,exclude,non-primary-study,tutorial (aBCI),,,,,
SCR-0398,IEEE/WoS/Scopus,10.1109/jsac.2020.3020677,,2021,IEEE Journal on Selected Areas in Comm,Exploiting Transfer Learning for Emotion Recognition Under Cloud-Edge-Client Collaborations,include-candidate,include,EEG cross-subject emotion (journal),cloud-edge transfer; personalize generic model to target; DEAP,subject-independent + personalized; transfer,no,,
SCR-0399,IEEE/WoS/Scopus,10.1109/jsen.2018.2883497,,2019,IEEE Sensors Journal,Cross-Subject Emotion Recognition Using Flexible Analytic Wavelet Transform From EEG Signals,include-candidate,include,EEG cross-subject emotion (journal),FAWT features; ten-fold CV; cross-subject (claimed),cross-subject (claimed); 10-fold,unclear,subject-mixed-kfold,title claims cross-subject but only ten-fold CV described; subject-level separation not evidenced in extracted text
SCR-0400,IEEE/WoS/Scopus,10.1109/jsen.2022.3144317,,2022,IEEE Sensors Journal,Transformers for EEG-Based Emotion Recognition: A Hierarchical Spatial Information Learning Mod,include-candidate,include,EEG cross-subject emotion (journal),hierarchical spatial transformer; subject-independent LOSO; DEAP/MAHNOB (~66%),subject-independent; LOSO,no,,
SCR-0401,IEEE/WoS/Scopus,10.1109/jsen.2023.3335229,,2024,IEEE Sensors Journal,Emotion Recognition Using Wavelet Synchrosqueezing Transform Integrated With Ensemble Deep Lear,include-candidate,include,EEG cross-subject emotion (journal),WSST + ensemble CNN; SD (70/30 + 10-fold within-subject) + SI (LOSO),subject-dependent + subject-independent (LOSO),no,,
SCR-0402,IEEE,10.1109/jsen.2024.3358400,,2024,IEEE Sensors Journal,Emotion Recognition Based on Selected EEG Signals by Common Spatial Pattern,include-candidate,include,EEG cross-subject emotion (journal),CSP + fivefold CV; both subject-level (12/3 subj) and trial-level random (540/135 trials) 80/20 splits described (SEED),subject-independent (claimed); mixed splits,unclear,subject-mixed-kfold,describes trial-level random 80/20 split (subject-mixed) alongside subject-level split; which used is ambiguous
SCR-0403,IEEE/WoS/Scopus,10.1109/jsen.2024.3390799,,2024,IEEE Sensors Journal,Dynamic Stream Selection Network for Subject-Independent EEG-Based Emotion Recognition,include-candidate,include,EEG cross-subject emotion (journal),dynamic stream selection; LOSO; DEAP/DREAMER/SEED-IV; domain-adversarial,subject-independent; LOSO,no,,
SCR-0404,IEEE,10.1109/jsen.2024.3492176,,2025,IEEE Sensors Journal,Real-Time EEG-Based Driver Drowsiness Detection Based on Convolutional Neural Network With Gumb,exclude,off-topic,off-topic: driver drowsiness,,,,,
SCR-0405,IEEE/WoS/Scopus,10.1109/jsen.2025.3553489,,2025,IEEE Sensors Journal,Adversarial Adaptation Neural Networks With Class-Informed Discriminator for EEG Emotion Recogn,include-candidate,include,EEG cross-subject emotion (journal),class-informed adversarial DA; LMMD; cross-subject+cross-session; SEED/SEED-IV,cross-subject/cross-session; UDA,no,,
SCR-0406,IEEE/WoS/Scopus,10.1109/jsen.2025.3587271,,2025,IEEE Sensors Journal,Hierarchical Transformer With Auxiliary Learning for Subject-Independent Respiration Emotion Re,exclude,not-eeg,respiration-signal based,,,,,
SCR-0407,IEEE/WoS/Scopus,10.1109/jsen.2025.3616343,,2025,IEEE Sensors Journal,"Enhancing EEG-Based Emotion Recognition Using Sparse Dynamic Graph CNN With ℓ2,1-Norm",include-candidate,include,EEG cross-subject emotion (journal),sparse dynamic graph CNN; SD (9/6 trial split) + SI; SEED,subject-dependent + subject-independent,no,,
SCR-0408,IEEE/WoS/Scopus,10.1109/jsen.2025.3629291,,2025,IEEE Sensors Journal,Emotion Identification From Physiological Signals Using Iterative Filtering-Based Empirical Wav,include-candidate,include,EEG cross-subject emotion (journal),EWT features + KNN; fivefold CV; SI 93.6% (near-ceiling; subject-mixed suspected),subject-independent (claimed); fivefold CV,yes,subject-mixed-kfold,subject-independent 93.6% via fivefold CV (KNN) is near-ceiling; subject-level separation not evidenced (likely subject-mixed)
SCR-0409,IEEE/WoS/Scopus,10.1109/jsen.2025.3645085,,2026,IEEE Sensors Journal,Enhancing CNN-Based Motion Sickness Detection Using EEG Signals Weighted by Motion Sickness Dos,exclude,off-topic,off-topic: motion sickness,,,,,
SCR-0410,IEEE/WoS/Scopus,10.1109/jsen.2026.3683246,,2026,IEEE Sensors Journal,An Interpretable Multiscale Temporal Residual Framework for Gender-Specific EEG-Based Emotion R,include-candidate,include,EEG cross-subject emotion (journal),SD = fivefold within-subject (2s/1s windows); SI = LOSO (strict subject separation); z-score per fold; DEAP/SEED/DREAMER,subject-dependent + subject-independent (LOSO),no,,leakage-aware (strict subject separation; per-fold normalization)
SCR-0411,IEEE/WoS/Scopus,10.1109/lsens.2023.3307111,,2023,IEEE Sensors Letters,A Hierarchical Three-Dimensional MLP-Based Model for EEG Emotion Recognition,include-candidate,include,EEG cross-subject emotion (journal),hierarchical 3D MLP; subject-independent LOSO,subject-independent; LOSO,no,,
SCR-0412,IEEE/WoS/Scopus,10.1109/lsens.2024.3486708,,2024,IEEE Sensors Letters,Automated Human Emotion Recognition System Using TQWT-Based EEG Subbands,include-candidate,include,EEG cross-subject emotion (journal),TQWT subbands; 80:20 + tenfold CV; SI 86.67% / SD 88.87%,subject-independent (claimed); tenfold,unclear,subject-mixed-kfold,subject-independent 86.67% via 80:20 + tenfold CV; subject-level separation not evidenced
SCR-0413,IEEE,10.1109/lsp.2020.2989663,,2020,IEEE Signal Processing Letters,"Custom Domain Adaptation: A New Method for Cross-Subject, EEG-Based Cognitive Load Recognition",exclude,off-topic,off-topic: cognitive-load recognition,,,,,
SCR-0414,IEEE/WoS/Scopus,10.1109/lsp.2025.3584273,,2025,IEEE Signal Processing Letters,HIA-Net: Hierarchical Interactive Alignment Network for Multimodal Few-Shot Emotion Recognition,include-candidate,include,EEG cross-subject emotion (journal),multimodal few-shot; LOSO per session; K labeled target samples/class + unlabeled,cross-subject few-shot (LOSO); uses K target labels,no,,disclosed few-shot target labels
SCR-0415,IEEE/WoS/Scopus,10.1109/lsp.2025.3592105,,2025,IEEE Signal Processing Letters,Mutual Information Disentanglement Based Domain Adaptation Model for EEG Emotion Recognition,include-candidate,include,EEG cross-subject emotion (journal),MI disentanglement multi-source DA; LOSO (one subject target; 45 exps) + cross-session; SEED,cross-subject LOSO + cross-session; UDA,no,,
SCR-0416,IEEE/WoS/Scopus,10.1109/ojcs.2026.3653766,,2026,IEEE Open Journal of the Computer Soci,EMO-CARE: EEG Multi-Scale Temporal Modeling With Channel-Aware Feature Attention for Robust Sub,include-candidate,include,EEG cross-subject emotion (journal),multi-scale temporal + channel attention; rigorous LOSO; SEED/SEED-V/DREAMER,subject-independent; LOSO,no,,
SCR-0417,IEEE/WoS,10.1109/taffc.2015.2496310,,2016,IEEE Transactions on Affective Computi,Subject-Independent Odor Pleasantness Classification Using Brain and Peripheral Signals,unclear-needs-fulltext,unclear-needs-fulltext,odor pleasantness; borderline affective,,,,,
SCR-0418,IEEE/WoS/Scopus,10.1109/taffc.2018.2817622,,2020,IEEE Transactions on Affective Computi,EEG Emotion Recognition Using Dynamical Graph Convolutional Neural Networks,include-candidate,include,EEG cross-subject emotion (journal),DGCNN; SD (90.4%) + SI (79.95%; LOSO); SEED,subject-dependent + subject-independent (LOSO),no,,
SCR-0419,IEEE/WoS/Scopus,10.1109/taffc.2018.2885474,,2021,IEEE Transactions on Affective Computi,A Bi-Hemisphere Domain Adversarial Neural Network Model for EEG Emotion Recognition,include-candidate,include,EEG cross-subject emotion (journal),BiDANN; source-target hemisphere alignment; cross-subject,cross-subject; UDA,no,,
SCR-0420,IEEE,10.1109/taffc.2019.2901733,,2021,IEEE Transactions on Affective Computi,Prediction of Car Design Perception Using EEG and Gaze Patterns,exclude,off-topic,off-topic: car-design perception,,,,,
SCR-0421,IEEE/WoS/Scopus,10.1109/taffc.2019.2916015,,2022,IEEE Transactions on Affective Computi,Utilizing Deep Learning Towards Multi-Modal Bio-Sensing and Vision-Based Affective Computing,include-candidate,include,EEG cross-subject emotion (journal),LOSO (per dataset) + random 80/20 10-fold on combined data (subject-mixed); ELM; multimodal bio-sensing,LOSO + random 80/20,no,,also reports subject-mixed random 80/20 10-fold on combined datasets
SCR-0422,IEEE/WoS/Scopus,10.1109/taffc.2019.2922912,,2022,IEEE Transactions on Affective Computi,From Regional to Global Brain: A Novel Hierarchical Spatial-Temporal Neural Network Model for E,include-candidate,include,EEG cross-subject emotion (journal),R2G hierarchical ST; DANN; SD + SI; SEED,subject-dependent + subject-independent; UDA,no,,
SCR-0423,IEEE/WoS/Scopus,10.1109/taffc.2020.2994159,,2022,IEEE Transactions on Affective Computi,EEG-Based Emotion Recognition Using Regularized Graph Neural Networks,include-candidate,include,EEG cross-subject emotion (journal),RGNN + NodeDAT domain-adversarial; SD + SI; SEED/SEED-IV,subject-dependent + subject-independent; UDA,no,,
SCR-0424,IEEE/WoS/Scopus,10.1109/taffc.2020.3013711,,2022,IEEE Transactions on Affective Computi,An Efficient LSTM Network for Emotion Recognition From Multichannel EEG Signals,include-candidate,include,EEG cross-subject emotion (journal),ATDD-LSTM; domain discriminator; SD + SI + cross-session; DEAP/SEED,subject-dependent + subject-independent + cross-session; UDA,no,,
SCR-0425,IEEE/WoS/Scopus,10.1109/taffc.2021.3137857,,2023,IEEE Transactions on Affective Computi,Personal-Zscore: Eliminating Individual Difference for EEG-Based Cross-Subject Emotion Recognit,include-candidate,include,EEG cross-subject emotion (journal),Personal-Zscore per-subject normalization (uses target-subject stats); cross-subject; SEED,cross-subject; personal z-score normalization,no,,per-subject z-score uses target-subject statistics (transductive normalization; disclosed)
SCR-0426,IEEE/WoS/Scopus,10.1109/taffc.2022.3164516,,2023,IEEE Transactions on Affective Computi,Contrastive Learning of Subject-Invariant EEG Representations for Cross-Subject Emotion Recogni,include-candidate,include,EEG cross-subject emotion (journal),contrastive subject-invariant; 10-fold cross-subject CV (subject-disjoint); optional 1-min calibration,cross-subject; 10-fold cross-subject,no,,
SCR-0427,IEEE/WoS/Scopus,10.1109/taffc.2022.3179717,,2023,IEEE Transactions on Affective Computi,EEG-Based Subject-Independent Emotion Recognition Using Gated Recurrent Unit and Minimum Class ,include-candidate,include,EEG cross-subject emotion (journal),,,,,
SCR-0428,IEEE/WoS/Scopus,10.1109/taffc.2022.3189222,,2022,IEEE Transactions on Affective Computi,Joint Feature Adaptation and Graph Adaptive Label Propagation for Cross-Subject Emotion Recogni,include-candidate,include,EEG cross-subject emotion (journal),joint feature adaptation + graph label propagation; unlabeled target; cross-subject,cross-subject; DA (transductive),no,,
SCR-0429,IEEE/WoS/Scopus,10.1109/taffc.2022.3199075,,2022,IEEE Transactions on Affective Computi,A Dual-Branch Dynamic Graph Convolution Based Adaptive TransFormer Feature Fusion Network for E,include-candidate,include,EEG cross-subject emotion (journal),dual-branch graph transformer; LOSO + adapter fine-tune on half target samples; few-shot,cross-subject (LOSO) + adapter fine-tune (target labels),no,,uses half target-subject samples for fine-tuning (disclosed)
SCR-0430,IEEE/WoS/Scopus,10.1109/taffc.2023.3288118,,2024,IEEE Transactions on Affective Computi,PR-PL: A Novel Prototypical Representation Based Pairwise Learning Framework for Emotion Recogn,include-candidate,include,EEG cross-subject emotion (journal),prototypical pairwise; transductive (target data in training) + pseudo-labels; 4 CV protocols; SEED/SEED-IV,cross-subject; transductive DA,no,,
SCR-0431,IEEE/WoS/Scopus,10.1109/taffc.2023.3305982,,2024,IEEE Transactions on Affective Computi,An Affective Brain-Computer Interface Based on a Transfer Learning Method,include-candidate,include,EEG cross-subject emotion (journal),affective BCI transfer learning; few calibration samples; cross-subject/session/device; DEAP,subject-independent; transfer,no,,
SCR-0432,IEEE/WoS,10.1109/taffc.2023.3319397,,2024,IEEE Transactions on Affective Computi,Unsupervised Time-Aware Sampling Network With Deep Reinforcement Learning for EEG-Based Emotion,include-candidate,include,EEG cross-subject emotion (journal),LOSO-CV; clearly distinguishes subject-dependent (video-level) vs subject-independent (subject-level) protocols; SEED/DEAP/MAHNOB,subject-independent; LOSO,no,,leakage-aware exhibit (explicit protocol taxonomy)
SCR-0433,IEEE,10.1109/taffc.2023.3326747,,2024,IEEE Transactions on Affective Computi,Chronic Stress Recognition Based on Time-Slot Analysis of Ambulatory Electrocardiogram and Tri-,exclude,not-eeg,ECG/accelerometer chronic stress,,,,,
SCR-0434,IEEE/WoS/Scopus,10.1109/taffc.2023.3336531,,2024,IEEE Transactions on Affective Computi,Emotion Recognition From Few-Channel EEG Signals by Integrating Deep Feature Aggregation and Tr,include-candidate,include,EEG cross-subject emotion (journal),few-channel; mainly subject-dependent + fine-tune to new subjects (transfer),subject-dependent + transfer to new subjects,no,,paper states mainly subject-dependent scheme
SCR-0435,IEEE/WoS/Scopus,10.1109/taffc.2024.3349770,,2024,IEEE Transactions on Affective Computi,Gusa: Graph-Based Unsupervised Subdomain Adaptation for Cross-Subject EEG Emotion Recognition,include-candidate,include,EEG cross-subject emotion (journal),graph unsupervised subdomain DA; node-wise + emotion subdomain alignment; unlabeled target; cross-subject,cross-subject; UDA,no,,
SCR-0436,IEEE/WoS/Scopus,10.1109/taffc.2024.3357656,,2024,IEEE Transactions on Affective Computi,CFDA-CSF: A Multi-Modal Domain Adaptation Method for Cross-Subject Emotion Recognition,include-candidate,include,EEG cross-subject emotion (journal),multimodal UDA; unlabeled target; LOSO per session,cross-subject; UDA (multimodal),no,,
SCR-0437,IEEE/WoS/Scopus,10.1109/taffc.2024.3371540,,2024,IEEE Transactions on Affective Computi,GDDN: Graph Domain Disentanglement Network for Generalizable EEG Emotion Recognition,include-candidate,include,EEG cross-subject emotion (journal),graph domain disentanglement; multi-source DG; unseen target subjects,cross-subject; DG/DA,no,,
SCR-0438,IEEE/WoS/Scopus,10.1109/taffc.2024.3392791,,2024,IEEE Transactions on Affective Computi,CiABL: Completeness-Induced Adaptative Broad Learning for Cross-Subject Emotion Recognition Wit,include-candidate,include,EEG cross-subject emotion (journal),completeness-induced broad learning; source-target alignment; cross-subject,cross-subject; transfer/DA,no,,
SCR-0439,IEEE/WoS/Scopus,10.1109/taffc.2024.3394436,,2024,IEEE Transactions on Affective Computi,Spectral-Spatial Attention Alignment for Multi-Source Domain Adaptation in EEG-Based Emotion Re,include-candidate,include,EEG cross-subject emotion (journal),spectral-spatial attention MSDA; pseudo-labels target; cross-session + cross-subject; SEED/SEED-IV,cross-subject/cross-session; UDA,no,,
SCR-0440,IEEE/WoS/Scopus,10.1109/taffc.2024.3394873,,2024,IEEE Transactions on Affective Computi,Bridge Graph Attention Based Graph Convolution Network With Multi-Scale Transformer for EEG Emo,include-candidate,include,EEG cross-subject emotion (journal),bridge graph attention + transformer; SD (leave-one-trial-out) + SI (LOSO); SEED/SEED-IV/DREAMER,subject-dependent + subject-independent (LOSO),no,,
SCR-0441,IEEE/WoS/Scopus,10.1109/taffc.2024.3409357,,2024,IEEE Transactions on Affective Computi,U-Shaped Distribution Guided Sign Language Emotion Recognition With Semantic and Movement Featu,exclude,not-eeg,sign-language movement features,,,,,
SCR-0442,IEEE/WoS/Scopus,10.1109/taffc.2024.3433470,,2025,IEEE Transactions on Affective Computi,Semi-Supervised Dual-Stream Self-Attentive Adversarial Graph Contrastive Learning for Cross-Sub,include-candidate,include,EEG cross-subject emotion (journal),semi-supervised adversarial graph contrastive; LOSO; labeled+unlabeled; SEED/SEED-IV/V/FACED,cross-subject LOSO; semi-supervised,no,,
SCR-0443,IEEE,10.1109/taffc.2024.3433613,,2025,IEEE Transactions on Affective Computi,Grop: Graph Orthogonal Purification Network for EEG Emotion Recognition,include-candidate,include,EEG cross-subject emotion (journal),graph orthogonal purification; GRL; unlabeled target; cross-subject,cross-subject; UDA,no,,
SCR-0444,IEEE,10.1109/taffc.2024.3462603,,2025,IEEE Transactions on Affective Computi,Decoding Musical Neural Activity in Patients With Disorders of Consciousness Through Self-Super,exclude,off-topic,off-topic: disorders of consciousness,,,,,
SCR-0445,IEEE/WoS/Scopus,10.1109/taffc.2024.3477302,,2025,IEEE Transactions on Affective Computi,The fNIRS-Based Emotion Recognition by Spatial Transformer and WGAN Data Augmentation Toward De,exclude,not-eeg,fNIRS-based emotion,,,,,
SCR-0446,IEEE/WoS/Scopus,10.1109/taffc.2024.3480355,,2025,IEEE Transactions on Affective Computi,Adaptive Domain Alignment Neural Networks for Cross-Domain EEG Emotion Recognition,include-candidate,include,EEG cross-subject emotion (journal),adaptive domain alignment; label-wise prototypes; unlabeled target; cross-subject/session,cross-subject/cross-session; UDA,no,,~90% but transductive disclosed
SCR-0447,IEEE/WoS/Scopus,10.1109/taffc.2024.3485057,,2025,IEEE Transactions on Affective Computi,SEED-VII: A Multimodal Dataset of Six Basic Emotions With Continuous Labels for Emotion Recogni,include-candidate,include,EEG cross-subject emotion (journal),,,,,
SCR-0448,IEEE/WoS/Scopus,10.1109/taffc.2024.3497897,,2025,IEEE Transactions on Affective Computi,EEG-Based Cross-Subject Emotion Recognition Using Sparse Bayesian Learning With Enhanced Covari,include-candidate,include,EEG cross-subject emotion (journal),sparse Bayesian + enhanced covariance alignment; source-target; cross-subject,cross-subject; DA,no,,
SCR-0449,IEEE/WoS/Scopus,10.1109/taffc.2024.3514635,,2025,IEEE Transactions on Affective Computi,Enhancing EEG-Based Cross-Subject Emotion Recognition via Adaptive Source Joint Domain Adaptati,include-candidate,include,EEG cross-subject emotion (journal),adaptive source joint DA; source selection (JS div); unlabeled target; cross-subject,cross-subject; UDA,no,,
SCR-0450,IEEE/WoS,10.1109/taffc.2024.3515457,,2025,IEEE Transactions on Affective Computi,Major Depressive Disorder Detection Using Graph Domain Adaptation With Global Message-Passing B,exclude,off-topic,off-topic: MDD detection,,,,,
SCR-0451,IEEE,10.1109/taffc.2025.3527459,,2025,IEEE Transactions on Affective Computi,TFAGL: A Novel Agent Graph Learning Method Using Time-Frequency EEG for Major Depressive Disord,exclude,off-topic,off-topic: MDD detection,,,,,
SCR-0452,IEEE/WoS/Scopus,10.1109/taffc.2025.3535542,,2025,IEEE Transactions on Affective Computi,Multi-Scale Hyperbolic Contrastive Learning for Cross-Subject EEG Emotion Recognition,include-candidate,include,EEG cross-subject emotion (journal),multi-scale hyperbolic contrastive; LOSO + k-fold CV (5-fold SEED/MPED; 10-fold FACED); source ranking,cross-subject; LOSO + k-fold,no,,k-fold used for partitioning/pretraining; LOSO for subject generalization
SCR-0453,IEEE/WoS/Scopus,10.1109/taffc.2025.3554399,,2025,IEEE Transactions on Affective Computi,Multi-Modal Cross-Subject Emotion Feature Alignment and Recognition With EEG and Eye Movements,include-candidate,include,EEG cross-subject emotion (journal),multimodal (EEG+eye) MSDA; subject-independent; source-target,cross-subject; UDA (multimodal),no,,
SCR-0454,IEEE,10.1109/taffc.2025.3555433,,2025,IEEE Transactions on Affective Computi,UA-DAAN: An Uncertainty-Aware Dynamic Adversarial Adaptation Network for EEG-Based Depression R,exclude,off-topic,off-topic: depression recognition,,,,,
SCR-0455,IEEE/WoS/Scopus,10.1109/taffc.2025.3555439,,2025,IEEE Transactions on Affective Computi,Enhancing Cross-Dataset EEG Emotion Recognition: A Novel Approach With Emotional EEG Style Tran,include-candidate,include,EEG cross-subject emotion (journal),emotional EEG style transfer; cross-dataset; source-target,cross-dataset; DA,no,,
SCR-0456,IEEE/WoS/Scopus,10.1109/taffc.2025.3564272,,2025,IEEE Transactions on Affective Computi,Exploiting the Intrinsic Neighborhood Semantic Structure for Domain Adaptation in EEG-Based Emo,include-candidate,include,EEG cross-subject emotion (journal),neighborhood semantic DA (NSAL-DGAT); pseudo-labels; SD + SI,subject-dependent + subject-independent; UDA,no,,
SCR-0457,IEEE/WoS/Scopus,10.1109/taffc.2025.3565570,,2025,IEEE Transactions on Affective Computi,AM-ConvBLS: Adaptive Manifold Convolutional Broad Learning System for Cross-Session and Cross-S,include-candidate,include,EEG cross-subject emotion (journal),adaptive manifold ConvBLS; cross-session + cross-subject; unlabeled target,cross-session + cross-subject; DA,no,,
SCR-0458,IEEE/WoS/Scopus,10.1109/taffc.2025.3574868,,2025,IEEE Transactions on Affective Computi,Multi-View Self-Supervised Domain Adaptation for EEG-Based Emotion Recognition,include-candidate,include,EEG cross-subject emotion (journal),multi-view SSL DA; pretrain(unlabeled) + personalized calibration; SD + SI; SEED/SEED-IV,subject-dependent + subject-independent; SSL/DA,no,,personalized calibration uses target data (disclosed)
SCR-0459,IEEE/WoS/Scopus,10.1109/taffc.2025.3580787,,2025,IEEE Transactions on Affective Computi,TAHAG: Two-Stage Domain Adaptation With Hybrid Adaptive Graph Learning for EEG Emotion Recognit,include-candidate,include,EEG cross-subject emotion (journal),two-stage DA + hybrid adaptive graph; source-target; subject-independent,subject-independent; DA,no,,
SCR-0460,IEEE/WoS/Scopus,10.1109/taffc.2025.3581388,,2025,IEEE Transactions on Affective Computi,EmotionMIL: An End-to-End Multiple Instance Learning Framework for Emotion Recognition From EEG,include-candidate,include,EEG cross-subject emotion (journal),MIL; SD (10-fold within-subject) + SI (subject-split); DEAP/DREAMER/SEED,subject-dependent + subject-independent,no,,
SCR-0461,IEEE/WoS/Scopus,10.1109/taffc.2025.3582740,,2025,IEEE Transactions on Affective Computi,Dynamical Causal Graph Neural Network for EEG Emotion Recognition,include-candidate,include,EEG cross-subject emotion (journal),dynamical causal GNN + CDAN adversarial DA; SD + SI,subject-dependent + subject-independent; UDA,no,,
SCR-0462,IEEE/WoS/Scopus,10.1109/taffc.2025.3588873,,2025,IEEE Transactions on Affective Computi,A Novel Conditional Adversarial Domain Adaptation Network for EEG Cross-Subject Emotion Recogni,include-candidate,include,EEG cross-subject emotion (journal),conditional adversarial DA; unlabeled target (test subject); cross-subject,cross-subject; UDA,no,,
SCR-0463,IEEE/WoS/Scopus,10.1109/taffc.2025.3593630,,2025,IEEE Transactions on Affective Computi,Dynamic-Attention-Based EEG State Transition Modeling for Emotion Recognition,include-candidate,include,EEG cross-subject emotion (journal),state-transition modeling; domain generalization (NO target data); cross-subject,cross-subject; DG (no target access),no,,
SCR-0464,IEEE/WoS/Scopus,10.1109/taffc.2025.3595137,,2025,IEEE Transactions on Affective Computi,MTADA: A Multi-Task Adversarial Domain Adaptation Network for EEG-Based Cross-Subject Emotion R,include-candidate,include,EEG cross-subject emotion (journal),multi-task adversarial DA; source matching; unlabeled target; cross-subject,cross-subject; UDA,no,,
SCR-0465,IEEE,10.1109/taffc.2025.3600267,,2025,IEEE Transactions on Affective Computi,Label Feature Co-Learning for Facial and EEG Emotion Recognition,include-candidate,include,EEG cross-subject emotion (journal),facial+EEG co-learning; SD (10-fold) + transfer setting; DEAP,subject-dependent + transfer,no,,
SCR-0466,IEEE/WoS/Scopus,10.1109/taffc.2025.3601809,,2025,IEEE Transactions on Affective Computi,EEG Coupled Scale-Invariant Dynamics for Emotion Recognition: A Domain Adaptation Approach,include-candidate,include,EEG cross-subject emotion (journal),scale-invariant DA; SD (10-fold per subject) + SI (DA); DREAMER + cross-dataset,subject-dependent + subject-independent; DA,no,,
SCR-0467,IEEE,10.1109/taffc.2025.3605833,,2025,IEEE Transactions on Affective Computi,LibEER: A Comprehensive Benchmark and Algorithm Library for EEG-Based Emotion Recognition,unclear-needs-fulltext,unclear-needs-fulltext,benchmark/library resource; verify at full text,benchmark/library; enforces trial-disjoint splits; defines SD/cross-subject/SI rigorously; flags questionable practices,rigorous SD/cross-subject/SI benchmark,no,,leakage-aware benchmark resource (LibEER); protocol-standards reference (not off-topic)
SCR-0468,IEEE/WoS/Scopus,10.1109/taffc.2025.3607025,,2026,IEEE Transactions on Affective Computi,Brain-Machine Enhanced Intelligence for Semi-Supervised Facial Emotion Recognition,include-candidate,include,EEG cross-subject emotion (journal),,,,,
SCR-0469,IEEE,10.1109/taffc.2025.3608571,,2026,IEEE Transactions on Affective Computi,MIND-EEG: Multi-Granularity Integration Network With Discrete Codebook for EEG-Based Emotion Re,include-candidate,include,EEG cross-subject emotion (journal),multi-granularity + discrete codebook; SD + SI; SEED-IV/MPED,subject-dependent + subject-independent,no,,
SCR-0470,IEEE/WoS/Scopus,10.1109/taffc.2025.3611173,,2026,IEEE Transactions on Affective Computi,STRFLNet: Spatio-Temporal Representation Fusion Learning Network for EEG-Based Emotion Recognit,include-candidate,include,EEG cross-subject emotion (journal),spatio-temporal fusion; SD (10-fold) + SI (LOSO); SEED/SEED-IV,subject-dependent + subject-independent (LOSO),no,,
SCR-0471,IEEE/WoS,10.1109/taffc.2025.3614727,,2026,IEEE Transactions on Affective Computi,Quantifying Emotional Patterns for EEG-Based Emotion Recognition: An Interpretable Study on EEG,include-candidate,include,EEG cross-subject emotion (journal),interpretable cross-session study; MDME (own 12-subj Emotiv); DSAAN transfer,cross-session; cross-subject; transfer,no,,own dataset (MDME)
SCR-0472,IEEE/WoS/Scopus,10.1109/taffc.2025.3633647,,2026,IEEE Transactions on Affective Computi,Multi-View Cognitive Prior Graph Convolutional Network for Multimodal Emotion Recognition,include-candidate,include,EEG cross-subject emotion (journal),multi-view cognitive prior GCN; SI 98.03/98.27% (near-ceiling) via LOOCV; DREAMER/MAHNOB,subject-independent (claimed); LOOCV,yes,subject-mixed-kfold,subject-independent 98%+ via 'LOOCV' is near-ceiling/implausible for genuine LOSO; likely sample-level LOOCV (subject-mixed)
SCR-0473,IEEE/WoS,10.1109/taffc.2025.3638592,,2026,IEEE Transactions on Affective Computi,Gram: A Large General EEG Model for Raw Data Classification and Restoration,unclear-needs-fulltext,unclear-needs-fulltext,general EEG foundation model; not emotion-specific,,,,,
SCR-0474,IEEE/WoS/Scopus,10.1109/taffc.2025.3639182,,2026,IEEE Transactions on Affective Computi,EEG-Based Fear Detection in Women,include-candidate,include,EEG cross-subject emotion (journal),,,,,
SCR-0475,IEEE,10.1109/taffc.2025.3643454,,2026,IEEE Transactions on Affective Computi,Diagnosis of Major Depressive Disorder With High Suicide Risk Using Slow-Wave Sleep Electroence,exclude,off-topic,off-topic: MDD/sleep clinical,,,,,
SCR-0476,IEEE/WoS,10.1109/taffc.2025.3646189,,2026,IEEE Transactions on Affective Computi,WDANet: Wasserstein Distribution Inspired Dynamic Adversarial Network for EEG-Based Cross-Domai,include-candidate,include,EEG cross-subject emotion (journal),,,,,
SCR-0477,IEEE/WoS/Scopus,10.1109/taffc.2025.3647683,,2026,IEEE Transactions on Affective Computi,Hybrid Source Selection Fusion Domain-Invariant Attention for Cross-Subject Emotion Recognition,include-candidate,include,EEG cross-subject emotion (journal),hybrid source selection + domain-invariant attention; few labeled + unlabeled target; cross-subject,cross-subject; semi-supervised DA,no,,
SCR-0478,IEEE/WoS/Scopus,10.1109/taffc.2026.3658346,,2026,IEEE Transactions on Affective Computi,Prompt-Guided Domain Generalization for EEG Emotion Recognition,include-candidate,include,EEG cross-subject emotion (journal),prompt-guided domain generalization; NO target data (inductive DG); SEED/SEED-IV,cross-subject; DG (no target access),no,,
SCR-0479,IEEE/WoS/Scopus,10.1109/taffc.2026.3661552,,2026,IEEE Transactions on Affective Computi,Q-RoFormer: Quaternion Rotation-Based Transformer for Cross-Subject EEG Emotion Recognition,include-candidate,include,EEG cross-subject emotion (journal),quaternion transformer; multi-source DA; unlabeled target + pseudo-labels + fine-tune; cross-subject,cross-subject; UDA,no,,
SCR-0480,IEEE/Scopus,10.1109/taffc.2026.3664306,,2026,IEEE Transactions on Affective Computi,NeuroPhysio: Explainable EEG-Based AI for Affective and Cognitive Load Recognition in Digital H,include-candidate,include,EEG cross-subject emotion (journal),,,,,
SCR-0481,IEEE/WoS,10.1109/taffc.2026.3670015,,2026,IEEE Transactions on Affective Computi,Toward a Realistic Encoding Model of Auditory Affective Understanding in the Brain,unclear-needs-fulltext,unclear-needs-fulltext,auditory-affective encoding model; not recognition,auditory affective encoding model (regression/correlation); 5-fold CV on stimulus-response pairs; participant-split reliability,encoding model; not standard recognition,unclear,other,encoding/regression study (not classification); protocol is not a cross-subject recognition benchmark; reconsider scope
SCR-0482,IEEE/WoS/Scopus,10.1109/taffc.2026.3670697,,2026,IEEE Transactions on Affective Computi,Multi-Scale Dynamic Temporal Network With Graph Matching Domain Adaptation for Cross-Subject EE,include-candidate,include,EEG cross-subject emotion (journal),graph matching DA + adversarial; 3 CV protocols (cross-subject single/cross-session); SEED/DEAP,cross-subject/cross-session; UDA,no,,cross-subject SEED 94.69% high (transductive)
SCR-0483,IEEE/WoS/Scopus,10.1109/taffc.2026.3671020,,2026,IEEE Transactions on Affective Computi,Prototypical Contrastive Learning With Temporal Dynamic Graph Convolutional Network for EEG-Bas,include-candidate,include,EEG cross-subject emotion (journal),prototypical contrastive + temporal dynamic GCN; SD + SI; SEED/HIED/SEED-IV; DA,subject-dependent + subject-independent; DA,no,,
SCR-0484,IEEE/WoS/Scopus,10.1109/taffc.2026.3674037,,2026,IEEE Transactions on Affective Computi,EEG-Based Emotion Classification Using Deep Capsule Networks for Subject-Independent and Depend,include-candidate,include,EEG cross-subject emotion (journal),deep capsule; SD (97%) + SI (>80%); DEAP; binary + multi-class,subject-dependent + subject-independent,no,,DEAP SI >80% is on the high side
SCR-0485,IEEE/Scopus,10.1109/taffc.2026.3674803,,2026,IEEE Transactions on Affective Computi,An EEG-Based Multi-Source Domain Knowledge Transfer Framework for Cross-Session and Cross-Subje,include-candidate,include,EEG cross-subject emotion (journal),multi-source knowledge transfer (MS-KTF); unlabeled target; triplet + KD; cross-session/subject,cross-session/cross-subject; UDA,no,,
SCR-0486,IEEE/Scopus,10.1109/taffc.2026.3681271,,2026,IEEE Transactions on Affective Computi,Spatiotemporal Alignment for EEG-fNIRS Emotion Recognition,include-candidate,include,EEG cross-subject emotion (journal),,,,,
SCR-0487,IEEE,10.1109/taffc.2026.3684827,,2026,IEEE Transactions on Affective Computi,Data Distribution Evolution for Robust EEG Emotion Recognition with Limited Data Resource,include-candidate,include,EEG cross-subject emotion (journal),data distribution evolution; cross-subject LOSO + intra-subject; limited data,cross-subject LOSO + intra-subject,no,,
SCR-0488,IEEE,10.1109/taffc.2026.3691107,,2026,IEEE Transactions on Affective Computi,A Low-Rank Approximation based Multi-modal Multi-level Disentangling Network for Efficient Emot,include-candidate,include,EEG cross-subject emotion (journal),low-rank multimodal disentangling; pretrain + fine-tune; plug-and-play DA (target data),cross-subject; DA/fine-tune,no,,
SCR-0489,IEEE,10.1109/taffc.2026.3691981,,2026,IEEE Transactions on Affective Computi,DTHFormer: Dual Token Hierarchical Transformer Network for Fine-Grained Emotion Recognition,include-candidate,include,EEG cross-subject emotion (journal),dual token transformer; LOSOCV; SD + SI; CASE/CEAP/AVDOS (multimodal),subject-independent; LOSO,no,,
SCR-0490,IEEE/Scopus,10.1109/taffc.2026.3695876,,2026,IEEE Transactions on Affective Computi,Multimodal Functional Maximum Correlation for Emotion Recognition,include-candidate,include,EEG cross-subject emotion (journal),functional max correlation; SD + SI (fixed splits + 5-fold); CEAP-360VR/MAHNOB; EEG SI very low (~33%),subject-dependent + subject-independent,no,,realistic low SI (clean)
SCR-0491,IEEE/Scopus,10.1109/taffc.2026.3697884,,2026,IEEE Transactions on Affective Computi,ST-SNN-DSFE: A Spatio-Temporal Hybrid Network for EEG-based Emotion Recognition,include-candidate,include,EEG cross-subject emotion (journal),spatio-temporal SNN; SD + SI; SEED/SEED-IV (same settings as baselines),subject-dependent + subject-independent,no,,
SCR-0492,IEEE/WoS/Scopus,10.1109/tbdata.2024.3489419,,2025,IEEE Transactions on Big Data,AnesFormer: An End-to-End Framework for EEG-Based Anesthetic State Classification,exclude,off-topic,off-topic: anesthetic-state classification,,,,,
SCR-0493,PubMed/PubMed,10.1109/tbme,38231823,2024,,A Spatiotemporal Deep Learning Framework for Scalp EEG-Based Automated Pain  Assessment in Chil,exclude,off-topic,off-topic: pain assessment,,,,,
SCR-0494,IEEE/WoS/PubMed,10.1109/tbme.2010.2048568,,2010,IEEE Transactions on Biomedical Engine,EEG-Based Emotion Recognition in Music Listening,include-candidate,include,EEG cross-subject emotion (journal),10x 10-fold CV (subject-dependent); 'subject-independent' = common feature set (not eval); music-listening EEG,subject-dependent; subject-independent features,no,,'subject-independent' refers to common features not eval protocol
SCR-0495,IEEE/WoS/PubMed,10.1109/tbme.2017.2693157,,2018,IEEE Transactions on Biomedical Engine,EEG-Based Affect and Workload Recognition in a Virtual Driving Environment for ASD Intervention,include-candidate,include,EEG cross-subject emotion (journal),,,,,
SCR-0496,IEEE/WoS/Scopus,10.1109/tbme.2025.3613730,,2026,IEEE Transactions on Biomedical Engine,Self-Supervised Contrastive Pre-Training for EEG-Based Recognition via Cross Device Representat,unclear-needs-fulltext,unclear-needs-fulltext,cross-device EEG recognition; construct unclear,,,,,
SCR-0497,IEEE/WoS/Scopus/PubMed,10.1109/tcbb.2020.3018137,,2021,IEEE/ACM Transactions on Computational,Subject-Independent Emotion Recognition of EEG Signals Based on Dynamic Empirical Convolutional,include-candidate,include,EEG cross-subject emotion (journal),DECNN; subject-independent; DDE features; sliding window,subject-independent,no,,
SCR-0498,WoS,10.1109/tcbb.2021.3052811,,2021,IEEE-ACM TRANSACTIONS ON COMPUTATIONAL,EEG-Based Brain-Computer Interfaces (BCIs): A Survey of Recent Studies on Signal Sensing Techno,exclude,non-primary-study,survey,,,,,
SCR-0499,IEEE/WoS/Scopus,10.1109/tcds.2018.2826840,,2019,IEEE Transactions on Cognitive and Dev,Domain Adaptation Techniques for EEG-Based Emotion Recognition: A Comparative Study on Two Publ,include-candidate,include,EEG cross-subject emotion (journal),DA comparative study; within-dataset LOSO-CV + cross-dataset; two datasets,subject-independent LOSO; DA,no,,
SCR-0500,IEEE/WoS/Scopus,10.1109/tcds.2019.2949306,,2020,IEEE Transactions on Cognitive and Dev,Domain Adaptation for EEG Emotion Recognition Based on Latent Representation Similarity,include-candidate,include,EEG cross-subject emotion (journal),DA latent representation similarity; unlabeled target; cross-subject + cross-session,cross-subject/cross-session; UDA,no,,
SCR-0501,IEEE,10.1109/tcds.2020.2999337,,2021,IEEE Transactions on Cognitive and Dev,A Novel Bi-Hemispheric Discrepancy Model for EEG Emotion Recognition,include-candidate,include,EEG cross-subject emotion (journal),bi-hemispheric discrepancy + domain adversarial; unlabeled target; cross-subject,cross-subject; UDA,no,,
SCR-0502,IEEE,10.1109/tcds.2020.3007453,,2022,IEEE Transactions on Cognitive and Dev,Transfer Learning for EEG-Based Brain–Computer Interfaces: A Review of Progress Made Since 2016,exclude,non-primary-study,review (transfer learning),,,,,
SCR-0503,IEEE/WoS/Scopus,10.1109/tcds.2021.3051465,,2021,IEEE Transactions on Cognitive and Dev,EEG Emotion Recognition Based on 3-D Feature Representation and Dilated Fully Convolutional Net,include-candidate,include,EEG cross-subject emotion (journal),3D feature + dilated FCN; SD (tenfold per subject) + SI (LOSO); DEAP/DREAMER,subject-dependent + subject-independent (LOSO),no,,
SCR-0504,IEEE/WoS,10.1109/tcds.2021.3082803,,2022,IEEE Transactions on Cognitive and Dev,"GFIL: A Unified Framework for the Importance Analysis of Features, Frequency Bands, and Channel",include-candidate,include,EEG cross-subject emotion (journal),GFIL importance analysis; cross-session (SEED-IV); label propagation + DA,cross-session; DA,no,,
SCR-0505,IEEE/WoS/Scopus,10.1109/tcds.2021.3098842,,2022,IEEE Transactions on Cognitive and Dev,Can Emotion Be Transferred?—A Review on Transfer Learning for EEG-Based Emotion Recognition,exclude,non-primary-study,review (transfer learning),,,,,
SCR-0506,WoS,10.1109/tcds.2021.3137251,,2022,IEEE TRANSACTIONS ON COGNITIVE AND DEV,Recognizing Tonal and Nontonal Mandarin Sentences for EEG-Based Brain-Computer Interface,exclude,off-topic,off-topic: Mandarin speech decoding,,,,,
SCR-0507,IEEE/WoS/Scopus,10.1109/tcds.2023.3270170,,2023,IEEE Transactions on Cognitive and Dev,EEG-Based Emotion Recognition Using Trainable Adjacency Relation Driven Graph Convolutional Net,include-candidate,include,EEG cross-subject emotion (journal),TARDGCN; SD (18-fold per subject) + SI (LOSO); DREAMER/DEAP; transductive adjacency (test set used for graph),subject-dependent + subject-independent (LOSO),no,,transductive graph uses test set for adjacency (disclosed)
SCR-0508,IEEE/WoS/Scopus,10.1109/tcds.2023.3293321,,2024,IEEE Transactions on Cognitive and Dev,A Hybrid End-to-End Spatiotemporal Attention Neural Network With Graph-Smooth Signals for EEG E,include-candidate,include,EEG cross-subject emotion (journal),spatiotemporal attention + TL; DEAP->DREAMER cross-dataset; target unseen in training,subject-independent + cross-dataset; TL,no,,
SCR-0509,IEEE,10.1109/tcds.2024.3391131,,2024,IEEE Transactions on Cognitive and Dev,Minimizing EEG Human Interference: A Study of an Adaptive EEG Spatial Feature Extraction With D,unclear-needs-fulltext,unclear-needs-fulltext,adaptive EEG spatial feature; construct unclear,,,,,
SCR-0510,IEEE/WoS/Scopus,10.1109/tcds.2024.3417534,,2025,IEEE Transactions on Cognitive and Dev,Cross-Subject Emotion Recognition From Multichannel EEG Signals Using Multivariate Decompositio,include-candidate,include,EEG cross-subject emotion (journal),multivariate decomposition + ensemble; LOSOCV; cross-subject,cross-subject; LOSO,no,,
SCR-0511,IEEE/WoS/Scopus,10.1109/tcds.2024.3432752,,2025,IEEE Transactions on Cognitive and Dev,GLADA: Global and Local Associative Domain Adaptation for EEG-Based Emotion Recognition,include-candidate,include,EEG cross-subject emotion (journal),global-local associative DA; MMD; unlabeled target; subject-independent,subject-independent; UDA,no,,
SCR-0512,IEEE/WoS/Scopus,10.1109/tcds.2024.3470248,,2025,IEEE Transactions on Cognitive and Dev,Functional Connectivity Patterns Learning for EEG-Based Emotion Recognition,include-candidate,include,EEG cross-subject emotion (journal),functional connectivity patterns; SD + SI; MPED/SEED/DREAMER; SI 28.8-89.9%,subject-dependent + subject-independent,no,,SEED SI 89.88% on high side; MPED SI 28.8% realistic
SCR-0513,IEEE/WoS/Scopus,10.1109/tcds.2025.3529669,,2025,IEEE Transactions on Cognitive and Dev,TRANSIT-EEG—A Framework for Cross-Subject Classification With Subject Specific Adaptation,unclear-needs-fulltext,unclear-needs-fulltext,generic cross-subject classification,,,,,
SCR-0514,IEEE/WoS/Scopus,10.1109/tcds.2025.3545666,,2025,IEEE Transactions on Cognitive and Dev,Cross-Subject and Cross-Session EEG Emotion Recognition Based on Multisource Structural Deep Cl,include-candidate,include,EEG cross-subject emotion (journal),multisource structural deep clustering; MMD; cross-subject + cross-session; SEED/SEED-IV,cross-subject/cross-session; UDA,no,,
SCR-0515,IEEE/WoS/Scopus,10.1109/tcds.2025.3552124,,2025,IEEE Transactions on Cognitive and Dev,Multimodal Discriminative Network for Emotion Recognition Across Individuals,include-candidate,include,EEG cross-subject emotion (journal),multimodal discriminative UDA; MMD; subject-independent (cross-individual),cross-subject; UDA (multimodal),no,,
SCR-0516,IEEE/WoS/Scopus,10.1109/tcds.2025.3555517,,2025,IEEE Transactions on Cognitive and Dev,CLARE: Cognitive Load Assessment in Real-Time With Multimodal Data,exclude,off-topic,off-topic: cognitive-load assessment,,,,,
SCR-0517,IEEE/WoS,10.1109/tcds.2025.3566229,,2025,IEEE Transactions on Cognitive and Dev,A Unified Physiological Signal Interaction Network for Cross-Dataset Emotion Recognition,include-candidate,include,EEG cross-subject emotion (journal),10-fold random CV on entire DEAP (subject-mixed); cross-dataset claim,cross-dataset (claimed); 10-fold random,unclear,subject-mixed-kfold,10-fold CV randomly splits entire DEAP (subject-mixed) and hyperparams selected on CV accuracy; subject-level separation not evident despite cross-dataset framing
SCR-0518,IEEE/WoS/Scopus,10.1109/tcds.2025.3595203,,2026,IEEE Transactions on Cognitive and Dev,CIDDA: Classifier-Driven Implicit Discriminator Domain Adaptation for EEG-Based Emotion Recogni,include-candidate,include,EEG cross-subject emotion (journal),,,,,
SCR-0519,Scopus,10.1109/tcds.2026.3661120,,2026,IEEE Transactions on Cognitive and Dev,HeteFedEEG: Prototype-Transfer Heterogeneous Federated Learning for EEG-based Emotion Recogniti,include-candidate,include,EEG cross-subject emotion (journal),heterogeneous federated learning; prototype transfer; cross-subject + cross-session; SEED,cross-subject/cross-session; federated,no,,
SCR-0520,IEEE/Scopus,10.1109/tcds.2026.3661567,,2026,IEEE Transactions on Cognitive and Dev,Low-Dimensional Matrix Discriminant Analysis of EEG Network Connectivity on Riemannian Manifold,unclear-needs-fulltext,unclear-needs-fulltext,EEG connectivity (Riemannian); construct unclear,Riemannian matrix discriminant; SD (leave-one-trial-out; leakage-aware) + SI (LOSO); 3 datasets,subject-dependent + subject-independent (LOSO),no,,leakage-aware (leave-one-trial-out to avoid temporal-correlation leakage)
SCR-0521,IEEE,10.1109/tce.2023.3325317,,2024,IEEE Transactions on Consumer Electron,DREAM: Deep Learning-Based Recognition of Emotions From Multiple Affective Modalities Using Con,include-candidate,include,EEG cross-subject emotion (journal),,,,,
SCR-0522,IEEE/WoS/Scopus,10.1109/tce.2024.3524401,,2025,IEEE Transactions on Consumer Electron,Emotion Recognition Empowered Human-Computer Interaction With Domain Adaptation Network,include-candidate,include,EEG cross-subject emotion (journal),domain-adaptive branch; unlabeled/scarce target; SEED/SEED-IV/SEED-V,cross-subject; UDA,no,,
SCR-0523,IEEE,10.1109/tce.2026.3700485,,2026,IEEE Transactions on Consumer Electron,Structured Tokenization of BERT for Tabular Classification,exclude,not-eeg,"BERT tabular classification, not EEG",,,,,
SCR-0524,IEEE/WoS,10.1109/tcsii.2022.3163141,,2022,IEEE Transactions on Circuits and Syst,Efficient Sample and Feature Importance Mining in Semi-Supervised EEG Emotion Recognition,include-candidate,include,EEG cross-subject emotion (journal),semi-supervised (sJSFE); labeled session1 + unlabeled session2; cross-session,cross-session; semi-supervised,no,,
SCR-0525,IEEE/WoS/Scopus,10.1109/tcss.2022.3153660,,2022,IEEE Transactions on Computational Soc,Multi-Source Domain Transfer Discriminative Dictionary Learning Modeling for Electroencephalogr,include-candidate,include,EEG cross-subject emotion (journal),multi-source discriminative dictionary; few target labels; cross-subject,cross-subject; semi-supervised DA,no,,
SCR-0526,IEEE/WoS/Scopus,10.1109/tcss.2023.3298324,,2024,IEEE Transactions on Computational Soc,Cross-Cultural Emotion Recognition With EEG and Eye Movement Signals Based on Multiple Stacked ,include-candidate,include,EEG cross-subject emotion (journal),cross-cultural EEG+eye; ICSD (clip-split) + ICSI/CCSI (LOSO); SEED-CHN/GER/FRE,subject-independent (LOSO) + cross-cultural,no,,
SCR-0527,IEEE/WoS/Scopus,10.1109/tcss.2023.3314508,,2024,IEEE Transactions on Computational Soc,Discriminative Joint Knowledge Transfer With Online Updating Mechanism for EEG-Based Emotion Re,include-candidate,include,EEG cross-subject emotion (journal),discriminative joint knowledge transfer (TPT) + online updating; pseudo-labels; cross-subject,cross-subject; transductive DA,no,,
SCR-0528,IEEE,10.1109/tcss.2024.3412074,,2024,IEEE Transactions on Computational Soc,Dense Graph Convolutional With Joint Cross-Attention Network for Multimodal Emotion Recognition,include-candidate,include,EEG cross-subject emotion (journal),dense graph cross-attention MER; SD (fivefold 80/20 within-subject) + SI; DEAP/SEED-IV,subject-dependent + subject-independent,no,,
SCR-0529,IEEE,10.1109/tcss.2024.3450717,,2025,IEEE Transactions on Computational Soc,Semantic Disentangling for Audiovisual Induced Emotion,unclear-needs-fulltext,unclear-needs-fulltext,audiovisual induced emotion; EEG unclear,,,,,
SCR-0530,IEEE,10.1109/tcss.2024.3488201,,2025,IEEE Transactions on Computational Soc,Ugan: Uncertainty-Guided Graph Augmentation Network for EEG Emotion Recognition,include-candidate,include,EEG cross-subject emotion (journal),uncertainty-guided graph augmentation; source-target (DA) / unseen target (DG); cross-subject,cross-subject; DA/DG,no,,
SCR-0531,IEEE/WoS/Scopus,10.1109/tcss.2024.3519300,,2025,IEEE Transactions on Computational Soc,MMDA: A Multimodal and Multisource Domain Adaptation Method for Cross-Subject Emotion Recogniti,include-candidate,include,EEG cross-subject emotion (journal),multimodal multisource UDA; LOSO; unlabeled target; SEED/GER/IV/V,cross-subject LOSO; UDA (multimodal),no,,
SCR-0532,IEEE/WoS/Scopus,10.1109/tcss.2025.3622319,,2026,IEEE Transactions on Computational Soc,Deep Representation Learning With Assisted Domain Adaptation for EEG-Based Cross-Subject Emotio,include-candidate,include,EEG cross-subject emotion (journal),deep rep learning + assisted DA; class-aware compactness; source-target; cross-subject,cross-subject; UDA,no,,
SCR-0533,IEEE/WoS/Scopus,10.1109/tcss.2025.3625747,,2026,IEEE Transactions on Computational Soc,SEmotion: Knowledge-Guided Sigmoid-Constrained Network for EEG-Based Emotion Recognition,include-candidate,include,EEG cross-subject emotion (journal),knowledge-guided sigmoid net; KFoldCrossTrial (cross-session) + LeaveOneSubjectOut; SEED/SEED-IV,cross-session (KFoldCrossTrial) + cross-subject (LOSO),no,,transparently reports both protocols
SCR-0534,IEEE/WoS/Scopus,10.1109/tcss.2026.3674085,,2026,IEEE Transactions on Computational Soc,Unified Multimodal Representation Learning With Prototype Calibration for Cross-Subject Few-Sho,include-candidate,include,EEG cross-subject emotion (journal),unified multimodal rep + prototype calibration; few-shot (few labeled target); cross-subject,cross-subject few-shot,no,,
SCR-0535,IEEE/WoS/Scopus/PubMed,10.1109/tcyb.2019.2904052,,2020,IEEE Transactions on Cybernetics,Multisource Transfer Learning for Cross-Subject EEG Emotion Recognition,include-candidate,include,EEG cross-subject emotion (journal),multisource TL (STM); few labeled target (calibration session); cross-subject,cross-subject; transfer (few target labels),no,,
SCR-0536,IEEE/Scopus/PubMed,10.1109/tcyb.2020.2987575,,2021,IEEE Transactions on Cybernetics,Emotion Recognition From Multimodal Physiological Signals Using a Regularized Deep Fusion of Ke,include-candidate,include,EEG cross-subject emotion (journal),regularized deep fusion; LOSO; multimodal physiological; DEAP,subject-independent; LOSO,no,,
SCR-0537,IEEE,10.1109/tcyb.2025.3550191,,2025,IEEE Transactions on Cybernetics,AdamGraph: Adaptive Attention-Modulated Graph Network for EEG Emotion Recognition,include-candidate,include,EEG cross-subject emotion (journal),adaptive attention graph; 3 scenarios (intrasubject cross-trial/cross-session + cross-subject); transfer + pseudo-labels,cross-subject/cross-session/cross-trial; transfer,no,,
SCR-0538,IEEE/WoS/Scopus,10.1109/tetc.2021.3087174,,2022,IEEE Transactions on Emerging Topics i,Graph-Embedded Convolutional Neural Network for Image-Based EEG Emotion Recognition,include-candidate,include,EEG cross-subject emotion (journal),graph-embedded CNN; SD (trial-split) + SI (LOSO / 6-fold subject-grouped); SEED/SDEA,subject-dependent + subject-independent (LOSO),no,,
SCR-0539,IEEE,10.1109/tetci.2023.3306253,,2024,IEEE Transactions on Emerging Topics i,Towards Domain Generalization for ECG and EEG Classification: Algorithms and Benchmarks,unclear-needs-fulltext,unclear-needs-fulltext,ECG+EEG DG benchmark; not emotion-specific,,,,,
SCR-0540,IEEE/WoS/Scopus,10.1109/tetci.2024.3406422,,2025,IEEE Transactions on Emerging Topics i,Comprehensive Multisource Learning Network for Cross-Subject Multimodal Emotion Recognition,include-candidate,include,EEG cross-subject emotion (journal),comprehensive multisource DG (source-only) + DA variant; multimodal EEG+eye; cross-subject,cross-subject; DG/DA (multimodal),no,,
SCR-0541,IEEE/WoS/Scopus,10.1109/tetci.2024.3449926,,2025,IEEE Transactions on Emerging Topics i,Distillation-Based Domain Generalization for Cross-Dataset EEG-Based Emotion Recognition,include-candidate,include,EEG cross-subject emotion (journal),distillation DG; cross-dataset; NO target data (DG); clearly distinguishes DA vs DG,cross-dataset; DG (no target access),no,,clean DG
SCR-0542,IEEE/Scopus,10.1109/tfuzz.2026.3696832,,2026,IEEE Transactions on Fuzzy Systems,Discriminative Knowledge Fuzzy Transfer Learning Guided by Resting-state EEG for Cross-subject ,include-candidate,include,EEG cross-subject emotion (journal),fuzzy transfer learning; uses target resting-state EEG (not tasking); cross-subject,cross-subject; transfer (resting-state guided),no,,
SCR-0543,WoS,10.1109/thms.2019.2904615,,2019,IEEE TRANSACTIONS ON HUMAN-MACHINE SYS,A Context-Supported Deep Learning Framework for Multimodal Brain Imaging Classification,unclear-needs-fulltext,unclear-needs-fulltext,multimodal brain imaging; modality unclear,,,,,
SCR-0544,IEEE/WoS/Scopus,10.1109/thms.2026.3654245,,2026,IEEE Transactions on Human-Machine Sys,GMCDA: Graph-Based Multisource Conditional Distribution Domain Adaptation Network for EEG Recog,include-candidate,include,EEG cross-subject emotion (journal),graph multisource conditional DA; LOSO; unlabeled target; SEED/SEED-IV/DEAP,cross-subject/cross-session; UDA,no,,
SCR-0545,IEEE/WoS/Scopus,10.1109/tii.2022.3217120,,2023,IEEE Transactions on Industrial Inform,Joint EEG Feature Transfer and Semisupervised Cross-Subject Emotion Recognition,include-candidate,include,EEG cross-subject emotion (journal),joint feature transfer + semi-supervised; few target labels; cross-subject,cross-subject; semi-supervised DA,no,,
SCR-0546,IEEE/WoS,10.1109/tii.2025.3636892,,2026,IEEE Transactions on Industrial Inform,Multimodal Feature Interaction and High-Quality Pseudolabel Generation With Self-Training for C,include-candidate,include,EEG cross-subject emotion (journal),,,,,
SCR-0547,IEEE,10.1109/tii.2026.3692209,,2026,IEEE Transactions on Industrial Inform,Multiview Graph Learning for Mental Stress Recognition in Human–Machine Interaction,exclude,off-topic,off-topic: mental-stress recognition,,,,,
SCR-0548,IEEE/WoS,10.1109/tim.2021.3124056,,2021,IEEE Transactions on Instrumentation a,Self-Weighted Semi-Supervised Classification for Joint EEG-Based Emotion Recognition and Affect,include-candidate,include,EEG cross-subject emotion (journal),self-weighted semi-supervised; labeled+unlabeled session; cross-session,cross-session; semi-supervised,no,,
SCR-0549,IEEE/WoS/Scopus,10.1109/tim.2022.3168927,,2022,IEEE Transactions on Instrumentation a,Fusing Frequency-Domain Features and Brain Connectivity Features for Cross-Subject Emotion Reco,include-candidate,include,EEG cross-subject emotion (journal),frequency + connectivity fusion + SVM; LOSO-CV; SEED/BCI2020,subject-independent; LOSO,no,,parameters/features selected via LOSO accuracy (mild optimism)
SCR-0550,IEEE/WoS/Scopus,10.1109/tim.2022.3205894,,2022,IEEE Transactions on Instrumentation a,Normal Inverse Gaussian Features for EEG-Based Automatic Emotion Recognition,include-candidate,include,EEG cross-subject emotion (journal),NIG features + Adaboost; CV param tuning; subject-independent,subject-independent,no,,SI split not fully shown but framed SI
SCR-0551,IEEE/WoS/Scopus,10.1109/tim.2023.3277985,,2023,IEEE Transactions on Instrumentation a,Multisource Associate Domain Adaptation for Cross-Subject and Cross-Session EEG Emotion Recogni,include-candidate,include,EEG cross-subject emotion (journal),multisource associate DA; unlabeled target; cross-subject + cross-session; SEED/DEAP/SEED-IV,cross-subject/cross-session; UDA,no,,
SCR-0552,IEEE/WoS/Scopus,10.1109/tim.2023.3302938,,2023,IEEE Transactions on Instrumentation a,Cross-Subject EEG-Based Emotion Recognition via Semisupervised Multisource Joint Distribution A,include-candidate,include,EEG cross-subject emotion (journal),semi-supervised multisource joint distribution; few labeled + unlabeled target; SEED/SEED-IV,cross-subject; semi-supervised DA,no,,SEED 93.55% uses few target labels (disclosed)
SCR-0553,IEEE/WoS/Scopus,10.1109/tim.2023.3338676,,2024,IEEE Transactions on Instrumentation a,MetaEmotionNet: Spatial–Spectral–Temporal-Based Attention 3-D Dense Network With Meta-Learning ,include-candidate,include,EEG cross-subject emotion (journal),meta-learning 3D dense net; target calibration fine-tune + pseudo-labels; cross-subject,cross-subject; meta-learning (target calibration),no,,
SCR-0554,IEEE/WoS/Scopus,10.1109/tim.2024.3398103,,2024,IEEE Transactions on Instrumentation a,Generalized Contrastive Partial Label Learning for Cross-Subject EEG-Based Emotion Recognition,include-candidate,include,EEG cross-subject emotion (journal),generalized contrastive partial label; reduced target-data dependence; cross-subject,cross-subject; DA/DG,no,,
SCR-0555,IEEE/WoS/Scopus,10.1109/tim.2024.3428607,,2024,IEEE Transactions on Instrumentation a,MECAM: A Novel Multi-Axis EEG Channel Attention Model for Emotion Recognition,include-candidate,include,EEG cross-subject emotion (journal),multi-axis channel attention; SD (70/30 within-subject) + SI + cross-session; SEED/SEED-IV,subject-dependent + subject-independent + cross-session,no,,
SCR-0556,IEEE/WoS/Scopus,10.1109/tim.2025.3533618,,2025,IEEE Transactions on Instrumentation a,Contrastive Learning of EEG Representation of Brain Area for Emotion Recognition,include-candidate,include,EEG cross-subject emotion (journal),contrastive pretrain-finetune (cross-dataset DEAP<->SEED) + within-subject fivefold,cross-dataset + within-subject,no,,
SCR-0557,IEEE/WoS/Scopus,10.1109/tim.2025.3544334,,2025,IEEE Transactions on Instrumentation a,Band-Level Adaptive Fusion Network for Cross-Subject EEG Emotion Recognition,include-candidate,include,EEG cross-subject emotion (journal),band-level adaptive fusion; domain adversarial; LOSO; cross-subject,cross-subject; LOSO/UDA,no,,
SCR-0558,IEEE/WoS/Scopus,10.1109/tim.2025.3551924,,2025,IEEE Transactions on Instrumentation a,Multimodal Semi-Supervised Domain Adaptation Using Cross-Modal Learning and Joint Distribution ,include-candidate,include,EEG cross-subject emotion (journal),multimodal semi-supervised DA; labeled source + limited/unlabeled target; cross-subject,cross-subject; semi-supervised DA (multimodal),no,,
SCR-0559,IEEE/WoS/Scopus,10.1109/tim.2025.3553234,,2025,IEEE Transactions on Instrumentation a,Unsupervised Domain Adaptation With Pseudo-Label Propagation for Cross-Domain EEG Emotion Recog,include-candidate,include,EEG cross-subject emotion (journal),UDA + pseudo-label propagation (DAPLP); unlabeled target; cross-domain,cross-subject; UDA,no,,
SCR-0560,WoS,10.1109/tim.2025.3558792,,2025,IEEE TRANSACTIONS ON INSTRUMENTATION A,A Temporal-Spatial Embedding and Dynamic Aggregation Network With Adaptive Weighting Spectrum f,include-candidate,include,EEG cross-subject emotion (journal),,,,,
SCR-0561,IEEE/WoS/Scopus,10.1109/tim.2026.3670586,,2026,IEEE Transactions on Instrumentation a,MILFNet: Multiple Instance Learning-Based FastSlow Network With Multitask Autoencoder for Cross,include-candidate,include,EEG cross-subject emotion (journal),MIL fast-slow + multitask autoencoder; subject-independent; SEED/SEED-IV,subject-independent,no,,
SCR-0562,IEEE,10.1109/tim.2026.3701192,,2026,IEEE Transactions on Instrumentation a,STRAViT: A Spatial-Temporal Feature-Reshaped Agent Vision Transformer for EEG-based Emotion Rec,include-candidate,include,EEG cross-subject emotion (journal),agent ViT; SD (95.5%) + SI (72.5%); SEED/SEED-IV; DA,subject-dependent + subject-independent; DA,no,,
SCR-0563,IEEE/WoS/Scopus,10.1109/tmm.2021.3124080,,2023,IEEE Transactions on Multimedia,CEAP-360VR: A Continuous Physiological and Behavioral Emotion Annotation Dataset for 360$^\circ,unclear-needs-fulltext,unclear-needs-fulltext,360VR annotation dataset; EEG unclear,,,,,
SCR-0564,IEEE/WoS/Scopus,10.1109/tmm.2024.3385676,,2024,IEEE Transactions on Multimedia,PGCN: Pyramidal Graph Convolutional Network for EEG Emotion Recognition,include-candidate,include,EEG cross-subject emotion (journal),pyramidal graph conv; SD (cross-temporal same subject) + SI (subject-split); 4 datasets,subject-dependent + subject-independent,no,,
SCR-0565,IEEE/WoS,10.1109/tmm.2024.3521793,,2025,IEEE Transactions on Multimedia,Adaptive Knowledge Distillation With Attention-Based Multi-Modal Fusion for Robust Dim Object D,exclude,not-eeg,visual object detection,,,,,
SCR-0566,IEEE,10.1109/tmm.2025.3535344,,2025,IEEE Transactions on Multimedia,DISD-Net: A Dynamic Interactive Network With Self-Distillation for Cross-Subject Multi-Modal Em,include-candidate,include,EEG cross-subject emotion (journal),dynamic interactive self-distillation; LOSO; source-target adversarial; cross-subject multimodal,cross-subject LOSO; UDA (multimodal),no,,
SCR-0567,IEEE,10.1109/tmm.2026.3673551,,2026,IEEE Transactions on Multimedia,Enhancing Generalization for EEG-based Emotion Recognition Models with the Personality Cross-At,include-candidate,include,EEG cross-subject emotion (journal),personality cross-attention; subject-independent (no target access; DG-leaning),subject-independent; DG,no,,
SCR-0568,PubMed/PubMed/PubMed/PubMed/PubMed/PubMed,10.1109/tnnls,26595929,2016,,Brain Dynamics in Predicting Driving Fatigue Using a Recurrent Self-Evolving  Fuzzy Neural Netw,exclude,off-topic,off-topic: driving fatigue,,,,,
SCR-0569,IEEE/WoS/Scopus,10.1109/tnnls.2022.3168935,,2023,IEEE Transactions on Neural Networks a,Frame-Level Teacher–Student Learning With Data Privacy for EEG Emotion Recognition,include-candidate,include,EEG cross-subject emotion (journal),frame-level teacher-student; data privacy; subject-independent,subject-independent,no,,
SCR-0570,IEEE,10.1109/tnnls.2022.3190448,,2024,IEEE Transactions on Neural Networks a,Self-Supervised Learning for Electroencephalography,unclear-needs-fulltext,unclear-needs-fulltext,self-supervised EEG; construct unclear,,,,,
SCR-0571,WoS,10.1109/tnnls.2024.3350085,,2025,IEEE TRANSACTIONS ON NEURAL NETWORKS A,Deep Multiview Module Adaption Transfer Network for Subject-Specific EEG Recognition,unclear-needs-fulltext,unclear-needs-fulltext,subject-specific EEG recognition; construct unclear,,,,,
SCR-0572,IEEE/WoS/Scopus,10.1109/tnnls.2024.3405663,,2025,IEEE Transactions on Neural Networks a,An Efficient Graph Learning System for Emotion Recognition Inspired by the Cognitive Prior Grap,include-candidate,include,EEG cross-subject emotion (journal),cognitive prior GCN; SD (97.44/89.55) + SI (92.72/82.03); SEED/SEED-IV; source-target,subject-dependent + subject-independent; DA,no,,SEED SI 92.72% high-end (transductive)
SCR-0573,IEEE/WoS/Scopus,10.1109/tnnls.2024.3493425,,2025,IEEE Transactions on Neural Networks a,EEGMatch: Learning With Incomplete Labels for Semisupervised EEG-Based Cross-Subject Emotion Re,include-candidate,include,EEG cross-subject emotion (journal),EEGMatch semi-supervised; LOSO; labeled+unlabeled; SEED/SEED-IV/V,cross-subject LOSO; semi-supervised,no,,
SCR-0574,IEEE/WoS/Scopus,10.1109/tnnls.2025.3546283,,2025,IEEE Transactions on Neural Networks a,Neuron Perception Inspired EEG Emotion Recognition With Parallel Contrastive Learning,include-candidate,include,EEG cross-subject emotion (journal),parallel contrastive + multidomain DA; subject-independent; source-target,subject-independent; UDA,no,,
SCR-0575,IEEE/WoS/Scopus,10.1109/tnnls.2025.3552603,,2025,IEEE Transactions on Neural Networks a,EmT: A Novel Transformer for Generalized Cross-Subject EEG Emotion Recognition,include-candidate,include,EEG cross-subject emotion (journal),EmT transformer; generalized subject-independent (test never used in training); LOSO; classification + regression,subject-independent; LOSO (inductive),no,,rigorous inductive (no target in training)
SCR-0576,PubMed/PubMed/PubMed,10.1109/tnsre,35759578,2022,,EEGSym: Overcoming Inter-Subject Variability in Motor Imagery Based BCIs With  Deep Learning.,exclude,off-topic,off-topic: motor imagery,,,,,
SCR-0577,IEEE,10.1109/tnsre.2017.2699784,,2017,IEEE Transactions on Neural Systems an,EEG-Based User Reaction Time Estimation Using Riemannian Geometry Features,exclude,off-topic,off-topic: reaction-time estimation,,,,,
SCR-0578,IEEE,10.1109/tnsre.2018.2842464,,2018,IEEE Transactions on Neural Systems an,Intersession Instability in fNIRS-Based Emotion Recognition,exclude,not-eeg,fNIRS-based emotion,,,,,
SCR-0579,IEEE/WoS,10.1109/tnsre.2021.3059429,,2021,IEEE Transactions on Neural Systems an,Enhancing EEG-Based Classification of Depression Patients Using Spatial Information,exclude,off-topic,off-topic: depression detection,,,,,
SCR-0580,IEEE/WoS/Scopus/PubMed,10.1109/tnsre.2021.3111689,,2021,IEEE Transactions on Neural Systems an,EEGFuseNet: Hybrid Unsupervised Deep Feature Characterization and Fusion for High-Dimensional E,include-candidate,include,EEG cross-subject emotion (journal),EEGFuseNet; LOOCV (leave-one-subject-out) subject-independent; explicitly avoids info leak,subject-independent; LOSO,no,,leakage-aware
SCR-0581,IEEE/WoS/Scopus/PubMed,10.1109/tnsre.2022.3166517,,2022,IEEE Transactions on Neural Systems an,Inference of Brain States Under Anesthesia With Meta Learning Based Deep Learning Models,exclude,off-topic,off-topic: anesthesia brain states,,,,,
SCR-0582,WoS,10.1109/tnsre.2022.3207494,,2022,IEEE TRANSACTIONS ON NEURAL SYSTEMS AN,Multi-Source Decentralized Transfer for Privacy-Preserving BCIs,unclear-needs-fulltext,unclear-needs-fulltext,privacy-preserving BCIs; construct unclear,motor imagery BCI transfer (NOT emotion); unlabeled target; privacy-preserving,motor imagery (off-topic),no,,NOTE full text is motor-imagery classification not emotion - off-topic (fails I1)
SCR-0583,WoS,10.1109/tnsre.2022.3230250,,2023,IEEE TRANSACTIONS ON NEURAL SYSTEMS AN,EEG Conformer: Convolutional Transformer for EEG Decoding and Visualization,unclear-needs-fulltext,unclear-needs-fulltext,EEG Conformer; general decoding,,,,,
SCR-0584,IEEE/WoS,10.1109/tnsre.2022.3233109,,2023,IEEE Transactions on Neural Systems an,Cross-Session Emotion Recognition by Joint Label-Common and Label-Specific EEG Features Explora,include-candidate,include,EEG cross-subject emotion (journal),JCSFE semi-supervised; labeled+unlabeled; label propagation; cross-session,cross-session; semi-supervised,no,,
SCR-0585,IEEE/WoS/Scopus,10.1109/tnsre.2023.3236687,,2023,IEEE Transactions on Neural Systems an,Cross-Subject Emotion Recognition Based on Domain Similarity of EEG Signal Transfer Learning,include-candidate,include,EEG cross-subject emotion (journal),domain similarity transfer (Kendall + MMD); source-target; cross-subject,cross-subject; transfer/DA,no,,
SCR-0586,IEEE/WoS/Scopus,10.1109/tnsre.2024.3355750,,2024,IEEE Transactions on Neural Systems an,Graph Neural Network-Based EEG Classification: A Survey,exclude,non-primary-study,survey (GNN EEG),,,,,
SCR-0587,IEEE/WoS,10.1109/tnsre.2024.3389037,,2024,IEEE Transactions on Neural Systems an,Multi-Scale Masked Autoencoders for Cross-Session Emotion Recognition,include-candidate,include,EEG cross-subject emotion (journal),multi-scale masked AE (SSL); pretrain + fine-tune small target; cross-session,cross-session; SSL + fine-tune,no,,
SCR-0588,Scopus,10.1109/tnsre.2024.3445115,,2024,IEEE Transactions on Neural Systems an,Online Privacy-Preserving EEG Classification by Source-Free Transfer Learning,unclear-needs-fulltext,unclear-needs-fulltext,source-free EEG; construct unclear,,,,,
SCR-0589,IEEE/WoS/Scopus,10.1109/tnsre.2025.3603190,,2025,IEEE Transactions on Neural Systems an,A Progressive Multi-Domain Adaptation Network With Reinforced Self-Constructed Graphs for Cross,include-candidate,include,EEG cross-subject emotion (journal),progressive multi-domain adaptation + reinforced graphs; EEG-CutMix; SEED/SEED-IV; SI 79.95%,subject-independent; UDA,no,,
SCR-0590,IEEE/WoS/Scopus,10.1109/tpami.2023.3257846,,2023,IEEE Transactions on Pattern Analysis ,Brain-Machine Coupled Learning Method for Facial Emotion Recognition,include-candidate,include,EEG cross-subject emotion (journal),,,,,
SCR-0591,IEEE/WoS/Scopus/PubMed,10.1109/tvcg.2026.3680592,,2026,IEEE Transactions on Visualization and,CTFear: A Fear Emotion Intensity Classification Method Based on EEG and Real-Time Labeling in V,include-candidate,include,EEG cross-subject emotion (journal),fear intensity; cross-trial + cross-subject CV; RF; VR EEG,cross-subject + cross-trial,no,,
SCR-0592,WoS/Scopus,10.1111/exsy.13577,,2024,EXPERT SYSTEMS,Effects of feature reduction on emotion recognition using EEG signals and machine learning,include-candidate,include,EEG cross-subject emotion (journal),,,,,
SCR-0593,Scopus,10.11113/jt.v78.8842,,2016,Jurnal Teknologi,Optimization of least squares support vector machine technique using genetic algorithm for elec,include-candidate,include,EEG cross-subject emotion (journal),,,,,
SCR-0594,WoS/Scopus/PubMed,10.1142/s0129065722500058,,2022,INTERNATIONAL JOURNAL OF NEURAL SYSTEM,From Intricacy to Conciseness: A Progressive Transfer Strategy for EEG-Based Cross-Subject Emot,include-candidate,include,EEG cross-subject emotion (journal),,,,,
SCR-0595,WoS/Scopus/PubMed,10.1142/s0129065722500216,,2022,INTERNATIONAL JOURNAL OF NEURAL SYSTEM,Deep Learning Methods for Multi-Channel EEG-Based Emotion Recognition,include-candidate,include,EEG cross-subject emotion (journal),,,,,
SCR-0596,PubMed,10.1142/s0129065722500320,35695914,2022,,Epileptic Seizure Prediction Using Deep Neural Networks Via Transfer Learning  and Multi-Featur,exclude,off-topic,off-topic: seizure prediction,,,,,
SCR-0597,WoS/Scopus/PubMed,10.1142/s0129065722500575,,2023,INTERNATIONAL JOURNAL OF NEURAL SYSTEM,Unraveling the Development of an Algorithm for Recognizing Primary Emotions Through Electroence,include-candidate,include,EEG cross-subject emotion (journal),,,,,
SCR-0598,WoS/Scopus/PubMed,10.1142/s0129065725500418,,2025,INTERNATIONAL JOURNAL OF NEURAL SYSTEM,Interactive EEG Emotion Recognition with Incremental Gaussian Processes,include-candidate,include,EEG cross-subject emotion (journal),incremental Gaussian processes; SD (10-fold) + SI; DEAP/DREAMER,subject-dependent + subject-independent,no,,SI split not fully shown
SCR-0599,WoS/Scopus,10.1142/s0219519423400808,,2023,JOURNAL OF MECHANICS IN MEDICINE AND B,EEG SIGNAL-DRIVEN HUMAN-COMPUTER INTERACTION EMOTION RECOGNITION MODEL USING AN ATTENTIONAL NEU,include-candidate,include,EEG cross-subject emotion (journal),attention neural net; leave-one-subject CV; cross-subject,cross-subject; LOSO,no,,
SCR-0600,WoS/Scopus,10.1142/s0219519425400974,,2025,JOURNAL OF MECHANICS IN MEDICINE AND B,A CNN-TRANSFORMER-BASED BRAIN-COMPUTER INTERFACE MODEL FOR DIGITAL ART THERAPY IN DEPRESSION IN,exclude,off-topic,off-topic: depression/art therapy,,,,,
SCR-0601,WoS/Scopus,10.1142/s0219519426400269,,2026,JOURNAL OF MECHANICS IN MEDICINE AND B,CONLEAD: CONTRASTIVE LEARNING WITH EMBEDDING AND ADAPTIVE DISTANCE FOR EEG-BASED EMOTION RECOGN,include-candidate,include,EEG cross-subject emotion (journal),contrastive learning (CONLEAD); unlabeled EEG; subject-independent; cross-corpus,subject-independent; contrastive/DA,no,,
SCR-0602,WoS/Scopus,10.1142/s0219519426500430,,2026,JOURNAL OF MECHANICS IN MEDICINE AND B,ENHANCING EEG EMOTION RECOGNITION WITH PARALLEL 3D GRAPH CONVOLUTION AND ATTENTION MULTI-SCALE ,include-candidate,include,EEG cross-subject emotion (journal),,,,,
SCR-0603,WoS/Scopus,10.1145/3152128,,2018,ACM TRANSACTIONS ON MULTIMEDIA COMPUTI,Implicit Emotion Communication: EEG Classification and Haptic Feedback,include-candidate,include,EEG cross-subject emotion (journal),,,,,
SCR-0604,WoS/Scopus,10.1145/3583885,,2024,ACM TRANSACTIONS ON MULTIMEDIA COMPUTI,Unsupervised Domain Adaptation by Causal Learning for Biometric Signal-based HCI,unclear-needs-fulltext,unclear-needs-fulltext,biometric-signal HCI; construct unclear,,,,,
SCR-0605,WoS/Scopus,10.1145/3666002,,2024,ACM COMPUTING SURVEYS,Research Progress of EEG-Based Emotion Recognition: A Survey,exclude,non-primary-study,survey,,,,,
SCR-0606,WoS/Scopus,10.1145/3786588,,2026,ACM TRANSACTIONS ON ASIAN AND LOW-RESO,MSDA-Net: Multi-source Domain Adaptive Network for Multi-modal Emotion Recognition,include-candidate,include,EEG cross-subject emotion (journal),multi-source DA (multimodal MER); unlabeled target + pseudo-labels; cross-subject/session,cross-subject/cross-session; UDA (multimodal),no,,
SCR-0607,WoS/PubMed,10.1155/2013/618649,,2013,SCIENTIFIC WORLD JOURNAL,Real-Time EEG-Based Happiness Detection System,include-candidate,include,EEG cross-subject emotion (journal),,,,,
SCR-0608,WoS/Scopus,10.1155/2018/6740846,,2018,COMPLEXITY,Factor Analysis for Finding Invariant Neural Descriptors of Human Emotions,include-candidate,include,EEG cross-subject emotion (journal),,,,,
SCR-0609,WoS,10.1155/2020/2909267,,2020,COMPUTATIONAL INTELLIGENCE AND NEUROSC,Eye-Tracking Analysis for Emotion Recognition,exclude,not-eeg,eye-tracking only,,,,,
SCR-0610,PubMed,10.1155/2020/5046315,32831900,2020,,An Automatic Epilepsy Detection Method Based on Improved Inductive Transfer  Learning.,exclude,off-topic,off-topic: epilepsy detection,,,,,
SCR-0611,WoS,10.1155/2024/6091523,,2024,APPLIED COMPUTATIONAL INTELLIGENCE AND,EEG-Based Emotion Recognition Datasets for Virtual Environments: A Survey,exclude,non-primary-study,survey (datasets),,,,,
SCR-0612,WoS/Scopus,10.1155/int/9618884,,2024,INTERNATIONAL JOURNAL OF INTELLIGENT S,Mind to Music: An EEG Signal-Driven Real-Time Emotional Music Generation System,unclear-needs-fulltext,unclear-needs-fulltext,emotional music generation system; verify recognition,,,,,
SCR-0613,WoS/Scopus,10.1166/jmihi.2015.1490,,2015,JOURNAL OF MEDICAL IMAGING AND HEALTH ,Subject-Dependent and Subject-Independent Emotion Classification Using Unimodal and Multimodal ,include-candidate,include,EEG cross-subject emotion (journal),,,,,
SCR-0614,WoS,10.1166/jmihi.2021.3340,,2021,JOURNAL OF MEDICAL IMAGING AND HEALTH ,Design and Implementation of Human-Computer Interaction Systems Based on Transfer Support Vecto,unclear-needs-fulltext,unclear-needs-fulltext,HCI transfer SVM; construct unclear,,,,,
SCR-0615,WoS/Scopus/PubMed,10.1177/15500594251364017,,2026,CLINICAL EEG AND NEUROSCIENCE,BiLSTM-Based Human Emotion Classification Using EEG Signal,include-candidate,include,EEG cross-subject emotion (journal),,,,,
SCR-0616,WoS/Scopus,10.1177/15500594251366792,,2025,CLINICAL EEG AND NEUROSCIENCE,Advanced Facial Expression Recognition Using Model Averaging Ensembles of Convolutional Neural ,exclude,not-eeg,facial-expression only,,,,,
SCR-0617,WoS/Scopus/PubMed,10.1186/s12911-017-0562-x,,2017,BMC MEDICAL INFORMATICS AND DECISION M,Subject-independent emotion recognition based on physiological signals: a three-stage decision ,include-candidate,include,EEG cross-subject emotion (journal),,,,,
SCR-0618,Scopus,10.1186/s12911-022-02042-x,,2022,BMC Medical Informatics and Decision M,Detection of K-complexes in EEG waveform images using faster R-CNN and deep transfer learning,exclude,off-topic,off-topic: K-complex sleep detection,,,,,
SCR-0619,WoS/Scopus,10.1186/s40708-024-00220-3,,2024,BRAIN INFORMATICS,Cross subject emotion identification from multichannel EEG sub-bands using Tsallis entropy feat,include-candidate,include,EEG cross-subject emotion (journal),,,,,
SCR-0620,WoS/Scopus,10.1186/s40708-024-00242-x,,2024,BRAIN INFORMATICS,A temporal-spectral graph convolutional neural network model for EEG emotion recognition within,include-candidate,include,EEG cross-subject emotion (journal),,,,,
SCR-0621,WoS/Scopus,10.1186/s40708-024-00245-8,,2024,BRAIN INFORMATICS,Enhancing cross-subject emotion recognition precision through unimodal EEG: a novel emotion pre,include-candidate,include,EEG cross-subject emotion (journal),,,,,
SCR-0622,WoS/Scopus,10.11999/jeit250424,,2026,JOURNAL OF ELECTRONICS \& INFORMATION ,Bimodal Emotion Recognition Method Based on Dual-stream Attention and Adversarial Mutual Recons,exclude,non-english,Chinese-language journal,,,,,
SCR-0623,Scopus,10.12263/dzxb.20250486,,2025,Tien Tzu Hsueh Pao/Acta Electronica Si,Reconstructed Transfer Subspace Based Multi-View Domain Adaptation Method for Electroencephalog,exclude,non-english,Chinese-language journal (Acta Electronica Sinica),,,,,
SCR-0624,Scopus/PubMed,10.1371/journal.pone.0056624,,2013,PLoS ONE,Collaborative Filtering for Brain-Computer Interaction Using Transfer Learning and Active Class,unclear-needs-fulltext,unclear-needs-fulltext,BCI collaborative filtering; construct unclear,,,,,
SCR-0625,WoS/Scopus/PubMed,10.1371/journal.pone.0253383,,2021,PLOS ONE,Automatic subject-specific spatiotemporal feature selection for subject-independent affective B,include-candidate,include,EEG cross-subject emotion (journal),,,,,
SCR-0626,WoS/Scopus/PubMed,10.1371/journal.pone.0274203,,2022,PLOS ONE,Emotion recognition while applying cosmetic cream using deep learning from EEG data; cross-subj,include-candidate,include,EEG cross-subject emotion (journal),,,,,
SCR-0627,WoS/Scopus/PubMed,10.1371/journal.pone.0322583,,2025,PLOS ONE,Research on emotion recognition using sparse EEG channels and cross-subject modeling based on C,include-candidate,include,EEG cross-subject emotion (journal),,,,,
SCR-0628,Scopus,10.14445/23488549/ijece-v13i4p109,,2026,SSRG International Journal of Electron,EvoCausal-PhysioNet: Lifelong Physiological Signal Recognition with Continual Causal Graph-Tran,unclear-needs-fulltext,unclear-needs-fulltext,lifelong physiological recognition; construct unclear,,,,,
SCR-0629,WoS/Scopus,10.1504/ijbet.2026.154168,,2026,INTERNATIONAL JOURNAL OF BIOMEDICAL EN,"Real-time emotion detection from integrating electroencephalography, facial expressions and spe",include-candidate,include,EEG cross-subject emotion (journal),,,,,
SCR-0630,IEEE/WoS/WoS/Scopus,10.1631/fitee.2100489,,2022,Frontiers of Information Technology & ,A Personality-Guided Affective Brain–Computer Interface for Implementation of Emotional Intelli,include-candidate,include,EEG cross-subject emotion (journal),personality-guided affective BCI; LOSO (prefers over k-fold); subject-independent,subject-independent; LOSO,no,,
SCR-0631,Scopus,10.18178/ijmlc.2017.7.4.625,,2017,International Journal of Machine Learn,Passive EEG-based emotional state cognition using subject-independent feature extraction,include-candidate,include,EEG cross-subject emotion (journal),,,,,
SCR-0632,Scopus,10.18502/fbt.v10i1.11512,,2023,Frontiers in Biomedical Technologies,Emotion Recognition Using Continuous Wavelet Transform and Ensemble of Convolutional Neural Net,include-candidate,include,EEG cross-subject emotion (journal),CWT + ensemble CNN; 10-fold CV on DEAP scalograms (no subject split),not stated (10-fold CV),unclear,subject-mixed-kfold,10-fold CV on DEAP scalogram images with no subject-level split; likely subject/trial-mixed
SCR-0633,Scopus,10.22266/ijies2024.0229.71,,2024,International Journal of Intelligent E,EEG-Based Emotion Classification: A Biologically Informed Channel Selection Approach,include-candidate,include,EEG cross-subject emotion (journal),,,,,
SCR-0634,WoS/Scopus,10.2298/csis250215053w,,2025,COMPUTER SCIENCE AND INFORMATION SYSTE,A spatio-temporal Graph Neural Network for EEG Emotion Recognition Based on Regional and Global,include-candidate,include,EEG cross-subject emotion (journal),,,,,
SCR-0635,WoS/Scopus,10.24425/mms.2022.140030,,2022,METROLOGY AND MEASUREMENT SYSTEMS,TRANSITION OF EMOTIONS FROM THE NEGATIVELY EXCITED STATE TO POSITIVE UNEXCITED STATE: AN ERP PE,unclear-needs-fulltext,unclear-needs-fulltext,ERP emotion-transition; recognition metric unclear,,,,,
SCR-0636,WoS/Scopus/PubMed,10.31083/j.jin2301018,,2024,JOURNAL OF INTEGRATIVE NEUROSCIENCE,Fusion of Multi-domain EEG Signatures Improves Emotion Recognition,include-candidate,include,EEG cross-subject emotion (journal),multi-domain feature fusion + SVM; LOSO (explicitly avoids segment-mixing leakage),cross-subject; LOSO,no,,leakage-aware
SCR-0637,WoS/Scopus/PubMed,10.31083/jin41547,,2025,JOURNAL OF INTEGRATIVE NEUROSCIENCE,EEG-ERnet: Emotion Recognition based on Rhythmic EEG Convolutional Neural Network Model,include-candidate,include,EEG cross-subject emotion (journal),,,,,
SCR-0638,WoS/Scopus/PubMed,10.31083/jin44121,,2025,JOURNAL OF INTEGRATIVE NEUROSCIENCE,A Multi-Teacher Distilling Framework With Data Privacy for EEG Emotion Recognition,include-candidate,include,EEG cross-subject emotion (journal),multi-teacher KD; data privacy; subject-independent,subject-independent,no,,
SCR-0639,WoS/PubMed,10.3233/thc-174739,,2018,TECHNOLOGY AND HEALTH CARE,Multi-subject subspace alignment for non-stationary EEG-based emotion recognition,include-candidate,include,EEG cross-subject emotion (journal),multi-subject subspace alignment; source-target; cross-subject; SVM,cross-subject; DA (subspace),no,,
SCR-0640,WoS/Scopus,10.32598/bcn.2021.3133.1,,2023,BASIC AND CLINICAL NEUROSCIENCE,A Hybrid EEG-based Emotion Recognition Approach Using Wavelet Convolutional Neural Networks and,include-candidate,include,EEG cross-subject emotion (journal),,,,,
SCR-0641,WoS/Scopus,10.32604/cmc.2025.066702,,2025,CMC-COMPUTERS MATERIALS \& CONTINUA,EEG Scalogram Analysis in Emotion Recognition: A Swin Transformer and TCN-Based Approach,include-candidate,include,EEG cross-subject emotion (journal),,,,,
SCR-0642,WoS/Scopus,10.3389/fnbot.2017.00019,,2017,FRONTIERS IN NEUROROBOTICS,Cross-Subject EEG Feature Selection for Emotion Recognition Using Transfer Recursive Feature El,include-candidate,include,EEG cross-subject emotion (journal),,,,,
SCR-0643,WoS/Scopus,10.3389/fnbot.2024.1481746,,2025,FRONTIERS IN NEUROROBOTICS,Directional Spatial and Spectral Attention Network (DSSA Net) for EEG-based emotion recognition,include-candidate,include,EEG cross-subject emotion (journal),directional spatial-spectral attention; SD + SI (LOSO); SEED/SEED-IV/DEAP; SI SEED 87%,subject-dependent + subject-independent (LOSO),no,,SEED SI 87% high-end but LOSO stated
SCR-0644,WoS/Scopus,10.3389/fncom.2019.00053,,2019,FRONTIERS IN COMPUTATIONAL NEUROSCIENC,Multi-method Fusion of Cross-Subject Emotion Recognition Based on High-Dimensional EEG Features,include-candidate,include,EEG cross-subject emotion (journal),,,,,
SCR-0645,WoS/Scopus,10.3389/fncom.2021.741086,,2022,FRONTIERS IN COMPUTATIONAL NEUROSCIENC,Emotion Recognition Based on Dynamic Energy Features Using a Bi-LSTM Network,include-candidate,include,EEG cross-subject emotion (journal),dynamic energy Bi-LSTM; LOSO + 10-fold CV (both reported); SEED/DEAP,LOSO + 10-fold,no,,10-fold arm subject-mixed but reported alongside LOSO
SCR-0646,WoS/Scopus,10.3389/fncom.2022.909553,,2022,FRONTIERS IN COMPUTATIONAL NEUROSCIENC,A P300-Detection Method Based on Logistic Regression and a Convolutional Neural Network,exclude,off-topic,off-topic: P300 detection,,,,,
SCR-0647,WoS/Scopus,10.3389/fncom.2024.1416494,,2024,FRONTIERS IN COMPUTATIONAL NEUROSCIENC,EEG-based emotion recognition using graph convolutional neural network with dual attention mech,include-candidate,include,EEG cross-subject emotion (journal),DAMGCN dual attention; SD (ten-fold + leave-one-trial-out; 99.42%) + SI; SEED/SEED-IV,subject-dependent + subject-independent,no,,SD 99.42% near-ceiling but labelled SD (leave-one-trial-out)
SCR-0648,WoS/Scopus,10.3389/fncom.2025.1589247,,2025,FRONTIERS IN COMPUTATIONAL NEUROSCIENC,CNN-BiLSTM and DC-IGN fusion model and piecewise exponential attenuation optimization: an innov,include-candidate,include,EEG cross-subject emotion (journal),CNN-BiLSTM + DC-IGN; stratified subject-independent 5-fold (mutually exclusive subjects); leakage-aware,subject-independent; subject-disjoint 5-fold,no,,leakage-aware (subject-disjoint folds)
SCR-0649,WoS/Scopus,10.3389/fnhum.2017.00334,,2017,FRONTIERS IN HUMAN NEUROSCIENCE,Improving EEG-Based Emotion Classification Using Conditional Transfer Learning,include-candidate,include,EEG cross-subject emotion (journal),conditional transfer learning; little target calibration; cross-subject,cross-subject; transfer (target calibration),no,,
SCR-0650,WoS,10.3389/fnhum.2019.00054,,2019,FRONTIERS IN HUMAN NEUROSCIENCE,Linking Emotional Reactivity Between Laboratory Tasks and Immersive Environments Using Behavior,unclear-needs-fulltext,unclear-needs-fulltext,emotional reactivity (behavioral); EEG unclear,,,,,
SCR-0651,WoS/Scopus,10.3389/fnhum.2020.605246,,2021,FRONTIERS IN HUMAN NEUROSCIENCE,Two-Level Domain Adaptation Neural Network for EEG-Based Emotion Recognition,include-candidate,include,EEG cross-subject emotion (journal),two-level DA (DANN + TPT + MMD); source-target; cross-subject,cross-subject; UDA,no,,
SCR-0652,WoS/Scopus,10.3389/fnhum.2021.621493,,2021,FRONTIERS IN HUMAN NEUROSCIENCE,MindLink-Eumpy: An Open-Source Python Toolbox for Multimodal Emotion Recognition,include-candidate,include,EEG cross-subject emotion (journal),MindLink-Eumpy toolbox; SD (SVM) + SI (LSTM); DEAP; multimodal EEG+facial,subject-dependent + subject-independent,no,,open-source toolbox paper; reports SD/SI recognition
SCR-0653,WoS,10.3389/fnhum.2022.1051463,,2022,FRONTIERS IN HUMAN NEUROSCIENCE,Decoding the neural signatures of valence and arousal from portable EEG headset,include-candidate,include,EEG cross-subject emotion (journal),portable EEG; LOSO + 10-fold CV (~66%; both reported); RF regression 80:20 shuffled,subject-independent LOSO + 10-fold,no,,LOSO and 10-fold both ~66% (realistic; transparent)
SCR-0654,WoS/Scopus,10.3389/fnhum.2022.921346,,2022,FRONTIERS IN HUMAN NEUROSCIENCE,Multi-source joint domain adaptation for cross-subject and cross-session emotion recognition fr,include-candidate,include,EEG cross-subject emotion (journal),multi-source joint DA; unlabeled target; cross-subject + cross-session; SEED,cross-subject/cross-session; UDA,no,,
SCR-0655,WoS/Scopus,10.3389/fnhum.2022.936393,,2022,FRONTIERS IN HUMAN NEUROSCIENCE,A Spherical Phase Space Partitioning Based Symbolic Time Series Analysis (SPSP-STSA) for Emotio,include-candidate,include,EEG cross-subject emotion (journal),spherical phase-space symbolic TSA; LOSO; subject-independent,subject-independent; LOSO,no,,
SCR-0656,WoS/Scopus,10.3389/fnhum.2023.1132254,,2023,FRONTIERS IN HUMAN NEUROSCIENCE,SSTM-IS: simplified STM method based on instance selection for real-time EEG emotion recognitio,include-candidate,include,EEG cross-subject emotion (journal),simplified STM + instance selection; small labeled target; cross-subject,cross-subject; transfer (few target labels),no,,
SCR-0657,WoS/Scopus,10.3389/fnhum.2023.1169949,,2023,FRONTIERS IN HUMAN NEUROSCIENCE,STGATE: Spatial-temporal graph attention network with a transformer encoder for EEG-based emoti,include-candidate,include,EEG cross-subject emotion (journal),spatial-temporal graph attention + transformer; LOSO; SEED/DREAMER; transductive adjacency,cross-subject; LOSO,no,,
SCR-0658,WoS/Scopus,10.3389/fnhum.2023.1280241,,2023,FRONTIERS IN HUMAN NEUROSCIENCE,Hybrid transfer learning strategy for cross-subject EEG emotion recognition,include-candidate,include,EEG cross-subject emotion (journal),hybrid TL (DFF-Net); DA + few-shot fine-tune target; cross-subject,cross-subject; DA + fine-tune,no,,
SCR-0659,WoS,10.3389/fnhum.2024.1421922,,2024,FRONTIERS IN HUMAN NEUROSCIENCE,Harnessing Few-Shot Learning for EEG signal classification: a survey of state-of-the-art techni,exclude,non-primary-study,survey (few-shot),,,,,
SCR-0660,WoS/Scopus,10.3389/fnhum.2024.1464431,,2024,FRONTIERS IN HUMAN NEUROSCIENCE,Multi-source domain adaptation for EEG emotion recognition based on inter-domain sample hybridi,include-candidate,include,EEG cross-subject emotion (journal),multi-source DA + inter-domain sample hybridization; unlabeled target; cross-subject/session,cross-subject/cross-session; UDA,no,,
SCR-0661,WoS/Scopus,10.3389/fnhum.2024.1471634,,2024,FRONTIERS IN HUMAN NEUROSCIENCE,Domain adaptation spatial feature perception neural network for cross-subject EEG emotion recog,include-candidate,include,EEG cross-subject emotion (journal),DA spatial feature perception; source-target + fine-tune; cross-subject,cross-subject; DA/fine-tune,no,,
SCR-0662,WoS/Scopus,10.3389/fnhum.2025.1445763,,2025,FRONTIERS IN HUMAN NEUROSCIENCE,Cross-subject affective analysis based on dynamic brain functional networks,include-candidate,include,EEG cross-subject emotion (journal),dynamic brain functional networks; SD (trial-indep) + SI (LOSO) + subject-and-trial-indep; DEAP,subject-independent (LOSO) + trial-independent,no,,leakage-aware (trial-independent)
SCR-0663,WoS/Scopus,10.3389/fnhum.2026.1723907,,2026,FRONTIERS IN HUMAN NEUROSCIENCE,DSP-MCF: dual stream pre-training and multi-view consistency fine-tuning for cross-subject EEG ,include-candidate,include,EEG cross-subject emotion (journal),dual stream pretrain + multi-view consistency finetune; domain generalization (target concealed); cross-subject,cross-subject; DG (no target access),no,,clean DG
SCR-0664,WoS/Scopus,10.3389/fnins.2018.00162,,2018,FRONTIERS IN NEUROSCIENCE,Exploring EEG Features in Cross-Subject Emotion Recognition,include-candidate,include,EEG cross-subject emotion (journal),LOSO cross-subject (disjoint); feature selection on training set only (leakage-aware); DEAP 59% / SEED 83%,cross-subject; LOSO,no,,full text via Frontiers; feature selection only on training set
SCR-0665,WoS/Scopus,10.3389/fnins.2020.00087,,2020,FRONTIERS IN NEUROSCIENCE,Latent Factor Decoding of Multi-Channel EEG for Emotion Recognition Through Autoencoder-Like Ne,include-candidate,include,EEG cross-subject emotion (journal),latent factor autoencoder decoding; leave-one-subject-out; DEAP,subject-independent; LOSO,no,,
SCR-0666,WoS/Scopus,10.3389/fnins.2021.611653,,2021,FRONTIERS IN NEUROSCIENCE,Cross-Subject EEG Emotion Recognition With Self-Organized Graph Neural Network,include-candidate,include,EEG cross-subject emotion (journal),self-organized GNN; LOSO; SEED; cross-subject,cross-subject; LOSO,no,,
SCR-0667,WoS/Scopus,10.3389/fnins.2021.626277,,2021,FRONTIERS IN NEUROSCIENCE,Cross-Subject EEG-Based Emotion Recognition Through Neural Networks With Stratified Normalizati,include-candidate,include,EEG cross-subject emotion (journal),stratified (per-subject) normalization; LOSO; DEAP/SEED (PDF match uncertain),subject-independent; stratified normalization,unclear,preprocessing-or-selection-unclear,matched PDF text mismatched (shows a CapsNet paper); stratified per-subject normalization may use test-subject stats (transductive normalization) - verify
SCR-0668,WoS/Scopus,10.3389/fnins.2021.677106,,2021,FRONTIERS IN NEUROSCIENCE,Multi-Source Co-adaptation for EEG-Based Emotion Recognition by Mining Correlation Information,include-candidate,include,EEG cross-subject emotion (journal),multi-source co-adaptation (correlation mining); source-target; unlabeled target; cross-subject,cross-subject; UDA,no,,
SCR-0669,WoS,10.3389/fnins.2021.719869,,2021,FRONTIERS IN NEUROSCIENCE,Relaxation Degree Analysis Using Frontal Electroencephalogram Under Virtual Reality Relaxation ,unclear-needs-fulltext,unclear-needs-fulltext,relaxation degree; borderline affective,,,,,
SCR-0670,WoS/Scopus,10.3389/fnins.2021.778488,,2021,FRONTIERS IN NEUROSCIENCE,MS-MDA: Multisource Marginal Distribution Adaptation for Cross-Subject and Cross-Session EEG Em,include-candidate,include,EEG cross-subject emotion (journal),MS-MDA multisource UDA; LOSO cross-subject + leave-one-session-out; unlabeled target; SEED cross-subj 89.63% / SEED-IV 59.34%,cross-subject/cross-session; UDA,no,,full text via Frontiers
SCR-0671,WoS,10.3389/fnins.2022.1044631,,2022,FRONTIERS IN NEUROSCIENCE,Dual attentive fusion for EEG-based brain-computer interfaces,unclear-needs-fulltext,unclear-needs-fulltext,dual attentive EEG BCIs; construct unclear,,,,,
SCR-0672,Scopus,10.3389/fnins.2022.801666,,2022,Frontiers in Neuroscience,Learning New Vocabulary Implicitly During Sleep Transfers With Cross-Modal Generalization Into ,exclude,off-topic,off-topic: sleep vocabulary learning,,,,,
SCR-0673,WoS/Scopus,10.3389/fnins.2022.850906,,2022,FRONTIERS IN NEUROSCIENCE,Robust Latent Multi-Source Adaptation for Encephalogram-Based Emotion Recognition,include-candidate,include,EEG cross-subject emotion (journal),robust latent multi-source adaptation; shared subspaces; cross-subject,cross-subject; DA,no,,
SCR-0674,WoS/Scopus,10.3389/fnins.2022.865201,,2022,FRONTIERS IN NEUROSCIENCE,Not All Electrode Channels Are Needed: Knowledge Transfer From Only Stimulated Brain Regions fo,include-candidate,include,EEG cross-subject emotion (journal),knowledge transfer (STM) from stimulated regions; source-target; channel selection; cross-subject,cross-subject; transfer,no,,
SCR-0675,WoS/Scopus,10.3389/fnins.2022.878146,,2022,FRONTIERS IN NEUROSCIENCE,Electroencephalograph-Based Emotion Recognition Using Brain Connectivity Feature and Domain Ada,include-candidate,include,EEG cross-subject emotion (journal),brain connectivity + DA-RCNN; SD (95.15%) + SI (88.28%) valence binary; DEAP,subject-dependent + subject-independent; DA,unclear,subject-mixed-kfold,DEAP SI 88.28% (binary) high; verify SI uses subject-disjoint split (text ambiguous re trials vs subjects)
SCR-0676,WoS/Scopus,10.3389/fnins.2023.1213099,,2023,FRONTIERS IN NEUROSCIENCE,Local domain generalization with low-rank constraint for EEG-based emotion recognition,include-candidate,include,EEG cross-subject emotion (journal),local domain generalization + low-rank; cross-subject within-dataset + cross-dataset within-session; 5-fold; DEAP/SEED,cross-subject; DG,no,,
SCR-0677,WoS/Scopus,10.3389/fnins.2023.1247082,,2023,FRONTIERS IN NEUROSCIENCE,Possibilistic distribution distance metric: a robust domain adaptation learning method,include-candidate,include,EEG cross-subject emotion (journal),possibilistic distribution distance DA; label propagation + MMD; source-target,cross-subject; DA,no,,
SCR-0678,WoS,10.3389/fnins.2023.1288580,,2023,FRONTIERS IN NEUROSCIENCE,Cross-subject emotion EEG signal recognition based on source microstate analysis,include-candidate,include,EEG cross-subject emotion (journal),source microstate + style transfer mapping; source(train)-target(test); cross-subject,cross-subject; transfer,no,,
SCR-0679,WoS/Scopus,10.3389/fnins.2024.1293962,,2024,FRONTIERS IN NEUROSCIENCE,MISNet: multi-source information-shared EEG emotion recognition network with two-stream structu,include-candidate,include,EEG cross-subject emotion (journal),MISNet multi-source info-shared UDA; unlabeled target; subject-independent,subject-independent; UDA,no,,
SCR-0680,WoS/Scopus,10.3389/fnins.2024.1458815,,2024,FRONTIERS IN NEUROSCIENCE,Discriminative possibilistic clustering promoting cross-domain emotion recognition,include-candidate,include,EEG cross-subject emotion (journal),discriminative possibilistic clustering DA; MMD; source-target,cross-subject; DA,no,,
SCR-0681,WoS,10.3389/fnins.2025.1512799,,2025,FRONTIERS IN NEUROSCIENCE,Emotion recognition based on multimodal physiological electrical signals,include-candidate,include,EEG cross-subject emotion (journal),multimodal physiological; cross-validation (subject split unclear),not clearly stated,unclear,preprocessing-or-selection-unclear,protocol vague; subject-level separation not evidenced in extracted text
SCR-0682,WoS/Scopus,10.3389/fnins.2025.1592070,,2025,FRONTIERS IN NEUROSCIENCE,Domain adaptive deep possibilistic clustering for EEG-based emotion recognition,include-candidate,include,EEG cross-subject emotion (journal),domain adaptive deep possibilistic clustering; pseudo-labels + memory bank; unlabeled target; cross-subject/session,cross-subject/cross-session; UDA,no,,
SCR-0683,WoS/Scopus,10.3389/fnins.2025.1704476,,2025,FRONTIERS IN NEUROSCIENCE,RS-STGCN: Regional-Synergy Spatio-Temporal Graph Convolutional Network for emotion recognition,include-candidate,include,EEG cross-subject emotion (journal),regional-synergy STGCN; strict LOSO; SEED/SEED-IV; only compares same-protocol baselines,subject-independent; LOSO (strict),no,,leakage-aware (strict LOSO)
SCR-0684,WoS/Scopus,10.3389/fnins.2026.1665145,,2026,FRONTIERS IN NEUROSCIENCE,MSGM: a multi-scale spatiotemporal graph Mamba for EEG emotion recognition,include-candidate,include,EEG cross-subject emotion (journal),multi-scale spatiotemporal graph Mamba; rigorous k-fold/LOSO (prevents leakage); SEED/DEAP/FACED,subject-independent; LOSO,no,,leakage-aware (15-fold LOSO)
SCR-0685,WoS,10.3389/fnins.2026.1835552,,2026,FRONTIERS IN NEUROSCIENCE,Emotion recognition based on the temporal patterns of electroencephalogram signals and electrod,include-candidate,include,EEG cross-subject emotion (journal),,,,,
SCR-0686,WoS/Scopus,10.3389/fpsyg.2021.721266,,2021,FRONTIERS IN PSYCHOLOGY,A Domain Adaptation Sparse Representation Classifier for Cross-Domain Electroencephalogram-Base,include-candidate,include,EEG cross-subject emotion (journal),DA sparse representation classifier; affine mapping; unlabeled target; cross-subject/session,cross-subject/cross-session; DA,no,,
SCR-0687,WoS/Scopus,10.3389/fpsyg.2021.809459,,2022,FRONTIERS IN PSYCHOLOGY,Multi-Source and Multi-Representation Adaptation for Cross-Domain Electroencephalography Emotio,include-candidate,include,EEG cross-subject emotion (journal),multi-source multi-representation adaptation; last subject/session as target; cross-subject + cross-session,cross-subject/cross-session; UDA,no,,
SCR-0688,WoS/Scopus,10.3389/fpsyg.2022.833007,,2022,FRONTIERS IN PSYCHOLOGY,Cross-Modal Transfer Learning From EEG to Functional Near-Infrared Spectroscopy for Classificat,unclear-needs-fulltext,unclear-needs-fulltext,EEG->fNIRS transfer; construct unclear,,,,,
SCR-0689,WoS/Scopus,10.3389/fpsyg.2022.864047,,2022,FRONTIERS IN PSYCHOLOGY,Using Facial Micro-Expressions in Combination With EEG and Physiological Signals for Emotion Re,include-candidate,include,EEG cross-subject emotion (journal),facial + EEG + physio; SD + SI + cross-subject; DEAP + own,subject-dependent + subject-independent + cross-subject,no,,
SCR-0690,WoS/Scopus,10.3389/fpsyg.2022.899983,,2022,FRONTIERS IN PSYCHOLOGY,Transfer Discriminative Dictionary Pair Learning Approach for Across-Subject EEG Emotion Classi,include-candidate,include,EEG cross-subject emotion (journal),transfer discriminative dictionary pair; source-target; target calibration; cross-subject,cross-subject; transfer,no,,
SCR-0691,WoS/Scopus,10.3389/fpsyg.2023.1217178,,2023,FRONTIERS IN PSYCHOLOGY,Identifying relevant asymmetry features of EEG for emotion processing,include-candidate,include,EEG cross-subject emotion (journal),asymmetry features; leave-one-group-out (subject-disjoint) CV; logistic regression; 15 subjects,subject-independent; LOSO/LOGO,no,,leakage-aware (no subject in both train/test)
SCR-0692,WoS/Scopus,10.3389/fpsyt.2021.837149,,2022,FRONTIERS IN PSYCHIATRY,Depression Assessment Method: An EEG Emotion Recognition Framework Based on Spatiotemporal Neur,include-candidate,include,EEG cross-subject emotion (journal),,,,,
SCR-0693,WoS/Scopus,10.3389/fpsyt.2025.1494369,,2025,FRONTIERS IN PSYCHIATRY,Identifying relevant EEG channels for subject-independent emotion recognition using attention n,include-candidate,include,EEG cross-subject emotion (journal),channel relevance for subject-independent; different individuals train/test; attention,subject-independent,no,,
SCR-0694,WoS/Scopus,10.3389/fpsyt.2025.1633860,,2025,FRONTIERS IN PSYCHIATRY,DGAT: a dynamic graph attention neural network framework for EEG emotion recognition,include-candidate,include,EEG cross-subject emotion (journal),DGAT dynamic graph attention; SD (5-fold within-subject) + SI (subject-split); SEED/DEAP,subject-dependent + subject-independent,no,,
SCR-0695,WoS/Scopus,10.3390/a18100664,,2025,ALGORITHMS,GMHCA-MCBILSTM: A Gated Multi-Head Cross-Modal Attention-Based Network for Emotion Recognition ,include-candidate,include,EEG cross-subject emotion (journal),,,,,
SCR-0696,WoS,10.3390/ai6110288,,2025,AI,Understanding What the Brain Sees: Semantic Recognition from EEG Responses to Visual Stimuli Us,exclude,off-topic,off-topic: visual semantic decoding,,,,,
SCR-0697,WoS/Scopus,10.3390/app11020674,,2021,APPLIED SCIENCES-BASEL,A Novel Approach to EEG Speech Activity Detection with Visual Stimuli and Mobile BCI,exclude,off-topic,off-topic: speech-activity detection,,,,,
SCR-0698,WoS,10.3390/app11094131,,2021,APPLIED SCIENCES-BASEL,Emotion Recognition: An Evaluation of ERP Features Acquired from Frontal EEG Electrodes,include-candidate,include,EEG cross-subject emotion (journal),,,,,
SCR-0699,WoS/Scopus,10.3390/app132312832,,2023,APPLIED SCIENCES-BASEL,A Fusion Framework for Confusion Analysis in Learning Based on EEG Signals,exclude,off-topic,off-topic: confusion analysis,,,,,
SCR-0700,WoS,10.3390/bdcc9110280,,2025,BIG DATA AND COGNITIVE COMPUTING,Cross-Dataset Emotion Valence Prediction Approach from 4-Channel EEG: CNN Model and Multi-Modal,include-candidate,include,EEG cross-subject emotion (journal),4-channel valence; random 80/10/10 + LOSO-CV (123-participant dataset); cross-dataset,subject-independent LOSO + random split,no,,LOSO present alongside random split
SCR-0701,WoS/Scopus,10.3390/bioengineering10010054,,2023,BIOENGINEERING-BASEL,A Novel Baseline Removal Paradigm for Subject-Independent Features in Emotion Classification Us,include-candidate,include,EEG cross-subject emotion (journal),,,,,
SCR-0702,WoS/Scopus,10.3390/brainsci11111392,,2021,BRAIN SCIENCES,Manifold Feature Fusion with Dynamical Feature Selection for Cross-Subject Emotion Recognition,include-candidate,include,EEG cross-subject emotion (journal),MF-DFS manifold + GFK unsupervised DA; LOSO cross-subject; DEAP/MAHNOB/SEED; ~0.48-0.50 (realistic low),cross-subject; UDA (GFK),no,,realistic low accuracy; full text via Europe PMC (PMC8615971)
SCR-0703,WoS/Scopus,10.3390/brainsci12080987,,2022,BRAIN SCIENCES,CR-GCN: Channel-Relationships-Based Graph Convolutional Network for EEG Emotion Recognition,include-candidate,include,EEG cross-subject emotion (journal),,,,,
SCR-0704,WoS/Scopus,10.3390/brainsci13040685,,2023,BRAIN SCIENCES,Emotion Recognition from Spatio-Temporal Representation of EEG Signals via 3D-CNN with Ensemble,include-candidate,include,EEG cross-subject emotion (journal),,,,,
SCR-0705,WoS/Scopus,10.3390/brainsci13070977,,2023,BRAIN SCIENCES,Subject-Independent EEG Emotion Recognition Based on Genetically Optimized Projection Dictionar,include-candidate,include,EEG cross-subject emotion (journal),LOSOCV subject-independent (disjoint); SEED 69.89% / MPED 24.11% / GAMEEMO,subject-independent; LOSO,no,,full text via Europe PMC (PMC10377713)
SCR-0706,WoS/Scopus,10.3390/brainsci13091326,,2023,BRAIN SCIENCES,Cross-Sensory EEG Emotion Recognition with Filter Bank Riemannian Feature and Adversarial Domai,include-candidate,include,EEG cross-subject emotion (journal),,,,,
SCR-0707,WoS/Scopus,10.3390/brainsci14030271,,2024,BRAIN SCIENCES,Subject-Independent Emotion Recognition Based on EEG Frequency Band Features and Self-Adaptive ,include-candidate,include,EEG cross-subject emotion (journal),,,,,
SCR-0708,WoS,10.3390/brainsci14040344,,2024,BRAIN SCIENCES,MES-CTNet: A Novel Capsule Transformer Network Base on a Multi-Domain Feature Map for Electroen,include-candidate,include,EEG cross-subject emotion (journal),,,,,
SCR-0709,WoS/Scopus,10.3390/brainsci15060615,,2025,BRAIN SCIENCES,EEG Emotion Recognition Using AttGraph: A Multi-Dimensional Attention-Based Dynamic Graph Convo,include-candidate,include,EEG cross-subject emotion (journal),,,,,
SCR-0710,WoS/Scopus,10.3390/brainsci15111167,,2025,BRAIN SCIENCES,Objective Emotion Assessment Using a Triple Attention Network for an EEG-Based Brain-Computer I,include-candidate,include,EEG cross-subject emotion (journal),,,,,
SCR-0711,WoS,10.3390/brainsci16010041,,2025,BRAIN SCIENCES,Deep Learning-Based EEG Emotion Recognition: A Review,exclude,non-primary-study,review,,,,,
SCR-0712,WoS/Scopus,10.3390/brainsci16010084,,2026,BRAIN SCIENCES,TSCL-LwF: A Cross-Subject Emotion Recognition Model via Multi-Scale CNN and Incremental Learnin,include-candidate,include,EEG cross-subject emotion (journal),,,,,
SCR-0713,WoS/Scopus,10.3390/brainsci16020145,,2026,BRAIN SCIENCES,EEG-fNIRS Cross-Subject Emotion Recognition Based on Attention Graph Isomorphism Network and Co,include-candidate,include,EEG cross-subject emotion (journal),,,,,
SCR-0714,WoS/Scopus,10.3390/brainsci16050507,,2026,BRAIN SCIENCES,Bi-Hemispheric Adversarial Domain Adaptation Neural Network for EEG-Based Emotion Recognition,include-candidate,include,EEG cross-subject emotion (journal),,,,,
SCR-0715,WoS/Scopus,10.3390/diagnostics16010144,,2026,DIAGNOSTICS,Evaluating the Impact of Demographic Factors on Subject-Independent EEG-Based Emotion Recogniti,include-candidate,include,EEG cross-subject emotion (journal),,,,,
SCR-0716,WoS/Scopus,10.3390/e24050577,,2022,ENTROPY,Semi-Supervised Cross-Subject Emotion Recognition Based on Stacked Denoising Autoencoder Archit,include-candidate,include,EEG cross-subject emotion (journal),,,,,
SCR-0717,WoS/Scopus,10.3390/e24050705,,2022,ENTROPY,Multi-Classifier Fusion Based on MI-SFFS for Cross-Subject Emotion Recognition,include-candidate,include,EEG cross-subject emotion (journal),,,,,
SCR-0718,WoS/Scopus,10.3390/e24091281,,2022,ENTROPY,Cross-Subject Emotion Recognition Using Fused Entropy Features of EEG,include-candidate,include,EEG cross-subject emotion (journal),,,,,
SCR-0719,WoS/Scopus,10.3390/e27090986,,2025,ENTROPY,Cross-Subject EEG Emotion Recognition Using SSA-EMS Algorithm for Feature Extraction,include-candidate,include,EEG cross-subject emotion (journal),,,,,
SCR-0720,WoS/Scopus,10.3390/electronics11040651,,2022,ELECTRONICS,Cross-Day EEG-Based Emotion Recognition Using Transfer Component Analysis,include-candidate,include,EEG cross-subject emotion (journal),,,,,
SCR-0721,WoS/Scopus,10.3390/electronics12112359,,2023,ELECTRONICS,Study on Driver Cross-Subject Emotion Recognition Based on Raw Multi-Channels EEG Data,include-candidate,include,EEG cross-subject emotion (journal),driver emotion; transfer (source-target); 10-fold CV (subject split unclear),cross-subject (claimed); 10-fold,unclear,subject-mixed-kfold,10-fold CV; subject-level separation not evidenced in extracted text
SCR-0722,WoS/Scopus,10.3390/electronics14244833,,2025,ELECTRONICS,Coarse-to-Fine Open-Set Semantic Adaptation for EEG Emotion Recognition in 6G-Oriented Semantic,include-candidate,include,EEG cross-subject emotion (journal),coarse-to-fine open-set semantic DA; unlabeled target; cross-subject,cross-subject; open-set DA,no,,
SCR-0723,WoS,10.3390/electronics15101971,,2026,ELECTRONICS,Cognitive-Inspired Hierarchical Learning Framework for Cross-Dataset EEG-Based Emotion Recognit,include-candidate,include,EEG cross-subject emotion (journal),cognitive-inspired hierarchical; pretrain-finetune; cross-dataset,cross-dataset; transfer,no,,
SCR-0724,WoS,10.3390/electronics8091039,,2019,ELECTRONICS,Anxiety Level Recognition for Virtual Reality Therapy System Using Physiological Signals,unclear-needs-fulltext,unclear-needs-fulltext,anxiety via physiological; modality unclear,,,,,
SCR-0725,Scopus,10.3390/fi11050105,,2019,Future Internet,Combining facial expressions and electroencephalography to enhance emotion recognition,include-candidate,include,EEG cross-subject emotion (journal),facial + EEG; leave-one-trial-out CV (subject-dependent); pretrain+finetune; MAHNOB-HCI,subject-dependent (leave-one-trial-out),no,,protocol is subject-dependent (within-subject)
SCR-0726,WoS,10.3390/fractalfract9090585,,2025,FRACTAL AND FRACTIONAL,A Blind Few-Shot Learning for Multimodal-Biological Signals with Fractal Dimension Estimation,unclear-needs-fulltext,unclear-needs-fulltext,multimodal biological few-shot; construct unclear,,,,,
SCR-0727,WoS/Scopus,10.3390/info13110550,,2022,INFORMATION,Multimodal EEG Emotion Recognition Based on the Attention Recurrent Graph Convolutional Network,include-candidate,include,EEG cross-subject emotion (journal),multimodal attention recurrent graph + DAN; MK-MMD; source(train)-target(test),cross-subject; DA (multimodal),no,,
SCR-0728,WoS/Scopus,10.3390/info16070560,,2025,INFORMATION,CMHFE-DAN: A Transformer-Based Feature Extractor with Domain Adaptation for EEG-Based Emotion R,include-candidate,include,EEG cross-subject emotion (journal),transformer + DANN; SD + SI (LOSO); domain-invariant,subject-dependent + subject-independent (LOSO),no,,clearly distinguishes CV vs LOSO
SCR-0729,WoS/Scopus,10.3390/info17030257,,2026,INFORMATION,MCF-SCA: A Multi-Scale Spatio-Temporal Convolution and Multi-Order Gated Spatial-Channel Aggreg,include-candidate,include,EEG cross-subject emotion (journal),multi-scale conv + gated attention; SD (near-ceiling 99.5%) + cross-subject; 10-fold CV (varies by dataset); SEED/SEED-IV/DEAP/DREAMER,subject-dependent + cross-subject,no,,SD near-ceiling but labelled SD; cross-subject arm framed as unsolved
SCR-0730,WoS/Scopus,10.3390/math13010087,,2025,MATHEMATICS,EEG-RegNet: Regressive Emotion Recognition in Continuous VAD Space Using EEG Signals,include-candidate,include,EEG cross-subject emotion (journal),EEG-RegNet VAD regression; subject-independent; five-fold CV,subject-independent; 5-fold,no,,verify 5-fold is subject-grouped
SCR-0731,WoS/Scopus,10.3390/math14030474,,2026,MATHEMATICS,Multi-Database EEG Integration for Subject-Independent Emotion Recognition in Brain-Computer In,include-candidate,include,EEG cross-subject emotion (journal),multi-database integration; subject-independent,subject-independent,no,,
SCR-0732,WoS,10.3390/math14081348,,2026,MATHEMATICS,MSResBiMamba: A Deep Cascaded Architecture for EEG Signal Decoding,unclear-needs-fulltext,unclear-needs-fulltext,generic EEG signal decoding,,,,,
SCR-0733,WoS/Scopus/PubMed,10.3390/s16101558,,2016,SENSORS,ReliefF-Based EEG Sensor Selection Methods for Emotion Recognition,include-candidate,include,EEG cross-subject emotion (journal),,,,,
SCR-0734,WoS/Scopus/PubMed,10.3390/s17051014,,2017,SENSORS,"A Fast, Efficient Domain Adaptation Technique for Cross-Domain Electroencephalography(EEG)-Base",include-candidate,include,EEG cross-subject emotion (journal),,,,,
SCR-0735,WoS/Scopus/PubMed,10.3390/s19030522,,2019,SENSORS,Investigating EEG Patterns for Dual-Stimuli Induced Human Fear Emotional State,include-candidate,include,EEG cross-subject emotion (journal),,,,,
SCR-0736,WoS/Scopus/PubMed,10.3390/s20072034,,2020,SENSORS,Investigating the Use of Pretrained Convolutional Neural Network on Cross-Subject and Cross-Dat,include-candidate,include,EEG cross-subject emotion (journal),pretrained CNN; LOSO cross-subject (inductive; no target data); SEED 86.56% / DEAP 72.81%; cross-dataset SEED->DEAP 58.1%,cross-subject/cross-dataset; LOSO (inductive),no,,full text via Europe PMC (PMC7181114)
SCR-0737,WoS/Scopus/PubMed,10.3390/s20164551,,2020,SENSORS,CNN and LSTM-Based Emotion Charting Using Physiological Signals,include-candidate,include,EEG cross-subject emotion (journal),,,,,
SCR-0738,WoS/Scopus/PubMed,10.3390/s20185328,,2020,SENSORS,FusionSense: Emotion Classification Using Feature Fusion of Multimodal Data and Deep Learning i,include-candidate,include,EEG cross-subject emotion (journal),,,,,
SCR-0739,WoS/Scopus/PubMed,10.3390/s20236719,,2020,SENSORS,Interpretable Cross-Subject EEG-Based Emotion Recognition Using Channel-Wise Features†,include-candidate,include,EEG cross-subject emotion (journal),10-fold random split with SAME SUBJECT and SAME STIMULI in both train and test; near-ceiling DEAP 98.9-99.1% / SEED 99.63%,user-independent/cross-subject (claimed); 10-fold random,yes,subject-mixed-kfold,authors state same subject AND same stimuli appear in both train and test (10-fold random) despite cross-subject title; near-ceiling 98-99% = severe subject+stimulus leakage
SCR-0740,WoS/Scopus/PubMed,10.3390/s21051678,,2021,SENSORS,A Comparative Study of Window Size and Channel Arrangement on EEG-Emotion Recognition Using Dee,include-candidate,include,EEG cross-subject emotion (journal),,,,,
SCR-0741,PubMed,10.3390/s21051792,33806712,2021,,Learning Subject-Generalized Topographical EEG Embeddings Using Deep Variational  Autoencoders ,include-candidate,include,EEG cross-subject emotion (journal),,,,,
SCR-0742,WoS/Scopus,10.3390/s21103414,,2021,SENSORS,Predicting Exact Valence and Arousal Values from EEG,include-candidate,include,EEG cross-subject emotion (journal),,,,,
SCR-0743,WoS/Scopus/PubMed,10.3390/s21155135,,2021,SENSORS,Affective Computing on Machine Learning-Based Emotion Recognition Using a Self-Made EEG Device,include-candidate,include,EEG cross-subject emotion (journal),,,,,
SCR-0744,PubMed,10.3390/s22062241,35336418,2022,,An Unsupervised Deep-Transfer-Learning-Based Motor Imagery EEG Classification  Scheme for Brain,exclude,off-topic,off-topic: motor imagery,,,,,
SCR-0745,WoS/Scopus/PubMed,10.3390/s22218198,,2022,SENSORS,Graph Theoretical Analysis of EEG Functional Connectivity Patterns and Fusion with Physiologica,include-candidate,include,EEG cross-subject emotion (journal),,,,,
SCR-0746,PubMed,10.3390/s22218250,36365948,2022,,Multi-Kernel Temporal and Spatial Convolution for EEG-Based Emotion  Classification.,include-candidate,include,EEG cross-subject emotion (journal),,,,,
SCR-0747,Scopus/PubMed,10.3390/s23041917,,2023,Sensors,Emotion Classification from Multi-Band Electroencephalogram Data Using Dynamic Simplifying Grap,include-candidate,include,EEG cross-subject emotion (journal),,,,,
SCR-0748,WoS/Scopus,10.3390/s24061979,,2024,SENSORS,FC-TFS-CGRU: A Temporal-Frequency-Spatial Electroencephalography Emotion Recognition Model Base,include-candidate,include,EEG cross-subject emotion (journal),,,,,
SCR-0749,WoS/Scopus/PubMed,10.3390/s24113464,,2024,SENSORS,EEG Emotion Recognition Network Based on Attention and Spatiotemporal Convolution,include-candidate,include,EEG cross-subject emotion (journal),attention + spatiotemporal conv; SI = LOSO (14 train/1 test; 94.22%) + SD (95.26%); SEED; no target DA,subject-dependent + subject-independent (LOSO),no,,LOSO verified subject-disjoint; SEED SI 94.22% high-end for inductive; Europe PMC (PMC11174415)
SCR-0750,PubMed,10.3390/s24237690,39686227,2024,,An Empirical Model-Based Algorithm for Removing Motion-Caused Artifacts in Motor  Imagery EEG D,exclude,off-topic,off-topic: motor imagery artifact removal,,,,,
SCR-0751,WoS/PubMed,10.3390/s25051293,,2025,SENSORS,"Transformers in EEG Analysis: A Review of Architectures and Applications in Motor Imagery, Seiz",exclude,non-primary-study,review (transformers in EEG),,,,,
SCR-0752,PubMed,10.3390/s25164989,40871851,2025,,Integrating Cortical Source Reconstruction and Adversarial Learning for EEG  Classification.,unclear-needs-fulltext,unclear-needs-fulltext,cortical-source EEG classification; construct unclear,,,,,
SCR-0753,WoS/Scopus/PubMed,10.3390/s25185718,,2025,SENSORS,Attention-Based Transfer Enhancement Network for Cross-Corpus EEG Emotion Recognition,include-candidate,include,EEG cross-subject emotion (journal),,,,,
SCR-0754,WoS/Scopus/PubMed,10.3390/s25237262,,2025,SENSORS,Traditional Machine Learning Outperforms EEGNet for Consumer-Grade EEG Emotion Recognition: A C,include-candidate,include,EEG cross-subject emotion (journal),within-subject stratified 5-fold x3 seeds (subject-dependent; F1 0.945) + cross-dataset DREAMER->SEED-VII (0.619; DA); DREAMER,subject-dependent (within-subject 5-fold) + cross-dataset,no,,primary eval is within-subject not cross-subject; Europe PMC (PMC12693886)
SCR-0755,WoS/Scopus/PubMed,10.3390/s26031074,,2026,SENSORS,Decoding Non-Invasive Electroencephalography Signal via a Two-Discriminator Adversarial Network,unclear-needs-fulltext,unclear-needs-fulltext,EEG decoding adversarial; construct unclear,two-discriminator adversarial UDA; LOSO cross-subject (14 source/1 target); unlabeled target; SEED/SEED-IV,cross-subject; UDA,no,,full text confirms EMOTION recognition (was unclear at screening); Europe PMC (PMC12900132)
SCR-0756,WoS/Scopus/PubMed,10.3390/s26041133,,2026,SENSORS,Enhanced EEG Emotion Recognition Using MIMO-Based Denoising and Band-Wise Attention Graph Neura,include-candidate,include,EEG cross-subject emotion (journal),,,,,
SCR-0757,WoS/Scopus/PubMed,10.3390/s26103217,,2026,SENSORS,A Supervised Contrastive Variational Autoencoder with Probabilistic Latent Alignment for Cross-,include-candidate,include,EEG cross-subject emotion (journal),supervised contrastive VAE; LOSO cross-subject + cross-session; unlabeled target; SEED 95.01% / SEED-IV 74.94%,cross-subject/cross-session; UDA,no,,SEED 95% high but transductive; Europe PMC (PMC13210999)
SCR-0758,WoS/Scopus,10.3390/sym11050683,,2019,SYMMETRY-BASEL,Multiple Transferable Recursive Feature Elimination Technique for Emotion Recognition Based on ,include-candidate,include,EEG cross-subject emotion (journal),,,,,
SCR-0759,WoS/Scopus,10.3390/sym17111868,,2025,SYMMETRY-BASEL,Decoding Self-Imagined Emotions from EEG Signals Using Machine Learning for Affective BCI Syste,include-candidate,include,EEG cross-subject emotion (journal),,,,,
SCR-0760,WoS/Scopus,10.3390/systems10020047,,2022,SYSTEMS,Coupled Projection Transfer Metric Learning for Cross-Session Emotion Recognition from EEG,include-candidate,include,EEG cross-subject emotion (journal),,,,,
SCR-0761,WoS/Scopus,10.3390/systems10040111,,2022,SYSTEMS,Transfer EEG Emotion Recognition by Combining Semi-Supervised Regression with Bipartite Graph L,include-candidate,include,EEG cross-subject emotion (journal),,,,,
SCR-0762,WoS,10.3390/systems10060236,,2022,SYSTEMS,EEG-Based Emotion Recognition by Retargeted Semi-Supervised Regression with Robust Weights,include-candidate,include,EEG cross-subject emotion (journal),,,,,
SCR-0763,WoS/Scopus,10.34133/cbsystems.0088,,2024,CYBORG AND BIONIC SYSTEMS,Adaptive Spatial-Temporal Aware Graph Learning for EEG-Based Emotion Recognition,include-candidate,include,EEG cross-subject emotion (journal),,,,,
SCR-0764,WoS,10.3758/s13415-026-01418-0,,2026,COGNITIVE AFFECTIVE \& BEHAVIORAL NEUR,"Emotion detection unveiled: A cognitive-computational synthesis of physiological models, machin",exclude,non-primary-study,cognitive-computational synthesis/review,,,,,
SCR-0765,Scopus,10.3923/jeasci.2018.2137.2144,,2018,Journal of Engineering and Applied Sci,Empirical analysis of intra vs. Inter-subject variability in VR EEG-based emotion modelling,include-candidate,include,EEG cross-subject emotion (journal),,,,,
SCR-0766,WoS,10.3934/mbe.2023505,,2023,MATHEMATICAL BIOSCIENCES AND ENGINEERI,Semi-supervised regression with adaptive graph learning for EEG-based emotion recognition,include-candidate,include,EEG cross-subject emotion (journal),semi-supervised regression + adaptive graph (SRAGL); labeled+unlabeled; cross-session,cross-session; semi-supervised,no,,
SCR-0767,Scopus,10.3934/mbe.2024210,,2024,Mathematical Biosciences and Engineeri,Cross-subject EEG-based emotion recognition through dynamic optimization of random forest with ,include-candidate,include,EEG cross-subject emotion (journal),,,,,
SCR-0768,WoS/Scopus,10.4103/jmss.jmss\_59\_22,,2023,JOURNAL OF MEDICAL SIGNALS \& SENSORS,An emotion recognition embedded system using a lightweight deep learning model,include-candidate,include,EEG cross-subject emotion (journal),,,,,
SCR-0769,WoS/Scopus,10.4114/intartif.vol28iss75pp170-185,,2025,INTELIGENCIA ARTIFICIAL-IBEROAMERICAN ,Recurrence Quantification Analysis (RQA) Features vs. Traditional EEG Features for Alzheimer's ,exclude,off-topic,off-topic: Alzheimer's,,,,,
SCR-0770,Scopus,10.5573/ieiespc.2024.13.1.61,,2024,IEIE Transactions on Smart Processing ,Neuro-facial Fusion for Emotion AI: Improved Federated Learning GAN for Collaborative Multimoda,include-candidate,include,EEG cross-subject emotion (journal),,,,,
SCR-0771,WoS/Scopus,10.5607/en25011,,2025,EXPERIMENTAL NEUROBIOLOGY,Domain-generalized Deep Learning for Improved Subject-independent Emotion Recognition Based on ,include-candidate,include,EEG cross-subject emotion (journal),,,,,
SCR-0772,Scopus,10.56979/1002/2026/1222,,2026,Journal of Computing and Biomedical In,Synergistic Fusion of Clinical Interview EEG and Video for Depression Detection: A Cross-Modal ,exclude,off-topic,off-topic: depression detection,,,,,
SCR-0773,WoS,10.7717/peerj-cs.2065,,2024,PEERJ COMPUTER SCIENCE,"A comprehensive review of deep learning in EEG-based emotion recognition: classifications, tren",exclude,non-primary-study,comprehensive review,,,,,
SCR-0774,WoS/Scopus,10.7717/peerj-cs.2649,,2025,PEERJ COMPUTER SCIENCE,Improved BCI calibration in multimodal emotion recognition using heterogeneous adversarial tran,include-candidate,include,EEG cross-subject emotion (journal),,,,,
SCR-0775,Scopus,,,2023,Journal of the Balkan Tribological Ass,IMPROVING ACCURACY IN EMOTION CLASSIFICATION USING GAME THEORY AND MULTI-PHYSIOLOGICAL SIGNALS,unclear-needs-fulltext,unclear-needs-fulltext,multi-physiological emotion; EEG unclear,,,,,
SCR-0776,Scopus,,,2023,Journal of Theoretical and Applied Inf,A DETAILED REVIEW ON MULTI-MODALITY BASED EMOTION DETECTION WITH PHYSIOLOGICAL SIGNALS USING DE,exclude,non-primary-study,detailed review,,,,,
SCR-0777,Scopus,,,2015,International Journal of Computers and,CMAC-based computational model of affects (CCMA) from self-organizing feature mapping weights f,unclear-needs-fulltext,unclear-needs-fulltext,computational model of affect; modality unclear,,,,,
